pmid,title,journal,pubdate,query_families,keyword_domains,priority_score,candidate_status
16458889,"Artemisia annua L. (Asteraceae) trichome-specific cDNAs reveal CYP71AV1, a cytochrome P450 with a key role in the biosynthesis of the antimalarial sesquiterpene lactone artemisinin.",FEBS letters,2006 Feb 20,terpene_essential_oil;sesquiterpene_lactone;biosynthesis_genes;antiparasitic,chemistry;lactone;genomics;phenotype,5,title_priority_only
3509293,Analysis of the antimalarial sesquiterpene artemisinin in Artemisia annua by high-performance liquid chromatography (HPLC) with postcolumn derivatization and ultraviolet detection.,Pharmaceutical research,1987 Jun,terpene_essential_oil;sesquiterpene_lactone;antiparasitic,chemistry;lactone;phenotype,4,title_priority_only
11185551,"Amorpha-4,11-diene synthase of Artemisia annua: cDNA isolation and bacterial expression of a terpene synthase involved in artemisinin biosynthesis.",Archives of biochemistry and biophysics,2000 Nov 15,terpene_essential_oil;sesquiterpene_lactone;biosynthesis_genes;genomics_phylogenomics;antiparasitic;safety,chemistry;lactone;genomics,4,title_priority_only
21030913,The biosynthesis of artemisinin (Qinghaosu) and the phytochemistry of Artemisia annua L. (Qinghao).,"Molecules (Basel, Switzerland)",2010 Oct 28,terpene_essential_oil;sesquiterpene_lactone;biosynthesis_genes;antiparasitic,chemistry;lactone;genomics,4,title_priority_only
22019553,UV-B and UV-C pre-treatments induce physiological changes and artemisinin biosynthesis in Artemisia annua L. - an antimalarial plant.,"Journal of photochemistry and photobiology. B, Biology",2011 Dec 2,terpene_essential_oil;sesquiterpene_lactone;biosynthesis_genes;antiparasitic,lactone;genomics;phenotype,4,title_priority_only
20874804,Dissection of the phytohormonal regulation of trichome formation and biosynthesis of the antimalarial compound artemisinin in Artemisia annua plants.,The New phytologist,2011 Jan,terpene_essential_oil;sesquiterpene_lactone;diterpene_triterpene;biosynthesis_genes;genomics_phylogenomics;antiparasitic,lactone;genomics;phenotype,4,title_priority_only
20957501,Methyl jasmonate counteracts boron toxicity by preventing oxidative stress and regulating antioxidant enzyme activities and artemisinin biosynthesis in Artemisia annua L.,Protoplasma,2011 Jul,terpene_essential_oil;sesquiterpene_lactone;biosynthesis_genes;antiparasitic;safety,lactone;genomics;phenotype,4,title_priority_only
21710305,"Arsenic-induced changes in morphological, physiological, and biochemical attributes and artemisinin biosynthesis in Artemisia annua, an antimalarial plant.","Ecotoxicology (London, England)",2011 Nov,terpene_essential_oil;sesquiterpene_lactone;biosynthesis_genes;antiparasitic;safety,lactone;genomics;phenotype,4,title_priority_only
24367814,"Arsenic, chromium and NaCl induced artemisinin biosynthesis in Artemisia annua L.: a valuable antimalarial plant.",Ecotoxicology and environmental safety,2013 Dec,terpene_essential_oil;sesquiterpene_lactone;biosynthesis_genes;antiparasitic,lactone;genomics;phenotype,4,title_priority_only
28197158,Overexpression and Suppression of Artemisia annua 4-Hydroxy-3-Methylbut-2-enyl Diphosphate Reductase 1 Gene (AaHDR1) Differentially Regulate Artemisinin and Terpenoid Biosynthesis.,Frontiers in plant science,2017,terpene_essential_oil;sesquiterpene_lactone;biosynthesis_genes;genomics_phylogenomics;antiparasitic,chemistry;lactone;genomics,4,title_priority_only
31516509,Sesquiterpene lactones from shoot culture of Artemisia aucheri with cytotoxicity against prostate and breast cancer cells.,Research in pharmaceutical sciences,2019 Aug,sesquiterpene_lactone,chemistry;lactone;phenotype,4,title_priority_only
32932206,Exogenous abscisic acid mediates ROS homeostasis and maintains glandular trichome to enhance artemisinin biosynthesis in Artemisia annua under copper toxicity.,Plant physiology and biochemistry : PPB,2020 Nov,terpene_essential_oil;sesquiterpene_lactone;biosynthesis_genes;antiparasitic;safety,lactone;genomics;phenotype,4,title_priority_only
41391185,Comparative genomic analysis of Artemisia argyi reveals asymmetric expansion of terpene synthases and conservation of artemisinin biosynthesis.,The Plant journal : for cell and molecular biology,2025 Dec,terpene_essential_oil;sesquiterpene_lactone;biosynthesis_genes;genomics_phylogenomics;antiparasitic,chemistry;lactone;genomics,4,title_priority_only
14495608,[On sesquiterpene lactones of Artemisia leucodes Schrenk].,Meditsinskaia promyshlennost' SSSR,1961 Nov,terpene_essential_oil;sesquiterpene_lactone,chemistry;lactone,3,title_priority_only
14495607,[On a sesquiterpene lactone from Artemisia austriaca Jacq].,Meditsinskaia promyshlennost' SSSR,1962 Mar,terpene_essential_oil;sesquiterpene_lactone,chemistry;lactone,3,title_priority_only
14076644,[ON SESQUITERPENE LACTONES FROM SOME SPECIES OF ARTEMISIA].,Meditsinskaia promyshlennost' SSSR,1963 Jun,terpene_essential_oil;sesquiterpene_lactone;antiparasitic,chemistry;lactone,3,title_priority_only
6047536,Sesquiterpene lactones of artemisia species. IV. Douglanine from Artemisia douglasiana Bess.,Tetrahedron letters,1967 Jun,terpene_essential_oil;sesquiterpene_lactone,chemistry;lactone,3,title_priority_only
6043701,Sesquiterpene lactones of Artemisia species. 3. Arglanine from Artemisia douglasiana Bess.,Tetrahedron letters,1967 May,terpene_essential_oil;sesquiterpene_lactone,chemistry;lactone,3,title_priority_only
5532413,"Terpene biosynthesis. 3. Biosynthesis of (+)- and (-)-camphor in Artemisia, Salvia, and Chrysanthemum species.",Journal of the Chemical Society. Perkin transactions 1,1970,terpene_essential_oil;biosynthesis_genes,chemistry;genomics,3,title_priority_only
5529836,[Studies on sesquiterpenelactones. 3. Chemical consiitution of mature plants of Artemisia sp].,Yakugaku zasshi : Journal of the Pharmaceutical Society of Japan,1970 Sep,terpene_essential_oil,chemistry;lactone,3,title_priority_only
5556509,Allergic contact dermatitis caused by Artemisia and Chrysanthemum species. The role of sesquiterpene lactones.,The Journal of investigative dermatology,1971 Feb,terpene_essential_oil;sesquiterpene_lactone,chemistry;lactone,3,title_priority_only
4675859,[Studies on sesquiterpene lactones. 8. Chemical constitution of the ratoons of Artemisia feddei collected in Kochi Prefecture].,Yakugaku zasshi : Journal of the Pharmaceutical Society of Japan,1972 Dec,terpene_essential_oil;sesquiterpene_lactone,chemistry;lactone,3,title_priority_only
4738648,[Studies on sesquiterpenelactones. IX. Seasonal variation of chemical constitution of Artemisia feddei collected in Kochi prefecture].,Yakugaku zasshi : Journal of the Pharmaceutical Society of Japan,1973 Jun,terpene_essential_oil,chemistry;lactone,3,title_priority_only
4847771,"New monoterpenes from Artemisia filifolia (Torrey). Structure, synthesis, rearrangements, and biosynthesis.",The Journal of organic chemistry,1974 Apr 19,terpene_essential_oil;biosynthesis_genes,chemistry;genomics,3,title_priority_only
7463310,[Studies on sesquiterpenelactones. VI. Chemical constitution of Artemisia feddei Lev. et Van (author's transl)].,Yakugaku zasshi : Journal of the Pharmaceutical Society of Japan,1980 Jun,terpene_essential_oil,chemistry;lactone,3,title_priority_only
17342606,"Artemisitene, a New Sesquiterpene Lactone Endoperoxide from Artemisia annua.",Planta medica,1985 Oct,sesquiterpene_lactone;antiparasitic,chemistry;lactone,3,title_priority_only
17265316,Sesquiterpene lactones from Artemisia assoana.,Planta medica,1988 Oct,sesquiterpene_lactone,chemistry;lactone,3,title_priority_only
17226151,Flavonoids and Sesquiterpene Lactones of Artemisia mesatlantica.,Planta medica,1991 Apr,sesquiterpene_lactone,chemistry;lactone,3,title_priority_only
22556530,Anthelmintic activity of the essential oil of artemisia pallens wall.,Ancient science of life,1991 Jan,terpene_essential_oil;antiparasitic,chemistry;phenotype,3,title_priority_only
17226480,Artemisinin G: A Sesquiterpene from Artemisia annua.,Planta medica,1992 Jun,sesquiterpene_lactone,chemistry;lactone,3,title_priority_only
17226503,Sesquiterpene Lactones and Other Constituents from Artemisia feddei.,Planta medica,1992 Oct,sesquiterpene_lactone,chemistry;lactone,3,title_priority_only
8374514,"In vitro biological activities of arglabin, a sesquiterpene lactone from the Chinese herb Artemisia myriantha Wall. (Asteraceae).",Biotechnology therapeutics,1993,terpene_essential_oil;sesquiterpene_lactone;biosynthesis_genes,chemistry;lactone,3,title_priority_only
8463794,Crystal structure of artemisinic acid: a possible biogenetic precursor of antimalarial artemisinin from Artemisia annua.,Journal of natural products,1993 Feb,terpene_essential_oil;sesquiterpene_lactone;biosynthesis_genes;antiparasitic,lactone;phenotype,3,title_priority_only
17236047,"Artemisinin, Related Sesquiterpenes, and Essential Oil in Artemisia annua During a Vegetation Period in Vietnam.",Planta medica,1994 Jun,terpene_essential_oil;sesquiterpene_lactone;antiparasitic,chemistry;lactone,3,title_priority_only
8739100,Hairy root culture of Artemisia annua L. by Ri plasmid transformation and biosynthesis of artemisinin.,Chinese journal of biotechnology,1995,terpene_essential_oil;sesquiterpene_lactone;biosynthesis_genes;antiparasitic,lactone;genomics,3,title_priority_only
9369092,Artemisinin: an endoperoxidic antimalarial from Artemisia annua L.,Fortschritte der Chemie organischer Naturstoffe = Progress in the chemistry of organic natural products. Progres dans la chimie des substances organiques naturelles,1997,terpene_essential_oil;sesquiterpene_lactone;biosynthesis_genes;antiparasitic,lactone;phenotype,3,title_priority_only
17252398,Effect of plant density on the yields of artemisinin and essential oil in Artemisia annua cropped under low input cost management in North-Central India.,Planta medica,1997 Aug,terpene_essential_oil;sesquiterpene_lactone,chemistry;lactone,3,title_priority_only
10503642,Studies on dynamics of growth and biosynthesis of artemisinin in hairy roots of Artemisia annua L.,Chinese journal of biotechnology,1998,terpene_essential_oil;sesquiterpene_lactone;biosynthesis_genes;antiparasitic,lactone;genomics,3,title_priority_only
9745767,Lignans and sesquiterpene lactones from Artemisia sieversiana and Inula racemosa.,Phytochemistry,1998 Sep,terpene_essential_oil;sesquiterpene_lactone,chemistry;lactone,3,title_priority_only
17260242,Production of Artemisinin and Related Sesquiterpenes in Japanese Artemisia annua During a Vegetation Period.,Planta medica,1999 Feb,sesquiterpene_lactone,chemistry;lactone,3,title_priority_only
10096851,Isolation and identification of dihydroartemisinic acid from artemisia annua and its possible role in the biosynthesis of artemisinin.,Journal of natural products,1999 Mar,sesquiterpene_lactone;biosynthesis_genes,lactone;genomics,3,title_priority_only
10705736,Seasonal variation of artemisinin and its biosynthetic precursors in plants of Artemisia annua of different geographical origin: proof for the existence of chemotypes.,Planta medica,2000 Feb,terpene_essential_oil;sesquiterpene_lactone;antiparasitic,chemistry;lactone,3,title_priority_only
11032404,"Molecular cloning, expression, and characterization of amorpha-4,11-diene synthase, a key enzyme of artemisinin biosynthesis in Artemisia annua L.",Archives of biochemistry and biophysics,2000 Sep 15,terpene_essential_oil;sesquiterpene_lactone;biosynthesis_genes;genomics_phylogenomics;antiparasitic,lactone;genomics,3,title_priority_only
12094294,Antiulcerogenic activity of some sesquiterpene lactones isolated from Artemisia annua.,Planta medica,2002 Jun,terpene_essential_oil;sesquiterpene_lactone;diterpene_triterpene;antiparasitic,chemistry;lactone,3,title_priority_only
12391550,"Synergistic induction of 1,25-dihydroxyvitamin D(3)- and all-trans-retinoic acid-induced differentiation of HL-60 leukemia cells by yomogin, a sesquiterpene lactone from Artemisia princeps.",Planta medica,2002 Oct,terpene_essential_oil;sesquiterpene_lactone;diterpene_triterpene,chemistry;lactone,3,title_priority_only
15095151,Studies on the effects of fpf1 gene on Artemisia annua flowering time and on the linkage between flowering and artemisinin biosynthesis.,Planta medica,2004 Apr,terpene_essential_oil;sesquiterpene_lactone;biosynthesis_genes;genomics_phylogenomics;antiparasitic,lactone;genomics,3,title_priority_only
15497944,Polyol monoterpenes and sesquiterpene lactones from the Pacific Northwest plant Artemisia suksdorfii.,Journal of natural products,2004 Oct,terpene_essential_oil;sesquiterpene_lactone,chemistry;lactone,3,title_priority_only
15554256,A new sesquiterpene lactone from Artemisia rubripes nakai.,Archives of pharmacal research,2004 Oct,terpene_essential_oil;sesquiterpene_lactone,chemistry;lactone,3,title_priority_only
15381410,"Biosynthesis of the irregular monoterpene artemisia ketone, the sesquiterpene germacrene D and other isoprenoids in Tanacetum vulgare L. (Asteraceae).",Phytochemistry,2004 Sep,terpene_essential_oil;diterpene_triterpene;biosynthesis_genes;safety,chemistry;genomics,3,title_priority_only
15678372,Identification of intermediates and enzymes involved in the early steps of artemisinin biosynthesis in Artemisia annua.,Planta medica,2005 Jan,terpene_essential_oil;sesquiterpene_lactone;biosynthesis_genes;antiparasitic,lactone;genomics,3,title_priority_only
16719805,"From artemisinin to new artemisinin antimalarials: biosynthesis, extraction, old and new derivatives, stereochemistry and medicinal chemistry requirements.",Current topics in medicinal chemistry,2006,terpene_essential_oil;sesquiterpene_lactone;biosynthesis_genes;antiparasitic,lactone;genomics;phenotype,3,title_priority_only
17628838,Artemisinin and sesquiterpene precursors in dead and green leaves of Artemisia annua L. crops.,Planta medica,2007 Aug,terpene_essential_oil;sesquiterpene_lactone;biosynthesis_genes;antiparasitic,chemistry;lactone,3,title_priority_only
17099845,Earlier flowering induced by over-expression of CO gene does not accompany increase of artemisinin biosynthesis in Artemisia annua.,"Plant biology (Stuttgart, Germany)",2007 May,terpene_essential_oil;sesquiterpene_lactone;biosynthesis_genes;genomics_phylogenomics;antiparasitic,lactone;genomics,3,title_priority_only
18257222,[Advances in sesquiterpene synthases cyclases of Artemisia annua].,Sheng wu gong cheng xue bao = Chinese journal of biotechnology,2007 Nov,terpene_essential_oil;sesquiterpene_lactone;biosynthesis_genes;antiparasitic,chemistry;genomics,3,title_priority_only
18495659,The molecular cloning of artemisinic aldehyde Delta11(13) reductase and its role in glandular trichome-dependent biosynthesis of artemisinin in Artemisia annua.,The Journal of biological chemistry,2008 Aug 1,terpene_essential_oil;sesquiterpene_lactone;biosynthesis_genes;genomics_phylogenomics;antiparasitic,lactone;genomics,3,title_priority_only
19007951,Sesquiterpene lactones from the endemic Cape Verdean Artemisia gorgonum.,Phytochemistry,2008 Dec,terpene_essential_oil;sesquiterpene_lactone;biosynthesis_genes,chemistry;lactone,3,title_priority_only
18191938,Toxicity of artemisinin [Artemisia annua L.] in two different periods of pregnancy in Wistar rats.,"Reproductive toxicology (Elmsford, N.Y.)",2008 Feb,terpene_essential_oil;sesquiterpene_lactone;antiparasitic;safety,lactone;phenotype,3,title_priority_only
19548188,Secondary metabolic profiling and artemisinin biosynthesis of two genotypes of Artemisia annua.,Planta medica,2009 Dec,terpene_essential_oil;sesquiterpene_lactone;biosynthesis_genes;antiparasitic,lactone;genomics,3,title_priority_only
19880398,"Isolation and characterization of AaWRKY1, an Artemisia annua transcription factor that regulates the amorpha-4,11-diene synthase gene, a key gene of artemisinin biosynthesis.",Plant & cell physiology,2009 Dec,terpene_essential_oil;sesquiterpene_lactone;biosynthesis_genes;genomics_phylogenomics;antiparasitic,lactone;genomics,3,title_priority_only
19521701,Salicylic acid activates artemisinin biosynthesis in Artemisia annua L.,Plant cell reports,2009 Jul,terpene_essential_oil;sesquiterpene_lactone;biosynthesis_genes;genomics_phylogenomics;antiparasitic,lactone;genomics,3,title_priority_only
19664791,Localization of enzymes of artemisinin biosynthesis to the apical cells of glandular secretory trichomes of Artemisia annua L.,Phytochemistry,2009 Jun,terpene_essential_oil;sesquiterpene_lactone;biosynthesis_genes;antiparasitic,lactone;genomics,3,title_priority_only
19053512,"Genepolide, a sesterpene gamma-lactone with a novel carbon skeleton from mountain wormwood (Artemisia umbelliformis).",Journal of natural products,2009 Mar 27,terpene_essential_oil;sesquiterpene_lactone;safety,chemistry;lactone,3,title_priority_only
19551613,Overexpression of the HMG-CoA reductase gene leads to enhanced artemisinin biosynthesis in transgenic Artemisia annua plants.,Planta medica,2009 Oct,terpene_essential_oil;sesquiterpene_lactone;biosynthesis_genes;genomics_phylogenomics;antiparasitic,lactone;genomics,3,title_priority_only
20819704,[Genetic and breeding of Artemisia annua L. for a sustainable production of the antimalarial drug artemisinin].,Medecine sciences : M/S,2010 Aug-Sep,terpene_essential_oil;sesquiterpene_lactone;genomics_phylogenomics;antiparasitic,lactone;phenotype,3,title_priority_only
20233108,Sesquiterpene lactone fraction from Artemisia khorassanica inhibits inducible nitric oxide synthase and cyclooxygenase-2 expression through the inactivation of NF-κB.,Immunopharmacology and immunotoxicology,2010 Dec,terpene_essential_oil;sesquiterpene_lactone;biosynthesis_genes,chemistry;lactone,3,title_priority_only
21299136,Caryophyllene oxide-rich essential oils of Lithuanian Artemisia campestris ssp. campestris and their toxicity.,Natural product communications,2010 Dec,terpene_essential_oil;safety,chemistry;phenotype,3,title_priority_only
19932496,Artemisinin biosynthesis in growing plants of Artemisia annua. A 13CO2 study.,Phytochemistry,2010 Feb,terpene_essential_oil;sesquiterpene_lactone;biosynthesis_genes;antiparasitic,lactone;genomics,3,title_priority_only
20000780,Dimeric guaianolides and sesquiterpenoids from Artemisia anomala.,Journal of natural products,2010 Jan,terpene_essential_oil;sesquiterpene_lactone,chemistry;lactone,3,title_priority_only
20075252,The genetic map of Artemisia annua L. identifies loci affecting yield of the antimalarial drug artemisinin.,"Science (New York, N.Y.)",2010 Jan 15,terpene_essential_oil;sesquiterpene_lactone;biosynthesis_genes;genomics_phylogenomics;antiparasitic,lactone;phenotype,3,title_priority_only
19941257,Senescent leaves of Artemisia annua are one of the most active organs for overexpression of artemisinin biosynthesis responsible genes upon burst of singlet oxygen.,Planta medica,2010 May,terpene_essential_oil;sesquiterpene_lactone;biosynthesis_genes;antiparasitic,lactone;genomics,3,title_priority_only
20486073,The molecular cloning of dihydroartemisinic aldehyde reductase and its implication in artemisinin biosynthesis in Artemisia annua.,Planta medica,2010 Oct,terpene_essential_oil;sesquiterpene_lactone;biosynthesis_genes;genomics_phylogenomics;antiparasitic,lactone;genomics,3,title_priority_only
20886883,"Analysis of sesquiterpene lactones, lignans, and flavonoids in wormwood (Artemisia absinthium L.) using high-performance liquid chromatography (HPLC)-mass spectrometry, reversed phase HPLC, and HPLC-solid phase extraction-nuclear magnetic resonance.",Journal of agricultural and food chemistry,2010 Oct 27,terpene_essential_oil;sesquiterpene_lactone,chemistry;lactone,3,title_priority_only
22029227,"Sesquiterpene lactone, a potent drug molecule from Artemisia pallens wall with anti-inflammatory activity.",Arzneimittel-Forschung,2011,terpene_essential_oil;sesquiterpene_lactone;diterpene_triterpene,chemistry;lactone,3,title_priority_only
21480507,In vitro evaluation of antileishmanial activity and toxicity of essential oils of Artemisia absinthium and Echinops kebericho.,Chemistry & biodiversity,2011 Apr,terpene_essential_oil;sesquiterpene_lactone;antiparasitic;safety,chemistry;phenotype,3,title_priority_only
21666770,Trichomes + roots + ROS = artemisinin: regulating artemisinin biosynthesis in Artemisia annua L.,In vitro cellular & developmental biology. Plant : journal of the Tissue Culture Association,2011 Jun,sesquiterpene_lactone;biosynthesis_genes,lactone;genomics,3,title_priority_only
21184232,Metabolic engineering of artemisinin biosynthesis in Artemisia annua L.,Plant cell reports,2011 May,terpene_essential_oil;sesquiterpene_lactone;biosynthesis_genes;antiparasitic,lactone;genomics,3,title_priority_only
21509717,Artemisinin biosynthesis enhancement in transgenic Artemisia annua plants by downregulation of the β-caryophyllene synthase gene.,Planta medica,2011 Oct,terpene_essential_oil;sesquiterpene_lactone;biosynthesis_genes;antiparasitic,lactone;genomics,3,title_priority_only
21614500,Characterization of development and artemisinin biosynthesis in self-pollinated Artemisia annua plants.,Planta,2011 Oct,terpene_essential_oil;sesquiterpene_lactone;biosynthesis_genes;antiparasitic,lactone;genomics,3,title_priority_only
22076766,Effects of vegetative and flowering stages on the biosynthesis of artemisinin in Artemisia species.,Archives of pharmacal research,2011 Oct,terpene_essential_oil;sesquiterpene_lactone;biosynthesis_genes;antiparasitic,lactone;genomics,3,title_priority_only
21762766,Actions of Artemisia vulgaris extracts and isolated sesquiterpene lactones against receptors mediating contraction of guinea pig ileum and trachea.,Journal of ethnopharmacology,2011 Sep 1,terpene_essential_oil;sesquiterpene_lactone;biosynthesis_genes,chemistry;lactone,3,title_priority_only
22393777,Cloning and characterization of trichome-specific promoter of cpr71av1 gene involved in artemisinin biosynthesis in Artemisia annua L.,Molekuliarnaia biologiia,2011 Sep-Oct,terpene_essential_oil;sesquiterpene_lactone;biosynthesis_genes;genomics_phylogenomics;antiparasitic,lactone;genomics,3,title_priority_only
22315701,Antimalarial Effects of Iranian Flora Artemisia sieberi on Plasmodium berghei In Vivo in Mice and Phytochemistry Analysis of Its Herbal Extracts.,Malaria research and treatment,2012,antiparasitic;safety,chemistry;phenotype,3,title_priority_only
22565787,Functional expression and characterization of sesquiterpene synthases from Artemisia annua L. using transient expression system in Nicotiana benthamiana.,Plant cell reports,2012 Jul,terpene_essential_oil;sesquiterpene_lactone;biosynthesis_genes,chemistry;genomics,3,title_priority_only
22104293,The jasmonate-responsive AP2/ERF transcription factors AaERF1 and AaERF2 positively regulate artemisinin biosynthesis in Artemisia annua L.,Molecular plant,2012 Mar,terpene_essential_oil;sesquiterpene_lactone;biosynthesis_genes;genomics_phylogenomics;antiparasitic,lactone;genomics,3,title_priority_only
22803354,[Relative expression of genes involved in artemisinin biosynthesis and artemisinin accumulation in different tissues of Artemisia annua].,Zhongguo Zhong yao za zhi = Zhongguo zhongyao zazhi = China journal of Chinese materia medica,2012 May,terpene_essential_oil;sesquiterpene_lactone;biosynthesis_genes;antiparasitic,lactone;genomics,3,title_priority_only
22986092,First-time comparison of the in vitro antimalarial activity of Artemisia annua herbal tea and artemisinin.,Transactions of the Royal Society of Tropical Medicine and Hygiene,2012 Nov,terpene_essential_oil;sesquiterpene_lactone;antiparasitic,lactone;phenotype,3,title_priority_only
23148700,Facile preparation of bioactive seco-guaianolides and guaianolides from Artemisia gorgonum and evaluation of their phytotoxicity.,Journal of natural products,2012 Nov 26,terpene_essential_oil;sesquiterpene_lactone,lactone;phenotype,3,title_priority_only
24278301,Studies on the expression of sesquiterpene synthases using promoter-β-glucuronidase fusions in transgenic Artemisia annua L.,PloS one,2013,terpene_essential_oil;sesquiterpene_lactone;biosynthesis_genes;genomics_phylogenomics,chemistry;genomics,3,title_priority_only
23161198,"Trichome-specific expression of the amorpha-4,11-diene 12-hydroxylase (cyp71av1) gene, encoding a key enzyme of artemisinin biosynthesis in Artemisia annua, as reported by a promoter-GUS fusion.",Plant molecular biology,2013 Jan,terpene_essential_oil;sesquiterpene_lactone;biosynthesis_genes;genomics_phylogenomics;antiparasitic,lactone;genomics,3,title_priority_only
24459478,Chemical composition and general toxicity of essential oils extracted from the aerial parts of Artemisia armeniaca Lam. and A. incana (L.) Druce growing in Iran.,Research in pharmaceutical sciences,2013 Jan,terpene_essential_oil;safety,chemistry;phenotype,3,title_priority_only
23262266,NO inhibitory guaianolide-derived terpenoids from Artemisia argyi.,Fitoterapia,2013 Mar,terpene_essential_oil;sesquiterpene_lactone,chemistry;lactone,3,title_priority_only
23438177,Rational engineering of plasticity residues of sesquiterpene synthases from Artemisia annua: product specificity and catalytic efficiency.,The Biochemical journal,2013 May 1,terpene_essential_oil;sesquiterpene_lactone;biosynthesis_genes;antiparasitic,chemistry;genomics,3,title_priority_only
25050264,Investigating contact toxicity of Geranium and Artemisia essential oils on Bemisia tabaci Gen.,Avicenna journal of phytomedicine,2013 Spring,terpene_essential_oil;safety,chemistry;phenotype,3,title_priority_only
24642483,Overexpression of allene oxide cyclase improves the biosynthesis of artemisinin in Artemisia annua L.,PloS one,2014,terpene_essential_oil;sesquiterpene_lactone;biosynthesis_genes;antiparasitic,lactone;genomics,3,title_priority_only
25136654,Inducing effect of dihydroartemisinic acid in the biosynthesis of artemisinins with cultured cells of Artemisia annua by enhancing the expression of genes.,TheScientificWorldJournal,2014,terpene_essential_oil;sesquiterpene_lactone;biosynthesis_genes;antiparasitic,lactone;genomics,3,title_priority_only
25065946,Artemisia annua L.: evidence of sesquiterpene lactones' fraction antinociceptive activity.,BMC complementary and alternative medicine,2014 Jul 28,terpene_essential_oil;sesquiterpene_lactone;antiparasitic,chemistry;lactone,3,title_priority_only
25002129,In vitro cytotoxicity of Artemisia vulgaris L. essential oil is mediated by a mitochondria-dependent apoptosis in HL-60 leukemic cell line.,BMC complementary and alternative medicine,2014 Jul 7,terpene_essential_oil;biosynthesis_genes;safety,chemistry;phenotype,3,title_priority_only
24629804,Effects of overexpression of AaWRKY1 on artemisinin biosynthesis in transgenic Artemisia annua plants.,Phytochemistry,2014 Jun,terpene_essential_oil;sesquiterpene_lactone;biosynthesis_genes;genomics_phylogenomics;antiparasitic,lactone;genomics,3,title_priority_only
24802864,Anthelmintic activity of Artemisia annua L. extracts in vitro and the effect of an aqueous extract and artemisinin in sheep naturally infected with gastrointestinal nematodes.,Parasitology research,2014 Jun,sesquiterpene_lactone;antiparasitic,lactone;phenotype,3,title_priority_only
25194528,Transcriptome responses involved in artemisinin production in Artemisia annua L. under UV-B radiation.,"Journal of photochemistry and photobiology. B, Biology",2014 Nov,terpene_essential_oil;sesquiterpene_lactone;biosynthesis_genes;genomics_phylogenomics;antiparasitic,lactone;genomics,3,title_priority_only
24969234,"Cloning and characterization of AabHLH1, a bHLH transcription factor that positively regulates artemisinin biosynthesis in Artemisia annua.",Plant & cell physiology,2014 Sep,terpene_essential_oil;sesquiterpene_lactone;biosynthesis_genes;genomics_phylogenomics;antiparasitic,lactone;genomics,3,title_priority_only
25518337,[Enhancement of artemisinin biosynthesis in transgenic Artemisia annua L. by overexpressed HDR and ADS genes].,Yao xue xue bao = Acta pharmaceutica Sinica,2014 Sep,terpene_essential_oil;sesquiterpene_lactone;biosynthesis_genes;genomics_phylogenomics;antiparasitic,lactone;genomics,3,title_priority_only
25735374,Anti-cancer properties of a sesquiterpene lactone-bearing fraction from Artemisia khorassanica.,Asian Pacific journal of cancer prevention : APJCP,2015,terpene_essential_oil;sesquiterpene_lactone;biosynthesis_genes;safety,chemistry;lactone,3,title_priority_only
26495156,Sesquiterpene Lactones from Artemisia Genus: Biological Activities and Methods of Analysis.,Journal of analytical methods in chemistry,2015,sesquiterpene_lactone;antiparasitic,chemistry;lactone,3,title_priority_only
25576188,OSC2 and CYP716A14v2 catalyze the biosynthesis of triterpenoids for the cuticle of aerial organs of Artemisia annua.,The Plant cell,2015 Jan,terpene_essential_oil;sesquiterpene_lactone;diterpene_triterpene;biosynthesis_genes;genomics_phylogenomics;antiparasitic,chemistry;genomics,3,title_priority_only
25578280,"A basic leucine zipper transcription factor, AabZIP1, connects abscisic acid signaling with artemisinin biosynthesis in Artemisia annua.",Molecular plant,2015 Jan,terpene_essential_oil;sesquiterpene_lactone;biosynthesis_genes;genomics_phylogenomics;antiparasitic,lactone;genomics,3,title_priority_only
25040292,Overexpression of artemisinic aldehyde Δ11 (13) reductase gene-enhanced artemisinin and its relative metabolite biosynthesis in transgenic Artemisia annua L.,Biotechnology and applied biochemistry,2015 Jan-Feb,terpene_essential_oil;sesquiterpene_lactone;biosynthesis_genes;genomics_phylogenomics;antiparasitic,lactone;genomics,3,title_priority_only
25366131,Arbuscular mycorrhiza increase artemisinin accumulation in Artemisia annua by higher expression of key biosynthesis genes via enhanced jasmonic acid levels.,Mycorrhiza,2015 Jul,terpene_essential_oil;sesquiterpene_lactone;biosynthesis_genes;antiparasitic,lactone;genomics,3,title_priority_only
25616735,The activity of the artemisinic aldehyde Δ11(13) reductase promoter is important for artemisinin yield in different chemotypes of Artemisia annua L.,Plant molecular biology,2015 Jul,terpene_essential_oil;sesquiterpene_lactone;biosynthesis_genes;genomics_phylogenomics;antiparasitic,chemistry;lactone,3,title_priority_only
25999119,Erratum to: The activity of the artemisinic aldehyde Δ11(13) reductase promoter is important for artemisinin yield in different chemotypes of Artemisia annua L.,Plant molecular biology,2015 Jul,terpene_essential_oil;sesquiterpene_lactone,chemistry;lactone,3,title_priority_only
26156581,Proteomic analysis of Artemisia annua--towards elucidating the biosynthetic pathways of the antimalarial pro-drug artemisinin.,BMC plant biology,2015 Jul 9,terpene_essential_oil;sesquiterpene_lactone;biosynthesis_genes;genomics_phylogenomics;antiparasitic,lactone;phenotype,3,title_priority_only
25020192,In vitro immunomodulatory properties of a sesquiterpene lactone-bearing fraction from Artemisia khorassanica.,Journal of immunotoxicology,2015 Jul-Sep,terpene_essential_oil;sesquiterpene_lactone;biosynthesis_genes,chemistry;lactone,3,title_priority_only
25956697,"Induction of human leukemia cell differentiation via PKC/MAPK pathways by arsantin, a sesquiterpene lactone from Artemisia santolina.",Archives of pharmacal research,2015 Nov,terpene_essential_oil;sesquiterpene_lactone;diterpene_triterpene;biosynthesis_genes,chemistry;lactone,3,title_priority_only
26192869,A Genome-Wide Scenario of Terpene Pathways in Self-pollinated Artemisia annua.,Molecular plant,2015 Nov 2,terpene_essential_oil;sesquiterpene_lactone;diterpene_triterpene;biosynthesis_genes;genomics_phylogenomics;antiparasitic,chemistry;genomics,3,title_priority_only
26425275,Protective effects of Artemisia arborescens essential oil on oestroprogestative treatment induced hepatotoxicity.,Nutrition research and practice,2015 Oct,terpene_essential_oil,chemistry;phenotype,3,title_priority_only
25870149,TRICHOME AND ARTEMISININ REGULATOR 1 Is Required for Trichome Development and Artemisinin Biosynthesis in Artemisia annua.,Molecular plant,2015 Sep,terpene_essential_oil;sesquiterpene_lactone;biosynthesis_genes;genomics_phylogenomics;antiparasitic,lactone;genomics,3,title_priority_only
27242840,Isolation and Characterization of Three New Monoterpene Synthases from Artemisia annua.,Frontiers in plant science,2016,sesquiterpene_lactone;biosynthesis_genes;genomics_phylogenomics,chemistry;genomics,3,title_priority_only
27980595,Flavonoids and Sesquiterpene Lactones from Artemisia absinthium and Tanacetum parthenium against Schistosoma mansoni Worms.,Evidence-based complementary and alternative medicine : eCAM,2016,sesquiterpene_lactone;antiparasitic,chemistry;lactone,3,title_priority_only
30263465,Sesquiterpene lactones and scopoletins from Artemisia scoparia Waldst. & Kit. and their angiotensin I-converting enzyme inhibitory activities.,Food science and biotechnology,2016,sesquiterpene_lactone,chemistry;lactone,3,title_priority_only
27930305,Artemisia annua mutant impaired in artemisinin synthesis demonstrates importance of nonenzymatic conversion in terpenoid metabolism.,Proceedings of the National Academy of Sciences of the United States of America,2016 Dec 27,terpene_essential_oil;sesquiterpene_lactone;biosynthesis_genes;antiparasitic;safety,chemistry;lactone,3,title_priority_only
26864531,The jasmonate-responsive AaMYC2 transcription factor positively regulates artemisinin biosynthesis in Artemisia annua.,The New phytologist,2016 Jun,terpene_essential_oil;sesquiterpene_lactone;diterpene_triterpene;biosynthesis_genes;genomics_phylogenomics;antiparasitic,lactone;genomics,3,title_priority_only
26995295,Promoting Artemisinin Biosynthesis in Artemisia annua Plants by Substrate Channeling.,Molecular plant,2016 Jun 6,terpene_essential_oil;sesquiterpene_lactone;biosynthesis_genes;antiparasitic,lactone;genomics,3,title_priority_only
27220407,RNAi down-regulation of cinnamate-4-hydroxylase increases artemisinin biosynthesis in Artemisia annua.,Scientific reports,2016 May 25,terpene_essential_oil;sesquiterpene_lactone;biosynthesis_genes;antiparasitic,lactone;genomics,3,title_priority_only
26340706,T-shaped trichome-specific expression of monoterpene synthase ADH2 using promoter-β-GUS fusion in transgenic Artemisia annua L.,Biotechnology and applied biochemistry,2016 Nov,terpene_essential_oil;sesquiterpene_lactone;biosynthesis_genes;genomics_phylogenomics,chemistry;genomics,3,title_priority_only
28642777,Transcriptome Analysis of Genes Associated with the Artemisinin Biosynthesis by Jasmonic Acid Treatment under the Light in Artemisia annua.,Frontiers in plant science,2017,sesquiterpene_lactone;biosynthesis_genes;genomics_phylogenomics,lactone;genomics,3,title_priority_only
30263682,Antiviral activities of Artemisia princeps var. orientalis essential oil and its α-thujone against norovirus surrogates.,Food science and biotechnology,2017,terpene_essential_oil;safety,chemistry;phenotype,3,title_priority_only
28001315,GLANDULAR TRICHOME-SPECIFIC WRKY 1 promotes artemisinin biosynthesis in Artemisia annua.,The New phytologist,2017 Apr,terpene_essential_oil;sesquiterpene_lactone;diterpene_triterpene;biosynthesis_genes;genomics_phylogenomics;antiparasitic,lactone;genomics,3,title_priority_only
27263081,Prolonged exposure to salt stress affects specialized metabolites-artemisinin and essential oil accumulation in Artemisia annua L.: metabolic acclimation in preferential favour of enhanced terpenoid accumulation accompanying vegetative to reproductive phase transition.,Protoplasma,2017 Jan,terpene_essential_oil;sesquiterpene_lactone;biosynthesis_genes;antiparasitic,chemistry;lactone,3,title_priority_only
28945019,[Molecular mechanism of artemisinin biosynthesis and regulation in Artemisia annua].,Zhongguo Zhong yao za zhi = Zhongguo zhongyao zazhi = China journal of Chinese materia medica,2017 Jan,terpene_essential_oil;sesquiterpene_lactone;biosynthesis_genes;antiparasitic,lactone;genomics,3,title_priority_only
28061778,"Sesquiterpene lactone! a promising antioxidant, anticancer and moderate antinociceptive agent from Artemisia macrocephala jacquem.",BMC complementary and alternative medicine,2017 Jan 7,terpene_essential_oil;sesquiterpene_lactone,chemistry;lactone,3,title_priority_only
28472675,"Toxic essential oils. Part V: Behaviour modulating and toxic properties of thujones and thujone-containing essential oils of Salvia officinalis L., Artemisia absinthium L., Thuja occidentalis L. and Tanacetum vulgare L.",Food and chemical toxicology : an international journal published for the British Industrial Biological Research Association,2017 Jul,terpene_essential_oil;safety,chemistry;phenotype,3,title_priority_only
28635610,"Chemical components, antioxidant potential and hepatoprotective effects of Artemisia campestris essential oil against deltamethrin-induced genotoxicity and oxidative damage in rats.",General physiology and biophysics,2017 Jul,terpene_essential_oil;biosynthesis_genes;safety,chemistry;phenotype,3,title_priority_only
28378196,"Eco-friendly control of the poultry red mite, Dermanyssus gallinae (Dermanyssidae), using the α-thujone-rich essential oil of Artemisia sieberi (Asteraceae): toxic and repellent potential.",Parasitology research,2017 May,terpene_essential_oil;safety,chemistry;phenotype,3,title_priority_only
28361549,Antimicrobial sesquiterpene lactones from Artemisia sieberi.,Journal of Asian natural products research,2017 Nov,terpene_essential_oil;sesquiterpene_lactone,chemistry;lactone,3,title_priority_only
29675029,AaEIN3 Mediates the Downregulation of Artemisinin Biosynthesis by Ethylene Signaling Through Promoting Leaf Senescence in Artemisia annua.,Frontiers in plant science,2018,sesquiterpene_lactone;biosynthesis_genes;genomics_phylogenomics,lactone;genomics,3,title_priority_only
29868094,Detailed Phytochemical Analysis of High- and Low Artemisinin-Producing Chemotypes of Artemisia annua.,Frontiers in plant science,2018,terpene_essential_oil;sesquiterpene_lactone;biosynthesis_genes;genomics_phylogenomics,chemistry;lactone,3,title_priority_only
29971081,Overexpression of Artemisia annua Cinnamyl Alcohol Dehydrogenase Increases Lignin and Coumarin and Reduces Artemisinin and Other Sesquiterpenes.,Frontiers in plant science,2018,sesquiterpene_lactone;biosynthesis_genes,chemistry;lactone,3,title_priority_only
30154807,Seasonal and Differential Sesquiterpene Accumulation in Artemisia annua Suggest Selection Based on Both Artemisinin and Dihydroartemisinic Acid may Increase Artemisinin in planta.,Frontiers in plant science,2018,terpene_essential_oil;sesquiterpene_lactone,chemistry;lactone,3,title_priority_only
30546379,"AaABF3, an Abscisic Acid-Responsive Transcription Factor, Positively Regulates Artemisinin Biosynthesis in Artemisia annua.",Frontiers in plant science,2018,sesquiterpene_lactone;biosynthesis_genes,lactone;genomics,3,title_priority_only
30814896,"Assessment of Iranian endemic Artemisia khorassanica: karyological, genome size, and gene expressions involved in artemisinin production.",Turkish journal of biology = Turk biyoloji dergisi,2018,sesquiterpene_lactone;biosynthesis_genes;genomics_phylogenomics,lactone;genomics,3,title_priority_only
29643397,De novo assembly and analysis of the Artemisia argyi transcriptome and identification of genes involved in terpenoid biosynthesis.,Scientific reports,2018 Apr 11,terpene_essential_oil;biosynthesis_genes;genomics_phylogenomics,chemistry;genomics,3,title_priority_only
28942674,Two new guaiane sesquiterpene lactones from the aerial parts of Artemisia vulgaris.,Journal of Asian natural products research,2018 Aug,terpene_essential_oil;sesquiterpene_lactone,chemistry;lactone,3,title_priority_only
31819713,"Identification and characterization of a novel sesquiterpene synthase, 4-amorphen-11-ol synthase, from Artemisia maritima.","Plant biotechnology (Tokyo, Japan)",2018 Jun 25,sesquiterpene_lactone;biosynthesis_genes;antiparasitic,chemistry;genomics,3,title_priority_only
29703587,The Genome of Artemisia annua Provides Insight into the Evolution of Asteraceae Family and Artemisinin Biosynthesis.,Molecular plant,2018 Jun 4,terpene_essential_oil;sesquiterpene_lactone;biosynthesis_genes;genomics_phylogenomics;antiparasitic,lactone;genomics,3,title_priority_only
29542280,Sesquiterpene Lactones with COX-2 Inhibition Activity from Artemisia lavandulaefolia.,Chemistry & biodiversity,2018 May,terpene_essential_oil;sesquiterpene_lactone;biosynthesis_genes,chemistry;lactone,3,title_priority_only
30627665,Jasmonate promotes artemisinin biosynthesis by activating the TCP14-ORA complex in Artemisia annua.,Science advances,2018 Nov,terpene_essential_oil;sesquiterpene_lactone;biosynthesis_genes;antiparasitic,lactone;genomics,3,title_priority_only
30389026,Chemical analyses and anthelmintic effects of Artemisia campestris essential oil.,Veterinary parasitology,2018 Nov 15,terpene_essential_oil;antiparasitic,chemistry;phenotype,3,title_priority_only
30486546,[Mechanism of high temperature promoting artemisinin biosynthesis in Artemisia annua].,Zhongguo Zhong yao za zhi = Zhongguo zhongyao zazhi = China journal of Chinese materia medica,2018 Oct,terpene_essential_oil;sesquiterpene_lactone;biosynthesis_genes;genomics_phylogenomics;antiparasitic,lactone;genomics,3,title_priority_only
30075222,Sesquiterpene lactone from Artemisia argyi induces gastric carcinoma cell apoptosis via activating NADPH oxidase/reactive oxygen species/mitochondrial pathway.,European journal of pharmacology,2018 Oct 15,terpene_essential_oil;sesquiterpene_lactone;biosynthesis_genes,chemistry;lactone,3,title_priority_only
29982168,Deciphering transcriptome profiles of tetraploid Artemisia annua plants with high artemisinin content.,Plant physiology and biochemistry : PPB,2018 Sep,terpene_essential_oil;sesquiterpene_lactone;biosynthesis_genes;genomics_phylogenomics;antiparasitic,lactone;genomics,3,title_priority_only
31024586,The SPB-Box Transcription Factor AaSPL2 Positively Regulates Artemisinin Biosynthesis in Artemisia annua L.,Frontiers in plant science,2019,sesquiterpene_lactone;biosynthesis_genes,lactone;genomics,3,title_priority_only
31552076,The YABBY Family Transcription Factor AaYABBY5 Directly Targets Cytochrome P450 Monooxygenase (CYP71AV1) and Double-Bond Reductase 2 (DBR2) Involved in Artemisinin Biosynthesis in Artemisia Annua.,Frontiers in plant science,2019,sesquiterpene_lactone;biosynthesis_genes;antiparasitic,lactone;genomics,3,title_priority_only
31787989,The Transcription Factor Aabzip9 Positively Regulates the Biosynthesis of Artemisinin in Artemisia annua.,Frontiers in plant science,2019,sesquiterpene_lactone;biosynthesis_genes,lactone;genomics,3,title_priority_only
31076768,Light-Induced Artemisinin Biosynthesis Is Regulated by the bZIP Transcription Factor AaHY5 in Artemisia annua.,Plant & cell physiology,2019 Aug 1,terpene_essential_oil;sesquiterpene_lactone;biosynthesis_genes;antiparasitic,lactone;genomics,3,title_priority_only
31120500,Interaction of bZIP transcription factor TGA6 with salicylic acid signaling modulates artemisinin biosynthesis in Artemisia annua.,Journal of experimental botany,2019 Aug 7,terpene_essential_oil;sesquiterpene_lactone;biosynthesis_genes;antiparasitic,lactone;genomics,3,title_priority_only
31504880,Lipid Transfer Proteins (AaLTP3 and AaLTP4) Are Involved in Sesquiterpene Lactone Secretion from Glandular Trichomes in Artemisia annua.,Plant & cell physiology,2019 Dec 1,terpene_essential_oil;sesquiterpene_lactone;biosynthesis_genes;genomics_phylogenomics,chemistry;lactone,3,title_priority_only
30989898,[~1H-NMR-based metabonomics analysis of the acute hepatotoxicity mechanism of Artemisia argyi essential oil].,Zhongguo Zhong yao za zhi = Zhongguo zhongyao zazhi = China journal of Chinese materia medica,2019 Feb,terpene_essential_oil;biosynthesis_genes,chemistry;phenotype,3,title_priority_only
31181920,Sesquiterpene Lactones from Artemisia argyi: Absolute Configuration and Immunosuppressant Activity.,Journal of natural products,2019 Jun 28,terpene_essential_oil;sesquiterpene_lactone,chemistry;lactone,3,title_priority_only
30878087,"Comment on the paper ""Chemical analyses and anthelmintic effects of Artemisia campestris essential oil"".",Veterinary parasitology,2019 Mar,terpene_essential_oil;antiparasitic,chemistry;phenotype,3,title_priority_only
30719762,Jasmonic acid-responsive AabHLH1 positively regulates artemisinin biosynthesis in Artemisia annua.,Biotechnology and applied biochemistry,2019 May,terpene_essential_oil;sesquiterpene_lactone;biosynthesis_genes;antiparasitic,lactone;genomics,3,title_priority_only
30851440,Artemisinin Biosynthesis in Non-glandular Trichome Cells of Artemisia annua.,Molecular plant,2019 May 6,terpene_essential_oil;sesquiterpene_lactone;biosynthesis_genes;genomics_phylogenomics;antiparasitic,lactone;genomics,3,title_priority_only
31703759,Monomeric and dimeric sesquiterpene lactones from Artemisia heptapotamica.,Chinese journal of natural medicines,2019 Oct,terpene_essential_oil;sesquiterpene_lactone;biosynthesis_genes,chemistry;lactone,3,title_priority_only
31087059,The cold-induced transcription factor bHLH112 promotes artemisinin biosynthesis indirectly via ERF1 in Artemisia annua.,Journal of experimental botany,2019 Sep 24,terpene_essential_oil;sesquiterpene_lactone;biosynthesis_genes;genomics_phylogenomics;antiparasitic,lactone;genomics,3,title_priority_only
32625243,Transcriptome analyses revealed the ultraviolet B irradiation and phytohormone gibberellins coordinately promoted the accumulation of artemisinin in Artemisia annua L.,Chinese medicine,2020,sesquiterpene_lactone;biosynthesis_genes;genomics_phylogenomics;safety,lactone;genomics,3,title_priority_only
32670352,Insecticidal Activity of Artemisia vulgaris Essential Oil and Transcriptome Analysis of Tribolium castaneum in Response to Oil Exposure.,Frontiers in genetics,2020,terpene_essential_oil;biosynthesis_genes;genomics_phylogenomics;safety,chemistry;genomics,3,title_priority_only
33197851,Sesquiterpene lactone dimers from Artemisia lavandulifolia inhibit interleukin-1β production in macrophages through activating autophagy.,Bioorganic chemistry,2020 Dec,terpene_essential_oil;sesquiterpene_lactone;biosynthesis_genes,chemistry;lactone,3,title_priority_only
33396790,Research Advances on Health Effects of Edible Artemisia Species and Some Sesquiterpene Lactones Constituents.,"Foods (Basel, Switzerland)",2020 Dec 30,sesquiterpene_lactone;antiparasitic,chemistry;lactone,3,title_priority_only
31911301,Polyhydroxyl guaianolide terpenoids as potential NF-кB inhibitors induced cytotoxicity in human gastric adenocarcinoma cell line.,Bioorganic chemistry,2020 Jan,terpene_essential_oil;sesquiterpene_lactone,chemistry;lactone;phenotype,3,title_priority_only
32665907,Transformation of Amorphadiene Synthase and Antisilencing P19 Genes into Artemisia annua L. and its Effect on Antimalarial Artemisinin Production.,Advanced pharmaceutical bulletin,2020 Jul,sesquiterpene_lactone;biosynthesis_genes;antiparasitic,lactone;phenotype,3,title_priority_only
30602314,"Sesquiterpene lactones from Artemisia austroyunnanensis suppresses ROS production and reduces cytokines, iNOS and COX-2 levels via NF-KB pathway in vitro.",Natural product research,2020 Jun,terpene_essential_oil;sesquiterpene_lactone;biosynthesis_genes;safety,chemistry;lactone,3,title_priority_only
32128603,"Impact of Long-Term Copper Exposure on Growth, Photosynthesis, Antioxidant Defence System and Artemisinin Biosynthesis in Soil-Grown Artemisia annua Genotypes.",Bulletin of environmental contamination and toxicology,2020 May,terpene_essential_oil;sesquiterpene_lactone;biosynthesis_genes;antiparasitic;safety,lactone;genomics,3,title_priority_only
32311217,Comprehensive Map of the Artemisia annua Proteome and Quantification of Differential Protein Expression in Chemotypes Producing High versus Low Content of Artemisinin.,Proteomics,2020 May,terpene_essential_oil;sesquiterpene_lactone;biosynthesis_genes;genomics_phylogenomics;antiparasitic,chemistry;lactone,3,title_priority_only
32589757,TRICHOME AND ARTEMISININ REGULATOR 2 positively regulates trichome development and artemisinin biosynthesis in Artemisia annua.,The New phytologist,2020 Nov,terpene_essential_oil;sesquiterpene_lactone;diterpene_triterpene;biosynthesis_genes;genomics_phylogenomics;antiparasitic,lactone;genomics,3,title_priority_only
32980062,Toxicity and deleterious effects of Artemisia annua essential oil extracts on mulberry pyralid (Glyphodes pyloalis).,Pesticide biochemistry and physiology,2020 Nov,terpene_essential_oil;antiparasitic;safety,chemistry;phenotype,3,title_priority_only
34239538,Full-Length Transcriptome Analysis Reveals Candidate Genes Involved in Terpenoid Biosynthesis in Artemisia argyi.,Frontiers in genetics,2021,terpene_essential_oil;biosynthesis_genes;genomics_phylogenomics,chemistry;genomics,3,title_priority_only
34249868,Guaianolide Sesquiterpenes With Significant Antiproliferative Activities From the Leaves of Artemisia argyi.,Frontiers in chemistry,2021,sesquiterpene_lactone,chemistry;lactone,3,title_priority_only
35111184,Integrated Analysis of Basic Helix Loop Helix Transcription Factor Family and Targeted Terpenoids Reveals Candidate AarbHLH Genes Involved in Terpenoid Biosynthesis in Artemisia argyi.,Frontiers in plant science,2021,terpene_essential_oil;biosynthesis_genes;genomics_phylogenomics;safety,chemistry;genomics,3,title_priority_only
33925212,Sesquiterpene Lactones from Artemisia absinthium. Biotransformation and Rearrangement of the Insect Antifeedant 3α-hydroxypelenolide.,"Plants (Basel, Switzerland)",2021 Apr 28,sesquiterpene_lactone,chemistry;lactone,3,title_priority_only
33672342,Chromatin Accessibility Is Associated with Artemisinin Biosynthesis Regulation in Artemisia annua.,"Molecules (Basel, Switzerland)",2021 Feb 23,terpene_essential_oil;sesquiterpene_lactone;biosynthesis_genes;antiparasitic,lactone;genomics,3,title_priority_only
33539631,Jasmonate- and abscisic acid-activated AaGSW1-AaTCP15/AaORA transcriptional cascade promotes artemisinin biosynthesis in Artemisia annua.,Plant biotechnology journal,2021 Jul,terpene_essential_oil;sesquiterpene_lactone;biosynthesis_genes;antiparasitic,lactone;genomics,3,title_priority_only
34034870,"AaMYB15, an R2R3-MYB TF in Artemisia annua, acts as a negative regulator of artemisinin biosynthesis.",Plant science : an international journal of experimental plant biology,2021 Jul,terpene_essential_oil;sesquiterpene_lactone;biosynthesis_genes;genomics_phylogenomics;antiparasitic,lactone;genomics,3,title_priority_only
33740256,"Discovery and modulation of diterpenoid metabolism improves glandular trichome formation, artemisinin production and stress resilience in Artemisia annua.",The New phytologist,2021 Jun,terpene_essential_oil;sesquiterpene_lactone;diterpene_triterpene;biosynthesis_genes;genomics_phylogenomics;antiparasitic,chemistry;lactone,3,title_priority_only
34833872,"Thymus algeriensis and Artemisia herba-alba Essential Oils: Chemical Analysis, Antioxidant Potential and In Vivo Anti-Inflammatory, Analgesic Activities, and Acute Toxicity.","Molecules (Basel, Switzerland)",2021 Nov 10,terpene_essential_oil;biosynthesis_genes;safety,chemistry;phenotype,3,title_priority_only
34593786,"AaWRKY17, a positive regulator of artemisinin biosynthesis, is involved in resistance to Pseudomonas syringae in Artemisia annua.",Horticulture research,2021 Oct 1,sesquiterpene_lactone;biosynthesis_genes,lactone;genomics,3,title_priority_only
33973259,AaWRKY9 contributes to light- and jasmonate-mediated to regulate the biosynthesis of artemisinin in Artemisia annua.,The New phytologist,2021 Sep,terpene_essential_oil;sesquiterpene_lactone;diterpene_triterpene;biosynthesis_genes;genomics_phylogenomics;antiparasitic,lactone;genomics,3,title_priority_only
36118318,Sesquiterpene lactones from Artemisia vulgaris L. as potential NO inhibitors in LPS-induced RAW264.7 macrophage cells.,Frontiers in chemistry,2022,sesquiterpene_lactone,chemistry;lactone,3,title_priority_only
36119570,"AabHLH112, a bHLH transcription factor, positively regulates sesquiterpenes biosynthesis in Artemisia annua.",Frontiers in plant science,2022,biosynthesis_genes,chemistry;genomics,3,title_priority_only
36119604,MADS-box gene AaSEP4 promotes artemisinin biosynthesis in Artemisia annua.,Frontiers in plant science,2022,sesquiterpene_lactone;biosynthesis_genes;antiparasitic,lactone;genomics,3,title_priority_only
36311056,Artemisia annua L. plants lacking Bornyl diPhosphate Synthase reallocate carbon from monoterpenes to sesquiterpenes except artemisinin.,Frontiers in plant science,2022,sesquiterpene_lactone;biosynthesis_genes;genomics_phylogenomics;antiparasitic,chemistry;lactone,3,title_priority_only
35655434,Allele-aware chromosome-level genome assembly of Artemisia annua reveals the correlation between ADS expansion and artemisinin yield.,Molecular plant,2022 Aug 1,terpene_essential_oil;sesquiterpene_lactone;biosynthesis_genes;genomics_phylogenomics;antiparasitic,lactone;genomics,3,title_priority_only
35869631,50th anniversary of artemisinin: From the discovery to allele-aware genome assembly of Artemisia annua.,Molecular plant,2022 Aug 1,terpene_essential_oil;sesquiterpene_lactone;genomics_phylogenomics;antiparasitic,lactone;genomics,3,title_priority_only
36604914,[A new sesquiterpene lactone from biological transformation of Hericium erinaceus and Artemisiae Annuae Herba].,Zhongguo Zhong yao za zhi = Zhongguo zhongyao zazhi = China journal of Chinese materia medica,2022 Dec,terpene_essential_oil;sesquiterpene_lactone,chemistry;lactone,3,title_priority_only
36555498,"Vulgarin, a Sesquiterpene Lactone from Artemisia judaica, Improves the Antidiabetic Effectiveness of Glibenclamide in Streptozotocin-Induced Diabetic Rats via Modulation of PEPCK and G6Pase Genes Expression.",International journal of molecular sciences,2022 Dec 13,terpene_essential_oil;sesquiterpene_lactone;biosynthesis_genes,chemistry;lactone,3,title_priority_only
35301035,Sesquiterpene lactones from Artemisia mongolica.,Phytochemistry,2022 Jul,terpene_essential_oil;sesquiterpene_lactone,chemistry;lactone,3,title_priority_only
35568110,Integrated metabolite profiling and transcriptome analysis reveals tissue-specific regulation of terpenoid biosynthesis in Artemisia argyi.,Genomics,2022 Jul,terpene_essential_oil;biosynthesis_genes;genomics_phylogenomics,chemistry;genomics,3,title_priority_only
35644103,The truncated AaActin1 promoter is a candidate tool for metabolic engineering of artemisinin biosynthesis in Artemisia annua L.,Journal of plant physiology,2022 Jul,terpene_essential_oil;sesquiterpene_lactone;biosynthesis_genes;genomics_phylogenomics;antiparasitic,lactone;genomics,3,title_priority_only
33533541,"Exogenous hydrogen sulphide alleviates copper stress impacts in Artemisia annua L.: Growth, antioxidant metabolism, glandular trichome development and artemisinin biosynthesis.","Plant biology (Stuttgart, Germany)",2022 Jun,terpene_essential_oil;sesquiterpene_lactone;biosynthesis_genes;antiparasitic,lactone;genomics,3,title_priority_only
35744958,Artemisia Extracts and Artemisinin-Based Antimalarials for COVID-19 Management: Could These Be Effective Antivirals for COVID-19 Treatment?,"Molecules (Basel, Switzerland)",2022 Jun 14,terpene_essential_oil;sesquiterpene_lactone;antiparasitic,lactone;phenotype,3,title_priority_only
35530156,Molecular insights into AabZIP1-mediated regulation on artemisinin biosynthesis and drought tolerance in Artemisia annua.,Acta pharmaceutica Sinica. B,2022 Mar,sesquiterpene_lactone;biosynthesis_genes,lactone;genomics,3,title_priority_only
35313811,Variation in terpenoids in leaves of Artemisia annua grown under different LED spectra resulting in diverse antimalarial activities against Plasmodium falciparum.,BMC plant biology,2022 Mar 21,terpene_essential_oil;sesquiterpene_lactone;antiparasitic,chemistry;phenotype,3,title_priority_only
35554686,"Isolation and characterization of AaZFP1, a C2H2 zinc finger protein that regulates the AaIPPI1 gene involved in artemisinin biosynthesis in Artemisia annua.",Planta,2022 May 12,terpene_essential_oil;sesquiterpene_lactone;biosynthesis_genes;antiparasitic,lactone;genomics,3,title_priority_only
35491411,"Artemyrianosins A-J, cytotoxic germacrane-type sesquiterpene lactones from Artemisia myriantha.",Natural products and bioprospecting,2022 May 2,sesquiterpene_lactone,chemistry;lactone,3,title_priority_only
36037907,Phytochemical analysis of Artemisia kopetdaghensis: Sesquiterpene lactones with proapoptotic activity against prostate cancer cells.,Phytochemistry,2022 Nov,terpene_essential_oil;sesquiterpene_lactone,chemistry;lactone,3,title_priority_only
36351173,A Dimerosesquiterpene and Sesquiterpene Lactones from Artemisia argyi Inhibiting Oncogenic PI3K/AKT Signaling in Melanoma Cells.,Journal of natural products,2022 Nov 25,terpene_essential_oil;sesquiterpene_lactone;biosynthesis_genes,chemistry;lactone,3,title_priority_only
36144681,Full-Length Transcriptomic Sequencing and Temporal Transcriptome Expression Profiling Analyses Offer Insights into Terpenoid Biosynthesis in Artemisia argyi.,"Molecules (Basel, Switzerland)",2022 Sep 13,terpene_essential_oil;biosynthesis_genes;genomics_phylogenomics,chemistry;genomics,3,title_priority_only
37424116,"Effects of exogenous indole-3-acetic acid on the density of trichomes, expression of artemisinin biosynthetic genes, and artemisinin biosynthesis in Artemisia annua.",Biotechnology and applied biochemistry,2023 Dec,terpene_essential_oil;sesquiterpene_lactone;biosynthesis_genes;antiparasitic,lactone;genomics,3,title_priority_only
38143104,Artemdubinoids A-N: novel sesquiterpenoids with antihepatoma cytotoxicity from Artemisia dubia.,Chinese journal of natural medicines,2023 Dec,terpene_essential_oil;sesquiterpene_lactone,chemistry;phenotype,3,title_priority_only
37820909,AaABI5 transcription factor mediates light and abscisic acid signaling to promote anti-malarial drug artemisinin biosynthesis in Artemisia annua.,International journal of biological macromolecules,2023 Dec 31,terpene_essential_oil;sesquiterpene_lactone;biosynthesis_genes;antiparasitic,lactone;genomics,3,title_priority_only
36271612,AabHLH113 integrates jasmonic acid and abscisic acid signaling to positively regulate artemisinin biosynthesis in Artemisia annua.,The New phytologist,2023 Feb,terpene_essential_oil;sesquiterpene_lactone;diterpene_triterpene;biosynthesis_genes;antiparasitic,lactone;genomics,3,title_priority_only
37098222,JA-Regulated AaGSW1-AaYABBY5/AaWRKY9 Complex Regulates Artemisinin Biosynthesis in Artemisia annua.,Plant & cell physiology,2023 Jul 17,terpene_essential_oil;sesquiterpene_lactone;biosynthesis_genes;genomics_phylogenomics;antiparasitic,lactone;genomics,3,title_priority_only
36478140,Profiling of phytohormone-specific microRNAs and characterization of the miR160-ARF1 module involved in glandular trichome development and artemisinin biosynthesis in Artemisia annua.,Plant biotechnology journal,2023 Mar,terpene_essential_oil;sesquiterpene_lactone;biosynthesis_genes;genomics_phylogenomics;antiparasitic,lactone;genomics,3,title_priority_only
36564967,AaMYB108 is the core factor integrating light and jasmonic acid signaling to regulate artemisinin biosynthesis in Artemisia annua.,The New phytologist,2023 Mar,terpene_essential_oil;sesquiterpene_lactone;diterpene_triterpene;biosynthesis_genes;genomics_phylogenomics;antiparasitic,lactone;genomics,3,title_priority_only
36572116,"Artemleucolides A-L, eudesmane-type sesquiterpenoids from Artemisia leucophylla and their antihepatoma cytotoxicity.",Fitoterapia,2023 Mar,terpene_essential_oil,chemistry;phenotype,3,title_priority_only
37233098,Identification of Terpenoid Compounds and Toxicity Assays of Essential Oil Microcapsules from Artemisia stechmanniana.,Insects,2023 May 16,terpene_essential_oil;safety,chemistry;phenotype,3,title_priority_only
36597358,A chromosome-scale genome assembly of Artemisia argyi reveals unbiased subgenome evolution and key contributions of gene duplication to volatile terpenoid diversity.,Plant communications,2023 May 8,terpene_essential_oil;sesquiterpene_lactone;biosynthesis_genes;genomics_phylogenomics,chemistry;genomics,3,title_priority_only
37239820,Trichome-Specific Analysis and Weighted Gene Co-Expression Correlation Network Analysis (WGCNA) Reveal Potential Regulation Mechanism of Artemisinin Biosynthesis in Artemisia annua.,International journal of molecular sciences,2023 May 9,terpene_essential_oil;sesquiterpene_lactone;biosynthesis_genes;genomics_phylogenomics;antiparasitic,lactone;genomics,3,title_priority_only
37347548,Hepatoprotective effect of Artemisia Argyi essential oil on bisphenol A-induced hepatotoxicity via inhibition of ferroptosis in mice.,Environmental toxicology,2023 Oct,terpene_essential_oil;biosynthesis_genes,chemistry;phenotype,3,title_priority_only
38114108,[Genome-wide identification of bZIP family genes and screening of candidate AarbZIPs involved in terpenoid biosynthesis in Artemisia argyi].,Zhongguo Zhong yao za zhi = Zhongguo zhongyao zazhi = China journal of Chinese materia medica,2023 Oct,terpene_essential_oil;sesquiterpene_lactone;biosynthesis_genes;genomics_phylogenomics;safety,chemistry;genomics,3,title_priority_only
37959876,"RETRACTED: Agrawal et al. Artemisia Extracts and Artemisinin-Based Antimalarials for COVID-19 Management: Could These Be Effective Antivirals for COVID-19 Treatment? Molecules 2022, 27, 3828.","Molecules (Basel, Switzerland)",2023 Oct 30,sesquiterpene_lactone;antiparasitic,lactone;phenotype,3,title_priority_only
37302761,Sesquiterpene lactones from Artemisia verlotorum and their anti-inflammatory activities.,Fitoterapia,2023 Sep,terpene_essential_oil;sesquiterpene_lactone,chemistry;lactone,3,title_priority_only
37321306,"Nitric oxide induces antioxidant machinery, PSII functioning and artemisinin biosynthesis in Artemisia annua under cadmium stress.",Plant science : an international journal of experimental plant biology,2023 Sep,terpene_essential_oil;sesquiterpene_lactone;biosynthesis_genes;antiparasitic;safety,lactone;genomics,3,title_priority_only
37731862,Promoter variations in DBR2-like affect artemisinin production in different chemotypes of Artemisia annua.,Horticulture research,2023 Sep,terpene_essential_oil;sesquiterpene_lactone;biosynthesis_genes;genomics_phylogenomics;antiparasitic;safety,chemistry;lactone,3,title_priority_only
38865346,Bio-guided isolation of a new sesquiterpene from Artemisia cina with anthelmintic activity against Haemonchus contortus L3 infective larvae.,PloS one,2024,terpene_essential_oil;antiparasitic,chemistry;phenotype,3,title_priority_only
38346546,Guaianolide sesquiterpenes and their activity from Artemisia mongolica.,Phytochemistry,2024 Apr,terpene_essential_oil;sesquiterpene_lactone,chemistry;lactone,3,title_priority_only
38980203,The AaBBX21-AaHY5 module mediates light-regulated artemisinin biosynthesis in Artemisia annua L.,Journal of integrative plant biology,2024 Aug,terpene_essential_oil;sesquiterpene_lactone;biosynthesis_genes;genomics_phylogenomics;antiparasitic,lactone;genomics,3,title_priority_only
39123103,A transcription factor of SHI family AaSHI1 activates artemisinin biosynthesis genes in Artemisia annua.,BMC genomics,2024 Aug 9,terpene_essential_oil;sesquiterpene_lactone;biosynthesis_genes;genomics_phylogenomics;antiparasitic,lactone;genomics,3,title_priority_only
39366156,Artemisia Argyi essential oil ameliorates acetaminophen-induced hepatotoxicity via CYP2E1 and γ-glutamyl cycle reprogramming.,Phytomedicine : international journal of phytotherapy and phytopharmacology,2024 Dec,terpene_essential_oil;biosynthesis_genes;safety,chemistry;phenotype,3,title_priority_only
39732992,Dynamic transcriptomics unveils parallel transcriptional regulation in artemisinin and phenylpropanoid biosynthesis pathways under cold stress in Artemisia annua.,Scientific reports,2024 Dec 28,terpene_essential_oil;sesquiterpene_lactone;biosynthesis_genes;genomics_phylogenomics;antiparasitic,lactone;genomics,3,title_priority_only
38181532,"Arteannuin B, a sesquiterpene lactone from Artemisia annua, attenuates inflammatory response by inhibiting the ubiquitin-conjugating enzyme UBE2D3-mediated NF-κB activation.",Phytomedicine : international journal of phytotherapy and phytopharmacology,2024 Feb,terpene_essential_oil;sesquiterpene_lactone;biosynthesis_genes;antiparasitic,chemistry;lactone,3,title_priority_only
38398555,"Sesquiterpene Lactones and Flavonoid from the Leaves of Basin Big Sagebrush (Artemisia tridentata subsp. tridentata): Isolation, Characterization and Biological Activities.","Molecules (Basel, Switzerland)",2024 Feb 9,terpene_essential_oil;sesquiterpene_lactone,chemistry;lactone,3,title_priority_only
37993076,Highly oxygenated guaiane-type sesquiterpene lactones from Artemisia sacrorum and their antihepatoma activity.,Phytochemistry,2024 Jan,terpene_essential_oil;sesquiterpene_lactone,chemistry;lactone,3,title_priority_only
38827342,"The Effect of Bacillus Cereus on the Ion Homeostasis, Growth Parameters, and the Expression of Some Genes of Artemisinin Biosynthesis Pathway in Artemisia Absinthium Under Salinity Stress.",Iranian journal of biotechnology,2024 Jan,sesquiterpene_lactone;biosynthesis_genes,lactone;genomics,3,title_priority_only
35856479,Phytochemical study of Seriphidium khorassanicum (syn. Artemisia khorassanica) aerial parts: sesquiterpene lactones with anti-protozoal activity.,Natural product research,2024 Jan-Feb,terpene_essential_oil;sesquiterpene_lactone;safety,chemistry;lactone,3,title_priority_only
39035813,"Persianolide-A, an eudesmanolide-type sesquiterpene lactone from Artemisia kopetdaghensis, induces apoptosis by regulating ERK signaling pathways.",Research in pharmaceutical sciences,2024 Jun,sesquiterpene_lactone,chemistry;lactone,3,title_priority_only
38930948,Chemical Composition and Cytotoxicity Evaluation of Artemisia judaica L. Essential Oil from Saudi Arabia.,"Molecules (Basel, Switzerland)",2024 Jun 18,terpene_essential_oil,chemistry;phenotype,3,title_priority_only
38735012,Functional characterisation of Artemisia annua jasmonic acid carboxyl methyltransferase: a key enzyme enhancing artemisinin biosynthesis.,Planta,2024 May 12,terpene_essential_oil;sesquiterpene_lactone;biosynthesis_genes;genomics_phylogenomics;antiparasitic,lactone;genomics,3,title_priority_only
39598260,Novel Differentially Expressed LncRNAs Regulate Artemisinin Biosynthesis in Artemisia annua.,"Life (Basel, Switzerland)",2024 Nov 12,sesquiterpene_lactone;biosynthesis_genes;genomics_phylogenomics;antiparasitic;safety,lactone;genomics,3,title_priority_only
39590312,The Antiviral and Antimalarial Prodrug Artemisinin from the Artemisia Species: A Review.,Current issues in molecular biology,2024 Oct 28,sesquiterpene_lactone;antiparasitic,lactone;phenotype,3,title_priority_only
39440419,A bHLH transcription factor AaMYC2-type positively regulates glandular trichome density and artemisinin biosynthesis in Artemisia annua.,Physiologia plantarum,2024 Sep-Oct,terpene_essential_oil;sesquiterpene_lactone;biosynthesis_genes;genomics_phylogenomics;antiparasitic,lactone;genomics,3,title_priority_only
40901832,Cadinapyridine sesquiterpene alkaloids from Artemisia annua and in vitro cytotoxicity and antiplasmodial activities.,PloS one,2025,terpene_essential_oil;sesquiterpene_lactone;antiparasitic,chemistry;phenotype,3,title_priority_only
41358348,Chemical variability for authenticated and commercial Artemisia absinthium L. essential oils with thujones on tephritid fruit flies: Mediterranean fruit fly Ceratitis capitata (Wiedemann) and Caribbean fruit fly Anastrepha suspensa (Loew).,Frontiers in plant science,2025,terpene_essential_oil;safety,chemistry;phenotype,3,title_priority_only
40835905,Genome-wide analysis of the AarPDR gene family in Artemisia argyi and its potential role in regulating terpenoids transport.,BMC plant biology,2025 Aug 20,terpene_essential_oil;biosynthesis_genes;genomics_phylogenomics,chemistry;genomics,3,title_priority_only
40870612,Toxicity and Detoxification Enzyme Inhibition in the Two-Spotted Spider Mite (Tetranychus urticae Koch) by Artemisia annua L. Essential Oil and Its Major Monoterpenoids.,Insects,2025 Aug 5,terpene_essential_oil;safety,chemistry;phenotype,3,title_priority_only
39189077,AaMYC3 bridges the regulation of glandular trichome density and artemisinin biosynthesis in Artemisia annua.,Plant biotechnology journal,2025 Feb,terpene_essential_oil;sesquiterpene_lactone;biosynthesis_genes;antiparasitic,lactone;genomics,3,title_priority_only
39671784,Sesquiterpene lactone from Artemisia argyi inhibited cancer proliferation by inducing apoptosis and ferroptosis via key cell metabolism enzyme NDUFA4.,Phytomedicine : international journal of phytotherapy and phytopharmacology,2025 Jan,terpene_essential_oil;sesquiterpene_lactone;biosynthesis_genes;safety,chemistry;lactone,3,title_priority_only
40729014,"Genome-Wide Analysis of Oxidosqualene Cyclase Genes in Artemisia annua: Evolution, Expression, and Potential Roles in Triterpenoid Biosynthesis.",Current issues in molecular biology,2025 Jul 14,sesquiterpene_lactone;biosynthesis_genes;genomics_phylogenomics,chemistry;genomics,3,title_priority_only
38403974,"Chemical composition and toxicity of Moroccan mentha spicata and Artemisia absinthium essential oils against Pthorimaea operculella, the potato moth.",Natural product research,2025 Jun,terpene_essential_oil;safety,chemistry;phenotype,3,title_priority_only
38538562,"Serbian Artemisia species - chemical composition, acute toxicity and larvicidal activity of the essential oils.",Natural product research,2025 Jun,terpene_essential_oil;safety,chemistry;phenotype,3,title_priority_only
39889862,"Sesquiterpene lactones from Artemisia porrecta Krasch.ex Poljakov and their anti-inflammatory, cytotoxic and anti-vitiligo activities.",Phytochemistry,2025 Jun,terpene_essential_oil;sesquiterpene_lactone;biosynthesis_genes,chemistry;lactone,3,title_priority_only
40141085,"AaMYB121, a Novel R2-MYB-like Transcription Factor, Regulates Artemisinin Biosynthesis in Artemisia annua.",International journal of molecular sciences,2025 Mar 9,terpene_essential_oil;sesquiterpene_lactone;biosynthesis_genes;genomics_phylogenomics;antiparasitic,lactone;genomics,3,title_priority_only
40256890,Transcription factor AabHLH5 participates in JA signaling and negatively regulates artemisinin biosynthesis in Artemisia annua.,Physiologia plantarum,2025 Mar-Apr,terpene_essential_oil;sesquiterpene_lactone;biosynthesis_genes;genomics_phylogenomics;antiparasitic,lactone;genomics,3,title_priority_only
41028755,Single-nucleus transcriptomics reveal the morphogenesis and artemisinin biosynthesis in Artemisia annua glandular trichomes.,Nature communications,2025 Sep 30,terpene_essential_oil;sesquiterpene_lactone;biosynthesis_genes;genomics_phylogenomics;antiparasitic,lactone;genomics,3,title_priority_only
41644687,Differential effects of biologically and chemically synthesized copper oxide nanoparticles on artemisinin biosynthesis gene expression in Artemisia absinthium.,Scientific reports,2026 Feb 5,terpene_essential_oil;sesquiterpene_lactone;biosynthesis_genes;antiparasitic,lactone;genomics,3,title_priority_only
41147465,Jasmonate-Activated AaWRKY9-AabHLH93/AabHLH93-AaMYB7 Complexes Balance Artemisinin Biosynthesis in Artemisia annua.,Plant biotechnology journal,2026 Mar,terpene_essential_oil;sesquiterpene_lactone;biosynthesis_genes;antiparasitic,lactone;genomics,3,title_priority_only
41344119,"Identification and quantification of sesquiterpenes, alkaloids, flavonoids and coumarins in Artemisia annua L: Potential artemisinin activity-enhancing compounds.",Journal of pharmaceutical and biomedical analysis,2026 Mar 15,terpene_essential_oil;sesquiterpene_lactone;antiparasitic,chemistry;lactone,3,title_priority_only
29007534,Indian Santonin: Extracted from the Indian Species of Artemisia Maritima.,The Indian medical gazette,1924 Nov,sesquiterpene_lactone,lactone,2,title_priority_only
14355397,[Effectiveness of the treatment of ascariasis with santonin prepared from Artemisia transiliensis].,Meditsinskaia parazitologiia i parazitarnye bolezni,1954 Oct-Dec,terpene_essential_oil;sesquiterpene_lactone;antiparasitic,lactone,2,title_priority_only
13258314,[Santonin from domestic Artemisia maritima].,Acta poloniae pharmaceutica,1955,terpene_essential_oil;sesquiterpene_lactone;antiparasitic,lactone,2,title_priority_only
13613955,[Biology of the santonin plants. II. Photoperiodic studies and observations on Artemisia maritima].,Die Pharmazie,1958 Sep,terpene_essential_oil;sesquiterpene_lactone;antiparasitic,lactone,2,title_priority_only
13755611,The colorimetric determination of santonin in Artemisia.,The Journal of pharmacy and pharmacology,1960 Sep,terpene_essential_oil;sesquiterpene_lactone;antiparasitic,lactone,2,title_priority_only
14460771,[Studies on the chemical and botanical properties of Artemisia kurramensis Qazilbash cultivated in Japan. II. Components of santonin].,Yakugaku zasshi : Journal of the Pharmaceutical Society of Japan,1962 Jan,terpene_essential_oil;sesquiterpene_lactone;antiparasitic,lactone,2,title_priority_only
14460773,[Studies on the chemical and botanical properties of Artemisia kurramensis Qazilbash cultivated in Japan. III. Components of the essential oil].,Yakugaku zasshi : Journal of the Pharmaceutical Society of Japan,1962 Jan,terpene_essential_oil,chemistry,2,title_priority_only
14460774,[Studies on the chemical and botanical properties of Artemisia kurramensis Qazilbash cultivated in Japan. I. Improvement of gravimetric analysis of santonin in crude drugs and santonin content of Artemisia kurramensis].,Yakugaku zasshi : Journal of the Pharmaceutical Society of Japan,1962 Jan,terpene_essential_oil;sesquiterpene_lactone;antiparasitic,lactone,2,title_priority_only
13937378,[Studies on the essential oils of Artemisia annua L. V].,Yakugaku zasshi : Journal of the Pharmaceutical Society of Japan,1962 Sep,terpene_essential_oil,chemistry,2,title_priority_only
14345298,[POLAROGRAPHIC DETERMINATION OF SANTONIN IN ARTEMISIA CINA].,Aptechnoe delo,1965 Jan-Feb,terpene_essential_oil;sesquiterpene_lactone;antiparasitic,lactone,2,title_priority_only
4963443,Antibacterial action of essential oils of Artemisia as an ecological factor. I. Antibacterial action of the volatile oils of Artemisia tridentata and Artemisia nova on aerobic bacteria.,Applied microbiology,1967 Jul,terpene_essential_oil,chemistry,2,title_priority_only
5649859,Antibacterial action of essential oils of Artemisia as an ecological factor. II. Antibacterial action of the volatile oils of Artemisia tridentata (big sagebrush) on bacteria from the rumen of mule deer.,Applied microbiology,1968 Mar,terpene_essential_oil,chemistry,2,title_priority_only
5119016,Monoterpenes of some Artemisia and Tanacetum species grown in England.,Planta medica,1971 Sep,terpene_essential_oil,chemistry,2,title_priority_only
962558,"[Substances first isolated from the essential oils of two artemisia-species, 1. Spathulenol, an azulenogenic C15-alcohol (author's title)].",Archiv der Pharmazie,1976 Jun,terpene_essential_oil,chemistry,2,title_priority_only
854549,[Chemical study of Artemisia pontica essential oil (author's transl)].,Planta medica,1977 Feb,terpene_essential_oil,chemistry,2,title_priority_only
7257792,[TLC separation and densitometry of alpha-and beta-santonin in Artemisia (author's transl)].,Yao xue xue bao = Acta pharmaceutica Sinica,1980 Nov,terpene_essential_oil;sesquiterpene_lactone;antiparasitic,lactone,2,title_priority_only
7341156,[Pharmacological studies on the antiasthmatic principle of essential oil of artemisia argyi--terpinenol-4 (author's transl)].,Zhonghua jie he he hu xi xi ji bing za zhi = Chinese journal of tuberculosis and respiratory diseases,1981 Aug,terpene_essential_oil;safety,chemistry,2,title_priority_only
7162537,The anthelmintic efficacy of Artemisia herba-alba against Haemonchus contortus infection in goats.,National Institute of Animal Health quarterly,1982 Fall,antiparasitic,phenotype,2,title_priority_only
17402082,[A chemical study of the essential oil from Artemisia arborescens].,Planta medica,1982 Jan,terpene_essential_oil,chemistry,2,title_priority_only
17405093,Constituents of Essential Oil of Artemisia arborescens.,Planta medica,1983 Jan,terpene_essential_oil;safety,chemistry,2,title_priority_only
17404981,Constituents of the Essential Oil of Artemisia coerulescens.,Planta medica,1983 Jul,terpene_essential_oil;safety,chemistry,2,title_priority_only
6387056,Isolation of artemisinin (qinghaosu) from Artemisia annua growing in the United States.,Journal of natural products,1984 Jul-Aug,terpene_essential_oil;sesquiterpene_lactone;antiparasitic,lactone,2,title_priority_only
3887571,Qinghaosu (artemisinin): an antimalarial drug from China.,"Science (New York, N.Y.)",1985 May 31,terpene_essential_oil;sesquiterpene_lactone;biosynthesis_genes;antiparasitic;safety,lactone;phenotype,2,title_priority_only
3760887,Production of artemisinin in tissue cultures of Artemisia annua.,Journal of natural products,1986 May-Jun,terpene_essential_oil;sesquiterpene_lactone;biosynthesis_genes;antiparasitic,lactone,2,title_priority_only
17345348,"Formation of Artemisinin in Artemisia annua During One Vegetation Period*,1.",Planta medica,1986 Oct,sesquiterpene_lactone;antiparasitic,lactone,2,title_priority_only
3307655,"The chemotherapy of rodent malaria, XL. The action of artemisinin and related sesquiterpenes.",Annals of tropical medicine and parasitology,1986 Oct,terpene_essential_oil;sesquiterpene_lactone;antiparasitic,chemistry;lactone,2,title_priority_only
3328341,The effect of combinations of qinghaosu (artemisinin) with standard antimalarial drugs in the suppressive treatment of malaria in mice.,Transactions of the Royal Society of Tropical Medicine and Hygiene,1987,terpene_essential_oil;sesquiterpene_lactone;antiparasitic,lactone;phenotype,2,title_priority_only
17269021,Effect of Sterol Inhibitors on the Incorporation of 14C-Isopentenyl Pyrophosphate into Artemisinin by a Cell-Free System from Artemisia annua Tissue Cultures and Plants.,Planta medica,1987 Jun,sesquiterpene_lactone;diterpene_triterpene,lactone,2,title_priority_only
3188918,"[Rupestonic acid, a new sesquiterpene from Artemisia rupestris L].",Yao xue xue bao = Acta pharmaceutica Sinica,1988 Feb,terpene_essential_oil,chemistry,2,title_priority_only
17265330,Evalutation of Artemisia annua strains for higher artemisinin production.,Planta medica,1988 Oct,sesquiterpene_lactone,lactone,2,title_priority_only
2615436,"Analgesic, antipyretic and anti-inflammatory activity of the essential oil of Artemisia caerulescens subsp. gallica.",Journal of ethnopharmacology,1989 Dec,terpene_essential_oil;safety,chemistry,2,title_priority_only
2601360,Pharmacological screening and antimicrobial activity of the essential oil of Artemisia caerulescens subsp. gallica.,Journal of ethnopharmacology,1989 Sep,terpene_essential_oil;safety,chemistry,2,title_priority_only
2329806,Preliminary toxicity studies on ethanol extracts of the aerial parts of Artemisia abyssinica and A. Inculta in mice.,Journal of ethnopharmacology,1990 Feb,safety,phenotype,2,title_priority_only
2095374,The gastric cytoprotective effect of several sesquiterpene lactones.,Journal of natural products,1990 Jul-Aug,terpene_essential_oil;sesquiterpene_lactone,chemistry;lactone,2,title_priority_only
2401532,"Toxicity of capillin, the insecticidal principle of Artemisia nilagirica Clarke.",Indian journal of experimental biology,1990 Jun,safety,phenotype,2,title_priority_only
2213035,ent-kauranoid diterpenes from Artemisia sacrorum.,Journal of natural products,1990 May-Jun,terpene_essential_oil;diterpene_triterpene,chemistry,2,title_priority_only
2255584,Artemisia annua L.: a source of novel antimalarial drugs.,Pharmaceutisch weekblad. Scientific edition,1990 Oct 19,sesquiterpene_lactone;biosynthesis_genes;antiparasitic;safety,phenotype,2,title_priority_only
2255213,Screening of Artemisia absinthium for antimalarial effects on Plasmodium berghei in mice: a preliminary report.,Journal of ethnopharmacology,1990 Sep,antiparasitic,phenotype,2,title_priority_only
1755047,Trial of antimalarial potential of extracts of Artemisia annua grown in Myanmar.,Transactions of the Royal Society of Tropical Medicine and Hygiene,1991 Jul-Aug,antiparasitic,phenotype,2,title_priority_only
1303339,[Studies on the antimalarial action of gelatin capsule of Artemisia annua].,Zhongguo ji sheng chong xue yu ji sheng chong bing za zhi = Chinese journal of parasitology & parasitic diseases,1992,terpene_essential_oil;sesquiterpene_lactone;antiparasitic,phenotype,2,title_priority_only
1431937,Stereoselective synthesis and antimalarial activity of alpha-artelinic acid from artemisinin.,Journal of natural products,1992 Aug,terpene_essential_oil;sesquiterpene_lactone;antiparasitic,lactone;phenotype,2,title_priority_only
1304756,[Chemical studies on essential oils from 6 Artemisia species].,Zhongguo Zhong yao za zhi = Zhongguo zhongyao zazhi = China journal of Chinese materia medica,1992 Dec,terpene_essential_oil,chemistry,2,title_priority_only
24213368,Antimalarial activity of Artemisia annua flavonoids from whole plants and cell cultures.,Plant cell reports,1992 Nov,sesquiterpene_lactone;antiparasitic,phenotype,2,title_priority_only
1480664,Analysis of the essential oil of Artemisia lobelii All.,Die Pharmazie,1992 Oct,terpene_essential_oil,chemistry,2,title_priority_only
8496704,A rapid screening method for artemisinin and its congeners using ms/ms: search for new analogues in Artemisia annua.,Journal of natural products,1993 Apr,terpene_essential_oil;sesquiterpene_lactone;antiparasitic,lactone,2,title_priority_only
8205606,Antifungal activity of essential oil from Artemisia afra Jacq.,The Central African journal of medicine,1993 Jul,terpene_essential_oil,chemistry,2,title_priority_only
8264720,Fungitoxicity of essential oils against dermatophytes.,Mycoses,1993 May-Jun,terpene_essential_oil,chemistry;phenotype,2,title_priority_only
8112519,Protective effect of Artemisia scoparia extract against acetaminophen-induced hepatotoxicity.,General pharmacology,1993 Nov,biosynthesis_genes;safety,phenotype,2,title_priority_only
8021651,"Mucus synthesis and sulfhydryl groups in cytoprotection mediated by dehydroleucodine, a sesquiterpene lactone.",Journal of natural products,1994 Apr,terpene_essential_oil;sesquiterpene_lactone;biosynthesis_genes,chemistry;lactone,2,title_priority_only
7951130,Progress in the research of artemisinin-related antimalarials: an update.,Pharmacy world & science : PWS,1994 Aug 5,terpene_essential_oil;sesquiterpene_lactone;biosynthesis_genes;antiparasitic;safety,lactone;phenotype,2,title_priority_only
8134418,Cytotoxic terpenoids and flavonoids from Artemisia annua.,Planta medica,1994 Feb,terpene_essential_oil;sesquiterpene_lactone,chemistry,2,title_priority_only
17238070,Developmental studies of Artemisia annua: flowering and artemisinin production under greenhouse and field conditions.,Planta medica,1995 Apr,sesquiterpene_lactone,lactone,2,title_priority_only
17238088,"Relationship of artemisinin content of tissue-cultured, greenhouse-grown, and field-grown plants of Artemisia annua.",Planta medica,1995 Aug,sesquiterpene_lactone,lactone,2,title_priority_only
17238081,Selection of high artemisinin yielding Artemisia annua.,Planta medica,1995 Jun,sesquiterpene_lactone,lactone,2,title_priority_only
7590079,Preventive and curative effects of Artemisia absinthium on acetaminophen and CCl4-induced hepatotoxicity.,General pharmacology,1995 Mar,safety,phenotype,2,title_priority_only
8588880,Immunoquantitative analysis of artemisinin from Artemisia annua using polyclonal antibodies.,Phytochemistry,1996 Jan,terpene_essential_oil;sesquiterpene_lactone;antiparasitic,lactone,2,title_priority_only
8855361,"Bioactive constituents of Chinese natural medicines. I. New sesquiterpene ketones with vasorelaxant effect from Chinese moxa, the processed leaves of Artemisia argyi Levl. et Vant.: moxartenone and moxartenolide.",Chemical & pharmaceutical bulletin,1996 Sep,terpene_essential_oil;diterpene_triterpene,chemistry,2,title_priority_only
9037139,State of the art of the production of the antimalarial compound artemisinin in plants.,Plant molecular biology,1997 Jan,terpene_essential_oil;sesquiterpene_lactone;biosynthesis_genes;antiparasitic,lactone;phenotype,2,title_priority_only
9013864,Sesquiterpene lactone containing Mexican Indian medicinal plants and pure sesquiterpene lactones as potent inhibitors of transcription factor NF-kappaB.,FEBS letters,1997 Jan 27,terpene_essential_oil;sesquiterpene_lactone;biosynthesis_genes,chemistry;lactone,2,title_priority_only
9342955,Artekeiskeanin A: a new coumarin-monoterpene ether from Artemisia keiskeana.,Planta medica,1997 Oct,terpene_essential_oil,chemistry,2,title_priority_only
9409011,Extraction of artemisinin and artemisinic acid from Artemisia annua L. using supercritical carbon dioxide.,Journal of chromatography. A,1997 Oct 17,terpene_essential_oil;sesquiterpene_lactone;antiparasitic,lactone,2,title_priority_only
11938970,[Progress in studies on the artemisinin (qinghaosu)-type antimalarials].,Yao xue xue bao = Acta pharmaceutica Sinica,1998,terpene_essential_oil;sesquiterpene_lactone;antiparasitic,lactone;phenotype,2,title_priority_only
9702527,EPR evidence for the involvement of free radicals in the iron-catalysed decomposition of qinghaosu (artemisinin) and some derivatives; antimalarial action of some polycyclic endoperoxides.,Free radical research,1998 May,terpene_essential_oil;sesquiterpene_lactone;biosynthesis_genes;antiparasitic,lactone;phenotype,2,title_priority_only
9748386,Antimalarial principles from Artemisia indica.,Journal of natural products,1998 Sep,antiparasitic,phenotype,2,title_priority_only
11254028,New guaianolides from Artemisia selengensis.,Journal of Asian natural products research,1999,terpene_essential_oil;sesquiterpene_lactone;diterpene_triterpene,lactone,2,title_priority_only
10212442,"Comparative evaluation of the antimicrobial activities of essential oils of Artemisia afra, Pteronia incana and Rosmarinus officinalis on selected bacteria and yeast strains.",Letters in applied microbiology,1999 Apr,terpene_essential_oil,chemistry,2,title_priority_only
10479327,Isolation and identification of dihydroartemisinic acid hydroperoxide from artemisia annua: A novel biosynthetic precursor of artemisinin.,Journal of natural products,1999 Aug,sesquiterpene_lactone,lactone,2,title_priority_only
10630114,Seasonal variations of Artemisinin and its biosynthetic precursors in tetraploid Artemisia annua plants compared with the diploid wild-type.,Planta medica,1999 Dec,terpene_essential_oil;sesquiterpene_lactone;antiparasitic,lactone,2,title_priority_only
10083848,Mono- and sesquiterpenes and antifungal constituents from Artemisia species.,Planta medica,1999 Feb,terpene_essential_oil;sesquiterpene_lactone,chemistry,2,title_priority_only
10563881,Influence of plant growth stage on the essential oil content and composition in Davana (Artemisia pallens wall.).,Journal of agricultural and food chemistry,1999 Jan,terpene_essential_oil,chemistry,2,title_priority_only
10626375,"Amorpha-4,11-diene synthase catalyses the first probable step in artemisinin biosynthesis.",Phytochemistry,1999 Nov,terpene_essential_oil;sesquiterpene_lactone;biosynthesis_genes;antiparasitic,lactone;genomics,2,title_priority_only
10486140,"Cloning, expression, and characterization of epi-cedrol synthase, a sesquiterpene cyclase from Artemisia annua L.",Archives of biochemistry and biophysics,1999 Sep 15,terpene_essential_oil;sesquiterpene_lactone;biosynthesis_genes;antiparasitic,chemistry,2,title_priority_only
10665980,Current status of artemisinin and its derivatives as antimalarial drugs.,Life sciences,2000,terpene_essential_oil;sesquiterpene_lactone;biosynthesis_genes;antiparasitic;safety,lactone;phenotype,2,title_priority_only
10780563,The sesquiterpene lactone dehydroleucodine (DhL) affects the growth of cultured epimastigotes of Trypanosoma cruzi.,The Journal of parasitology,2000 Apr,terpene_essential_oil;sesquiterpene_lactone,chemistry;lactone,2,title_priority_only
11317598,"Ineffectiveness of essential oils from Artemisia afra (Asteraceae), Lantana angiolensis (Verbenaceae) and Syzygium hiullense (Myrtaceae) in inhibiting mosquito biting.",The Central African journal of medicine,2000 Aug,terpene_essential_oil,chemistry,2,title_priority_only
11141102,Guaiane dimers and germacranolide from Artemisia caruifolia.,Journal of natural products,2000 Dec,terpene_essential_oil;sesquiterpene_lactone;biosynthesis_genes,lactone,2,title_priority_only
14658510,Repellency and toxicity of oil from Artemisia annua to certain stored-product beetles.,Journal of economic entomology,2000 Feb,terpene_essential_oil;safety,phenotype,2,title_priority_only
10865468,Terpenoids and flavonoids from Artemisia species.,Planta medica,2000 May,terpene_essential_oil;sesquiterpene_lactone,chemistry,2,title_priority_only
11105585,"Triterpenoids, p-coumaric acid esters and flavonoids from Artemisia igniaria.",Planta medica,2000 Oct,terpene_essential_oil;diterpene_triterpene,chemistry,2,title_priority_only
11449517,A new germacranolide from Artemisia pallens.,Fitoterapia,2000 Sep,terpene_essential_oil;sesquiterpene_lactone,lactone,2,title_priority_only
10996256,Cloning and molecular analysis of two new sesquiterpene cyclases from Artemisia annua L.,Plant science : an international journal of experimental plant biology,2000 Sep 8,sesquiterpene_lactone;genomics_phylogenomics;antiparasitic,chemistry,2,title_priority_only
11341733,"Genome size in 21 Artemisia L. species (Asteraceae, Anthemideae): systematic, evolutionary, and ecological implications.",Genome,2001 Apr,genomics_phylogenomics,genomics,2,title_priority_only
11561861,"Toxicity, feeding deterrence, and effect of activity of 1,8-cineole from Artemisia annua on progeny production of Tribolium castanaeum (Coleoptera: Tenebrionidae).",Journal of economic entomology,2001 Aug,terpene_essential_oil;safety,phenotype,2,title_priority_only
11772351,The genetics of artemisinin content in Artemisia annua L. and the breeding of high yielding cultivars.,Current medicinal chemistry,2001 Dec,terpene_essential_oil;sesquiterpene_lactone;antiparasitic,lactone,2,title_priority_only
11217106,Triterpenes and lignans from Artemisia caruifolia and their cytotoxic effects on meth-A and LLC tumor cell lines.,Chemical & pharmaceutical bulletin,2001 Feb,terpene_essential_oil;diterpene_triterpene,chemistry,2,title_priority_only
11233109,Acaricidal properties of Artemisia absinthium and Tanacetum vulgare (Asteraceae) essential oils obtained by three methods of extraction.,Journal of economic entomology,2001 Feb,terpene_essential_oil;safety,chemistry,2,title_priority_only
11289612,"Amorpha-4,11-diene synthase: cloning and functional expression of a key enzyme in the biosynthetic pathway of the novel antimalarial drug artemisinin.",Planta,2001 Feb,terpene_essential_oil;sesquiterpene_lactone;biosynthesis_genes;antiparasitic;safety,lactone;phenotype,2,title_priority_only
11181083,Purification and characterization of an enzyme involved in biochemical transformation of arteannuin B to artemisinin from Artemisia annua.,Biochemical and biophysical research communications,2001 Feb 23,terpene_essential_oil;sesquiterpene_lactone;biosynthesis_genes;antiparasitic;safety,lactone,2,title_priority_only
11268106,"The antioxidant activity of the essential oils of Artemisia afra, Artemisia abyssinica and Juniperus procera.",Phytotherapy research : PTR,2001 Mar,terpene_essential_oil;biosynthesis_genes,chemistry,2,title_priority_only
12587172,[Analysis of essential oil from Artemisia annul L. by extraction of different methods].,Zhong yao cai = Zhongyaocai = Journal of Chinese medicinal materials,2001 Mar,terpene_essential_oil,chemistry,2,title_priority_only
11578659,Artemisinin and its derivatives: an important new class of antimalarial agents.,Pharmacology & therapeutics,2001 May-Jun,terpene_essential_oil;sesquiterpene_lactone;antiparasitic;safety,lactone;phenotype,2,title_priority_only
11975484,Dimeric guaianolides and a fulvenoguaianolide from Artemisia myriantha.,Journal of natural products,2002 Apr,terpene_essential_oil;sesquiterpene_lactone,lactone,2,title_priority_only
11926070,Sesquiterpene lactone dehydroleucodine selectively induces transient arrest in G2 in Allium cepa root meristematic cells.,Protoplasma,2002 Feb,terpene_essential_oil;sesquiterpene_lactone,chemistry;lactone,2,title_priority_only
11809456,"The monoterpenes of Artemisia tridentata ssp. vaseyana, Artemisia cana ssp. viscidula and Artemisia tridentata ssp. spiciformis.",Phytochemistry,2002 Jan,terpene_essential_oil;diterpene_triterpene,chemistry,2,title_priority_only
11784134,Structure-activity relationships of the antimalarial agent artemisinin. 6. The development of predictive in vitro potency models using CoMFA and HQSAR methodologies.,Journal of medicinal chemistry,2002 Jan 17,terpene_essential_oil;sesquiterpene_lactone;antiparasitic,lactone;phenotype,2,title_priority_only
11833740,Simple and rapid physico-chemical methods to examine action of antimalarial drugs with hemin: its application to Artemisia annua constituents.,Life sciences,2002 Jan 4,terpene_essential_oil;sesquiterpene_lactone;antiparasitic;safety,phenotype,2,title_priority_only
12135497,"Fusion of farnesyldiphosphate synthase and epi-aristolochene synthase, a sesquiterpene cyclase involved in capsidiol biosynthesis in Nicotiana tabacum.",European journal of biochemistry,2002 Jul,terpene_essential_oil;biosynthesis_genes;genomics_phylogenomics,chemistry;genomics,2,title_priority_only
11853748,Germacranolides from Artemisia myriantha and their conformation.,Phytochemistry,2002 Mar,terpene_essential_oil;sesquiterpene_lactone,lactone,2,title_priority_only
12164281,Antimicrobial properties of the essential oil of Artemisia asiatica Nakai.,Phytotherapy research : PTR,2002 May,terpene_essential_oil,chemistry,2,title_priority_only
12428948,Antifungal constituents of the essential oil fraction of Artemisia dracunculus L. Var. dracunculus.,Journal of agricultural and food chemistry,2002 Nov 20,terpene_essential_oil,chemistry,2,title_priority_only
12385883,Antibacterial and antioxidant activities of Artemisia annua essential oil.,Fitoterapia,2002 Oct,terpene_essential_oil,chemistry,2,title_priority_only
12110308,Molecular docking and 3-D-QSAR studies on the possible antimalarial mechanism of artemisinin analogues.,Bioorganic & medicinal chemistry,2002 Sep,terpene_essential_oil;sesquiterpene_lactone;biosynthesis_genes;antiparasitic,lactone;phenotype,2,title_priority_only
12709893,"Artemisinin, a novel antimalarial drug: biochemical and molecular approaches for enhanced production.",Planta medica,2003 Apr,terpene_essential_oil;sesquiterpene_lactone;biosynthesis_genes;antiparasitic,lactone;phenotype,2,title_priority_only
12713410,Sesquiterpenoids from Artemisia gilvescens and an anti-MRSA compound.,Journal of natural products,2003 Apr,terpene_essential_oil,chemistry,2,title_priority_only
12789527,Tetraploid Artemisia annua hairy roots produce more artemisinin than diploids.,Plant cell reports,2003 Apr,terpene_essential_oil;sesquiterpene_lactone;biosynthesis_genes;antiparasitic,lactone,2,title_priority_only
14746350,Thirteen-week repeated dose toxicity study of wormwood (Artemisia absinthium) extract in rats.,The Journal of toxicological sciences,2003 Dec,safety,phenotype,2,title_priority_only
14750037,Chemical composition and antibacterial activity of essential oil of Artemisia iwayomogi.,Planta medica,2003 Dec,terpene_essential_oil,chemistry,2,title_priority_only
12624823,Composition and antimicrobial activity of the essential oil of Artemisia absinthium from Croatia and France.,Planta medica,2003 Feb,terpene_essential_oil;safety,chemistry,2,title_priority_only
12816510,First enantioselective synthesis and absolute stereochemistry assignment of new monocyclic sesquiterpenes from Artemisia chamaemelifolia.,The Journal of organic chemistry,2003 Jun 27,terpene_essential_oil,chemistry,2,title_priority_only
12967596,Central properties of the essential oil and the crude ethanol extract from aerial parts of Artemisia annua L.,Pharmacological research,2003 Nov,terpene_essential_oil;sesquiterpene_lactone;safety,chemistry,2,title_priority_only
15971573,[Advances in molecular regulation of artemisinin biosynthesis].,Sheng wu gong cheng xue bao = Chinese journal of biotechnology,2003 Nov,terpene_essential_oil;sesquiterpene_lactone;biosynthesis_genes;antiparasitic,lactone;genomics,2,title_priority_only
14611181,Seasonal and phenological variations of the essential oil from the narrow endemic species Artemisia molinieri and its biological activities.,Journal of agricultural and food chemistry,2003 Nov 19,terpene_essential_oil,chemistry,2,title_priority_only
14713157,Silphiperfolane sesquiterpene acids from Artemisia chamaemelifolia Vill.,"Zeitschrift fur Naturforschung. C, Journal of biosciences",2003 Nov-Dec,terpene_essential_oil,chemistry,2,title_priority_only
12946429,Terpenoids from the seeds of Artemisia annua.,Phytochemistry,2003 Sep,terpene_essential_oil;sesquiterpene_lactone;diterpene_triterpene;biosynthesis_genes;antiparasitic,chemistry,2,title_priority_only
12889030,Scale-up of Artemisia annua L. hairy root cultures produces complex patterns of terpenoid gene expression.,Biotechnology and bioengineering,2003 Sep 20,terpene_essential_oil;sesquiterpene_lactone;biosynthesis_genes;antiparasitic,chemistry,2,title_priority_only
15234763,Anthelmintic activity of Artemisia brevifolia in sheep.,Journal of ethnopharmacology,2004 Aug,antiparasitic,phenotype,2,title_priority_only
15595609,Progress in the research of artemisinin and its analogues as antimalarials: an update.,Natural product research,2004 Dec,terpene_essential_oil;sesquiterpene_lactone;antiparasitic;safety,lactone;phenotype,2,title_priority_only
14993622,Pharmacokinetic study of artemisinin after oral intake of a traditional preparation of Artemisia annua L. (annual wormwood).,The American journal of tropical medicine and hygiene,2004 Feb,terpene_essential_oil;sesquiterpene_lactone;biosynthesis_genes;antiparasitic;safety,lactone,2,title_priority_only
15030924,Antimicrobial activity of Artemisia douglasiana leaf essential oil.,Fitoterapia,2004 Mar,terpene_essential_oil;safety,chemistry,2,title_priority_only
15134519,Recent advances in artemisinin and its derivatives as antimalarial and antitumor agents.,Current medicinal chemistry,2004 May,terpene_essential_oil;sesquiterpene_lactone;antiparasitic,lactone;phenotype,2,title_priority_only
15181829,[Induction of apoptosis of cultured hepatocarcinoma cell by essential oil of Artemisia Annul L].,Sichuan da xue xue bao. Yi xue ban = Journal of Sichuan University. Medical science edition,2004 May,terpene_essential_oil,chemistry,2,title_priority_only
15551137,Alteration of biomass and artemisinin production in Artemisia annua hairy roots by media sterilization method and sugars.,Plant cell reports,2004 Nov,terpene_essential_oil;sesquiterpene_lactone;biosynthesis_genes;antiparasitic,lactone,2,title_priority_only
15325732,Anticonvulsant activity and chemical composition of Artemisia dracunculus L. essential oil.,Journal of ethnopharmacology,2004 Oct,terpene_essential_oil;safety,chemistry,2,title_priority_only
16011283,[Studies on the chemical constituents of the essential oil of Artemisia dracunculus].,Zhongguo Zhong yao za zhi = Zhongguo zhongyao zazhi = China journal of Chinese materia medica,2005 Apr,terpene_essential_oil,chemistry,2,title_priority_only
15975845,Cytotoxicity and gene induction by some essential oils in the yeast Saccharomyces cerevisiae.,Mutation research,2005 Aug 1,terpene_essential_oil;biosynthesis_genes;safety,chemistry;phenotype,2,title_priority_only
15729631,Chemical composition and antimicrobial activity of the essential oils of Artemisia scoparia and A. capillaris.,Planta medica,2005 Feb,terpene_essential_oil,chemistry,2,title_priority_only
15567314,Liposomal incorporation of Artemisia arborescens L. essential oil and in vitro antiviral activity.,European journal of pharmaceutics and biopharmaceutics : official journal of Arbeitsgemeinschaft fur Pharmazeutische Verfahrenstechnik e.V,2005 Jan,terpene_essential_oil,chemistry,2,title_priority_only
16222790,Laboratory evaluation of Artemisia annua L. extract and artemisinin activity against Epilachna paenulata and Spodoptera eridania.,Journal of chemical ecology,2005 Jul,sesquiterpene_lactone;biosynthesis_genes,lactone,2,title_priority_only
15971134,Chemical composition and antimicrobial activity of the essential oil of Artemisia lavandulaefolia.,Planta medica,2005 Jun,terpene_essential_oil,chemistry,2,title_priority_only
15740015,Screening of chemical composition and antifungal and antioxidant activities of the essential oils from three Turkish artemisia species.,Journal of agricultural and food chemistry,2005 Mar 9,terpene_essential_oil;antiparasitic,chemistry,2,title_priority_only
16342793,"Simultaneous densitometric determination of artemisinin, artemisinic acid and arteannuin-B in Artemisia annua using reversed-phase thin layer chromatography.",Journal of separation science,2005 Nov,terpene_essential_oil;sesquiterpene_lactone;antiparasitic,lactone,2,title_priority_only
16302761,"Determination of the chemical composition and antioxidant activity of the essential oil of Artemisia dracunculus and of the antifungal and antibacterial activities of Turkish Artemisia absinthium, A. dracunculus, Artemisia santonicum, and Artemisia spicigera essential oils.",Journal of agricultural and food chemistry,2005 Nov 30,terpene_essential_oil,chemistry,2,title_priority_only
16309236,Synergistic cytotoxicity of artemisinin and sodium butyrate on human cancer cells.,Anticancer research,2005 Nov-Dec,terpene_essential_oil;sesquiterpene_lactone;antiparasitic;safety,lactone;phenotype,2,title_priority_only
16131103,Analysis of artemisinin in Artemisia annua L. by LC-MS with selected ion monitoring.,Journal of agricultural and food chemistry,2005 Sep 7,terpene_essential_oil;sesquiterpene_lactone;antiparasitic,lactone,2,title_priority_only
16572925,Assessment of the toxicity of Artemisia inculta extract on the bone marrow of mice infected with schistosomiasis.,Arzneimittel-Forschung,2006,safety,phenotype,2,title_priority_only
17243478,Determination of artemisinin in Artemisia sieberi and anticoccidial effects of the plant extract in broiler chickens.,Tropical animal health and production,2006,terpene_essential_oil;sesquiterpene_lactone;antiparasitic,lactone,2,title_priority_only
17390897,Chemical composition and antifungal activity of the essential oils of three species of Artemisia on some soil-borne phytopathogens.,Communications in agricultural and applied biological sciences,2006,terpene_essential_oil;safety,chemistry,2,title_priority_only
16579958,Isoprenoid biosynthesis in Artemisia annua: cloning and heterologous expression of a germacrene A synthase from a glandular trichome cDNA library.,Archives of biochemistry and biophysics,2006 Apr 15,terpene_essential_oil;sesquiterpene_lactone;biosynthesis_genes;antiparasitic,genomics,2,title_priority_only
16701762,Artemisinin in traditional tea preparations of Artemisia annua.,Transactions of the Royal Society of Tropical Medicine and Hygiene,2006 Aug,terpene_essential_oil;sesquiterpene_lactone;antiparasitic,lactone,2,title_priority_only
16773335,Artemisinin: current state and perspectives for biotechnological production of an antimalarial drug.,Applied microbiology and biotechnology,2006 Aug,terpene_essential_oil;sesquiterpene_lactone;biosynthesis_genes;antiparasitic,lactone;phenotype,2,title_priority_only
16584150,Artemisia arborescens L essential oil-loaded solid lipid nanoparticles for potential agricultural application: preparation and characterization.,AAPS PharmSciTech,2006 Jan 3,terpene_essential_oil,chemistry,2,title_priority_only
16488585,Simultaneous analysis of artemisinin and flavonoids of several extracts of Artemisia annua L. obtained from a commercial sample and a selected cultivar.,Phytomedicine : international journal of phytotherapy and phytopharmacology,2006 Jul,terpene_essential_oil;sesquiterpene_lactone;antiparasitic;safety,lactone,2,title_priority_only
16624501,"Arthropod repellency, especially tick (Ixodes ricinus), exerted by extract from Artemisia abrotanum and essential oil from flowers of Dianthus caryophyllum.",Fitoterapia,2006 Jun,terpene_essential_oil,chemistry,2,title_priority_only
17039878,[Studies on the chemical constituents of essential oil of Hunan Artemisia annua].,Zhong yao cai = Zhongyaocai = Journal of Chinese medicinal materials,2006 Jun,terpene_essential_oil,chemistry,2,title_priority_only
16650427,Quantitation of artemisinin and its biosynthetic precursors in Artemisia annua L. by high performance liquid chromatography-electrospray quadrupole time-of-flight tandem mass spectrometry.,Journal of chromatography. A,2006 Jun 23,terpene_essential_oil;sesquiterpene_lactone;biosynthesis_genes;antiparasitic,lactone,2,title_priority_only
16787028,Chemical composition of the essential oils of serbian wild-growing Artemisia absinthium and Artemisia vulgaris.,Journal of agricultural and food chemistry,2006 Jun 28,terpene_essential_oil,chemistry,2,title_priority_only
16557475,Trichome dynamics and artemisinin accumulation during development and senescence of Artemisia annua leaves.,Planta medica,2006 Mar,terpene_essential_oil;sesquiterpene_lactone;biosynthesis_genes;antiparasitic,lactone,2,title_priority_only
16604107,"Genome size variation in the Artemisia arborescens complex (Asteraceae, Anthemideae) and its cultivars.",Genome,2006 Mar,biosynthesis_genes;genomics_phylogenomics,genomics,2,title_priority_only
16850722,[Determination of artemisinin in Artemisia annuna by HPLC-ELSD].,Zhong yao cai = Zhongyaocai = Journal of Chinese medicinal materials,2006 Mar,terpene_essential_oil;sesquiterpene_lactone;antiparasitic,lactone,2,title_priority_only
28290017,Artemisia arborescens L essential oil-loaded solid lipid nanoparticles for potential agricultural application: Preparation and characterization.,AAPS PharmSciTech,2006 Mar,terpene_essential_oil,chemistry,2,title_priority_only
16444785,Artemisone--a highly active antimalarial drug of the artemisinin class.,Angewandte Chemie (International ed. in English),2006 Mar 20,terpene_essential_oil;sesquiterpene_lactone;antiparasitic,lactone;phenotype,2,title_priority_only
16724836,"Cyclization mechanism of amorpha-4,11-diene synthase, a key enzyme in artemisinin biosynthesis.",Journal of natural products,2006 May,terpene_essential_oil;sesquiterpene_lactone;biosynthesis_genes;antiparasitic,lactone;genomics,2,title_priority_only
16952365,"Direct analysis of artemisinin from Artemisia annua L. using high-performance liquid chromatography with evaporative light scattering detector, and gas chromatography with flame ionization detector.",Journal of chromatography. A,2006 Nov 10,terpene_essential_oil;sesquiterpene_lactone;antiparasitic,lactone,2,title_priority_only
16230008,Repellent and insecticidal activities of essential oils from Artemisia princeps and Cinnamomum camphora and their effect on seed germination of wheat and broad bean.,Bioresource technology,2006 Oct,terpene_essential_oil;safety,chemistry,2,title_priority_only
16860353,Alpha-pinene-type monoterpenes and other constituents from Artemisia suksdorfii.,Phytochemistry,2006 Oct,terpene_essential_oil,chemistry,2,title_priority_only
16902856,"Antiviral effect of artemisinin from Artemisia annua against a model member of the Flaviviridae family, the bovine viral diarrhoea virus (BVDV).",Planta medica,2006 Oct,terpene_essential_oil;sesquiterpene_lactone;antiparasitic;safety,lactone,2,title_priority_only
17032625,Comparison of composition and antifungal activity of Artemisia argyi Lévl. et Vant inflorescence essential oil extracted by hydrodistillation and supercritical carbon dioxide.,Natural product research,2006 Sep,terpene_essential_oil,chemistry,2,title_priority_only
17037210,[The preparation of an elicitor from a fungal endophyte to enhance artemisinin production in hairy root cultures of Artemisia annua L].,Sheng wu gong cheng xue bao = Chinese journal of biotechnology,2006 Sep,terpene_essential_oil;sesquiterpene_lactone;biosynthesis_genes;antiparasitic,lactone,2,title_priority_only
18019840,SLN as a topical delivery system for Artemisia arborescens essential oil: in vitro antiviral activity and skin permeation study.,International journal of nanomedicine,2007,terpene_essential_oil;biosynthesis_genes;safety,chemistry,2,title_priority_only
17368686,"The effect of essential oils of dietary wormwood (Artemisia princeps), with and without added vitamin E, on oxidative stress and some genes involved in cholesterol metabolism.",Food and chemical toxicology : an international journal published for the British Industrial Biological Research Association,2007 Aug,terpene_essential_oil;diterpene_triterpene;biosynthesis_genes;safety,chemistry,2,title_priority_only
17611929,"Preparation of a novel monoclonal antibody against the antimalarial drugs, artemisinin and artesunate.",Planta medica,2007 Aug,terpene_essential_oil;sesquiterpene_lactone;biosynthesis_genes;antiparasitic;safety,lactone;phenotype,2,title_priority_only
17612552,Determination of essential oil components of Artemisia haussknechtii Boiss. using simultaneous hydrodistillation-static headspace liquid phase microextraction-gas chromatography mass spectrometry.,Journal of chromatography. A,2007 Aug 10,terpene_essential_oil,chemistry,2,title_priority_only
17915817,Artemisia arborescens L essential oil loaded beads: preparation and characterization.,AAPS PharmSciTech,2007 Aug 24,terpene_essential_oil,chemistry,2,title_priority_only
18167456,Chemical composition and antibacterial activity of essential oil from Artemisia feddei.,Journal of microbiology and biotechnology,2007 Dec,terpene_essential_oil;safety,chemistry,2,title_priority_only
16908191,Improved conditions for production of recombinant plant sesquiterpene synthases in Escherichia coli.,Protein expression and purification,2007 Jan,biosynthesis_genes,chemistry;genomics,2,title_priority_only
17386456,An effective method for fast determination of artemisinin in Artemisia annua L. by high performance liquid chromatography with evaporative light scattering detection.,Analytica chimica acta,2007 Jan 9,terpene_essential_oil;sesquiterpene_lactone;antiparasitic,lactone,2,title_priority_only
17399751,Functional genomics and the biosynthesis of artemisinin.,Phytochemistry,2007 Jul,terpene_essential_oil;sesquiterpene_lactone;biosynthesis_genes;genomics_phylogenomics;antiparasitic,lactone;genomics,2,title_priority_only
17426924,Improvement of artemisinin production by chitosan in hairy root cultures of Artemisia annua L.,Biotechnology letters,2007 Jul,terpene_essential_oil;sesquiterpene_lactone;biosynthesis_genes;antiparasitic,lactone,2,title_priority_only
17489600,"Artarborol, a nor-caryophyllane sesquiterpene alcohol from Artemisia arborescens. stereostructure assignment through concurrence of NMR data and computational analysis.",Organic letters,2007 Jun 7,terpene_essential_oil,chemistry,2,title_priority_only
17273805,Inhibitory effect of Artemisia capillaris extract on cytokine-induced nitric oxide formation and cytotoxicity of RINm5F cells.,International journal of molecular medicine,2007 Mar,biosynthesis_genes,phenotype,2,title_priority_only
19069870,Grazing affects essential oil compositions of Artemisia sieberi Besser.,Pakistan journal of biological sciences : PJBS,2007 Mar 1,terpene_essential_oil,chemistry,2,title_priority_only
17295513,"Nutrient deficiency in the production of artemisinin, dihydroartemisinic acid, and artemisinic acid in Artemisia annua L.",Journal of agricultural and food chemistry,2007 Mar 7,terpene_essential_oil;sesquiterpene_lactone;biosynthesis_genes;antiparasitic,lactone,2,title_priority_only
17367969,Acute and chronic toxicity of the aqueous extract of Artemisia afra in rodents.,Journal of ethnopharmacology,2007 May 30,safety,phenotype,2,title_priority_only
17500366,TLC-densitometric analysis of artemisinin for the rapid screening of high-producing plantlets of Artemisia annua L.,Phytochemical analysis : PCA,2007 May-Jun,terpene_essential_oil;sesquiterpene_lactone;biosynthesis_genes;antiparasitic,lactone,2,title_priority_only
17578608,Effects of arbuscular mycorrhiza and phosphorus application on artemisinin concentration in Artemisia annua L.,Mycorrhiza,2007 Oct,terpene_essential_oil;sesquiterpene_lactone;biosynthesis_genes;antiparasitic,lactone,2,title_priority_only
18300498,[Determination of artemisinin in Artemisia annua by the ultraviolet spectrophotometric].,Zhong yao cai = Zhongyaocai = Journal of Chinese medicinal materials,2007 Oct,terpene_essential_oil;sesquiterpene_lactone;antiparasitic,lactone,2,title_priority_only
18050742,"[Determination of artemisinin, arteannuin B and artemisinic acid in Herba Artemisiae Annuae by HPLC-UV-ELSD].",Yao xue xue bao = Acta pharmaceutica Sinica,2007 Sep,terpene_essential_oil;sesquiterpene_lactone;antiparasitic,lactone,2,title_priority_only
18161342,[Study on chemical constituents of the essential oil from Artemisia selengensis in Dongting Lake Area].,Se pu = Chinese journal of chromatography,2007 Sep,terpene_essential_oil,chemistry,2,title_priority_only
17894898,Antiherpevirus activity of Artemisia arborescens essential oil and inhibition of lateral diffusion in Vero cells.,Annals of clinical microbiology and antimicrobials,2007 Sep 26,terpene_essential_oil,chemistry,2,title_priority_only
18336574,Engineering triterpene production in Saccharomyces cerevisiae-beta-amyrin synthase from Artemisia annua.,The FEBS journal,2008 Apr,terpene_essential_oil;diterpene_triterpene;biosynthesis_genes,chemistry,2,title_priority_only
18670120,A cytotoxic and apoptosis-inducing sesquiterpenoid isolated from the aerial parts of Artemisia princeps PAMPANINI (Sajabalssuk).,Chemical & pharmaceutical bulletin,2008 Aug,terpene_essential_oil;safety,chemistry,2,title_priority_only
19085421,A new triterpenoid saponin from Artemisia sphaerocephala.,Natural product research,2008 Dec,terpene_essential_oil;diterpene_triterpene,chemistry,2,title_priority_only
17886232,Inhibition of microglial neurotoxicity by ethanol extract of Artemisia asiatica Nakai.,Phytotherapy research : PTR,2008 Feb,biosynthesis_genes,phenotype,2,title_priority_only
18211551,Effect of arbuscular mycorrhizal (AM) colonization on terpene emission and content of Artemisia annua L.,"Plant biology (Stuttgart, Germany)",2008 Jan,terpene_essential_oil;biosynthesis_genes,chemistry,2,title_priority_only
18666951,Nitric oxide potentiates oligosaccharide-induced artemisinin production in Artemisia annua hairy roots.,Journal of integrative plant biology,2008 Jan,terpene_essential_oil;sesquiterpene_lactone;biosynthesis_genes;antiparasitic,lactone,2,title_priority_only
18386496,Artemisinin production by shoot regeneration of Artemisia annua L. using thidiazuron.,"Zeitschrift fur Naturforschung. C, Journal of biosciences",2008 Jan-Feb,terpene_essential_oil;sesquiterpene_lactone;biosynthesis_genes;antiparasitic,lactone,2,title_priority_only
17804216,Yield enhancement strategies for artemisinin production by suspension cultures of Artemisia annua.,Bioresource technology,2008 Jul,terpene_essential_oil;sesquiterpene_lactone;biosynthesis_genes;antiparasitic,lactone,2,title_priority_only
18546395,Preparative isolation of guaipyridine sesquiterpene alkaloid from Artemisia rupestris L. flowers using high-speed counter-current chromatography.,Journal of separation science,2008 Jul,terpene_essential_oil,chemistry,2,title_priority_only
18197598,Quantification of artemisinin in Artemisia annua extracts by 1H-NMR.,Phytochemical analysis : PCA,2008 Jul-Aug,terpene_essential_oil;sesquiterpene_lactone;antiparasitic,lactone,2,title_priority_only
17972063,Understanding artemisinin-induced brainstem neurotoxicity.,Archives of toxicology,2008 Jun,terpene_essential_oil;sesquiterpene_lactone;antiparasitic;safety,lactone;phenotype,2,title_priority_only
18397765,Mass propagation and essential oil analysis of Artemisia vulgaris.,Journal of bioscience and bioengineering,2008 Mar,terpene_essential_oil;biosynthesis_genes;safety,chemistry,2,title_priority_only
18322852,A rapid method for the quantification of artemisinin in Artemisia annua L. plants cultivated for the first time in Burundi.,Natural product research,2008 Mar 10,terpene_essential_oil;sesquiterpene_lactone;antiparasitic,lactone,2,title_priority_only
18814660,Effect of drying temperature on essential oil content and composition of sweet wormwood (Artemisia annua) growing wild in Iran.,Pakistan journal of biological sciences : PJBS,2008 Mar 15,terpene_essential_oil;biosynthesis_genes,chemistry,2,title_priority_only
18814663,Chemical composition of the essential oil of Artemisia absinthium growing wild in Iran.,Pakistan journal of biological sciences : PJBS,2008 Mar 15,terpene_essential_oil;biosynthesis_genes;safety,chemistry,2,title_priority_only
18059047,Development and validation of a simple thin layer chromatographic method for the analysis of artemisinin in Artemisia annua L. plant extracts.,Biomedical chromatography : BMC,2008 May,terpene_essential_oil;sesquiterpene_lactone;antiparasitic,lactone,2,title_priority_only
18417176,"Screening of chemical composition, antimicrobial and antioxidant activities of Artemisia essential oils.",Phytochemistry,2008 May,terpene_essential_oil;safety,chemistry,2,title_priority_only
18353342,Affordable and sensitive determination of artemisinin in Artemisia annua L. by gas chromatography with electron-capture detection.,Journal of chromatography. A,2008 May 9,terpene_essential_oil;sesquiterpene_lactone;antiparasitic,lactone,2,title_priority_only
19016136,"Effects of low-dose gamma irradiation on artemisinin content and amorpha-4,11-diene synthase activity in Artemisia annua L.",International journal of radiation biology,2008 Nov,terpene_essential_oil;sesquiterpene_lactone;biosynthesis_genes;antiparasitic,lactone,2,title_priority_only
18438634,A new sesquiterpene from Artemisia vulgaris.,Journal of natural medicines,2008 Oct,terpene_essential_oil,chemistry,2,title_priority_only
18576826,Natural sesquiterpene lactones are active against Leishmania mexicana.,The Journal of parasitology,2008 Oct,terpene_essential_oil;sesquiterpene_lactone;antiparasitic,chemistry;lactone,2,title_priority_only
18816428,Quantitative transcript profiling reveals down-regulation of A sterol pathway relevant gene and overexpression of artemisinin biogenetic genes in transgenic Artemisia annua plants.,Planta medica,2008 Oct,terpene_essential_oil;sesquiterpene_lactone;diterpene_triterpene;biosynthesis_genes;genomics_phylogenomics;antiparasitic,lactone,2,title_priority_only
18054484,Bioactivity of two major constituents isolated from the essential oil of Artemisia judaica L.,Bioresource technology,2008 Sep,terpene_essential_oil;safety,chemistry,2,title_priority_only
19024560,Component composition of the essential oil of the Artemisia lerchiana Web. from the southeastern Russia.,Doklady. Biochemistry and biophysics,2008 Sep-Oct,terpene_essential_oil,chemistry,2,title_priority_only
19040104,Phytotoxicity of major constituents of the volatile oil from leaves of Artemisia scoparia Waldst. & Kit.,"Zeitschrift fur Naturforschung. C, Journal of biosciences",2008 Sep-Oct,terpene_essential_oil;safety,phenotype,2,title_priority_only
19811407,The essential oil isolated from Artemisia capillaris prevents LPS-induced production of NO and PGE(2) by inhibiting MAPK-mediated pathways in RAW 264.7 macrophages.,Immunological investigations,2009,terpene_essential_oil;biosynthesis_genes,chemistry,2,title_priority_only
19391681,Degradation and ecotoxicity of the biomedical drug artemisinin in soil.,Environmental toxicology and chemistry,2009 Apr,terpene_essential_oil;sesquiterpene_lactone;biosynthesis_genes;antiparasitic;safety,lactone;phenotype,2,title_priority_only
19384287,Essential oil composition of Artemisia herba-alba from southern Tunisia.,"Molecules (Basel, Switzerland)",2009 Apr 20,terpene_essential_oil;safety,chemistry,2,title_priority_only
19483202,Enhancement of artemisinin concentration and yield in response to optimization of nitrogen and potassium supply to Artemisia annua.,Annals of botany,2009 Aug,terpene_essential_oil;sesquiterpene_lactone;biosynthesis_genes;antiparasitic,lactone,2,title_priority_only
19768995,"Analysis of essential oils of Artemisia absinthium L. from Lithuania by CC, GC(RI), GC-MS and 13C NMR.",Natural product communications,2009 Aug,terpene_essential_oil;diterpene_triterpene;safety,chemistry,2,title_priority_only
19953129,"Ribosomal DNA, heterochromatin, and correlation with genome size in diploid and polyploid North American endemic sagebrushes (Artemisia, Asteraceae).",Genome,2009 Dec,genomics_phylogenomics,genomics,2,title_priority_only
20020464,Chemical composition of hydrodistilled essential oil of Artemisia incana (L.) Druce and antimicrobial activity against foodborne microorganisms.,Chemistry & biodiversity,2009 Dec,terpene_essential_oil;safety,chemistry,2,title_priority_only
19066864,Development of a sensitive monoclonal antibody-based enzyme-linked immunosorbent assay for the antimalaria active ingredient artemisinin in the Chinese herb Artemisia annua L.,Analytical and bioanalytical chemistry,2009 Feb,terpene_essential_oil;sesquiterpene_lactone;antiparasitic,lactone,2,title_priority_only
19194753,Essential oil of Artemisia scoparia inhibits plant growth by generating reactive oxygen species and causing oxidative damage.,Journal of chemical ecology,2009 Feb,terpene_essential_oil;biosynthesis_genes;safety,chemistry,2,title_priority_only
19236169,Artemisia species: From traditional medicines to modern antimalarials--and back again.,"Journal of alternative and complementary medicine (New York, N.Y.)",2009 Feb,antiparasitic,phenotype,2,title_priority_only
19370939,Composition and antibacterial activity of essential oils of Artemisia fragrans Willd. leaves and roots from Iran.,Natural product communications,2009 Feb,terpene_essential_oil,chemistry,2,title_priority_only
19006645,Transferrin receptor-dependent cytotoxicity of artemisinin-transferrin conjugates on prostate cancer cells and induction of apoptosis.,Cancer letters,2009 Feb 18,terpene_essential_oil;sesquiterpene_lactone;biosynthesis_genes;antiparasitic;safety,lactone;phenotype,2,title_priority_only
19634335,Compositional variation of the essential oils of Artemisia afra Jacq. from three provinces in South Africa--a case study of its safety.,Natural product communications,2009 Jun,terpene_essential_oil;safety,chemistry,2,title_priority_only
19429377,MAPK activation is necessary to the apoptotic death of KB cells induced by the essential oil isolated from Artemisia iwayomogi.,Journal of ethnopharmacology,2009 Jun 22,terpene_essential_oil;biosynthesis_genes,chemistry,2,title_priority_only
18564056,"Development of transgenic Artemisia annua (Chinese wormwood) plants with an enhanced content of artemisinin, an effective anti-malarial drug, by hairpin-RNA-mediated gene silencing.",Biotechnology and applied biochemistry,2009 Mar,terpene_essential_oil;sesquiterpene_lactone;diterpene_triterpene;biosynthesis_genes;antiparasitic,lactone,2,title_priority_only
19070963,Anthelmintic activity of extracts of Artemisia absinthium against ovine nematodes.,Veterinary parasitology,2009 Mar 9,antiparasitic,phenotype,2,title_priority_only
18980258,Analysis of underivatized artemisinin and related sesquiterpene lactones by high-performance liquid chromatography with ultraviolet detection.,Phytochemical analysis : PCA,2009 Mar-Apr,terpene_essential_oil;sesquiterpene_lactone;antiparasitic,chemistry;lactone,2,title_priority_only
19551612,Isolation and identification of novel genes involved in artemisinin production from flowers of Artemisia annua using suppression subtractive hybridization and metabolite analysis.,Planta medica,2009 Nov,terpene_essential_oil;sesquiterpene_lactone;biosynthesis_genes;genomics_phylogenomics;antiparasitic,lactone,2,title_priority_only
19562334,Stimulation of artemisinin synthesis by combined cerebroside and nitric oxide elicitation in Artemisia annua hairy roots.,Applied microbiology and biotechnology,2009 Nov,terpene_essential_oil;sesquiterpene_lactone;diterpene_triterpene;biosynthesis_genes;antiparasitic,lactone,2,title_priority_only
21355326,[Analysis of essential oil in herbal pair Artemisia annua-Agastache rugosa by GC-MS and chemometric resolution method].,Yao xue xue bao = Acta pharmaceutica Sinica,2009 Nov,terpene_essential_oil,chemistry,2,title_priority_only
20492133,Essential oil of Artemisia capillaris induces apoptosis in KB cells via mitochondrial stress and caspase activation mediated by MAPK-stimulated signaling pathway.,Journal of food science,2009 Nov-Dec,terpene_essential_oil;biosynthesis_genes,chemistry,2,title_priority_only
19444796,Simple and rapid micro-scale quantification of artemisinin in living Artemisia annua L. by improved gas chromatography with electron-capture detection.,Biomedical chromatography : BMC,2009 Oct,terpene_essential_oil;sesquiterpene_lactone;biosynthesis_genes;antiparasitic;safety,lactone,2,title_priority_only
19818120,Global characterization of Artemisia annua glandular trichome transcriptome using 454 pyrosequencing.,BMC genomics,2009 Oct 9,terpene_essential_oil;sesquiterpene_lactone;biosynthesis_genes;genomics_phylogenomics;antiparasitic,genomics,2,title_priority_only
20085186,Antibacterial and antioxidant activities of the essential oil of Artemisia echegarayi Hieron. (Asteraceae).,Revista Argentina de microbiologia,2009 Oct-Dec,terpene_essential_oil;safety,chemistry,2,title_priority_only
19831041,Composition and antimicrobial activity of the essential oil of Artemisia kulbadica from Iran.,Natural product communications,2009 Sep,terpene_essential_oil;safety,chemistry,2,title_priority_only
20030071,"[Effects of application of N, P and K and plant density on growth of Artemisia annua and yield of artemisinin].",Zhongguo Zhong yao za zhi = Zhongguo zhongyao zazhi = China journal of Chinese materia medica,2009 Sep,terpene_essential_oil;sesquiterpene_lactone;biosynthesis_genes;antiparasitic,lactone,2,title_priority_only
20030073,"[Correlation analysis on main agronomic characters, yield per plant, artemisinin percentage contents and total artemisinin content per plant of Artemisia annua].",Zhongguo Zhong yao za zhi = Zhongguo zhongyao zazhi = China journal of Chinese materia medica,2009 Sep,terpene_essential_oil;sesquiterpene_lactone;biosynthesis_genes;antiparasitic,lactone,2,title_priority_only
20030092,[Research of Herba Artemisiae Scoporiae inhibits the hepatic lipotoxicity].,Zhongguo Zhong yao za zhi = Zhongguo zhongyao zazhi = China journal of Chinese materia medica,2009 Sep,biosynthesis_genes;safety,phenotype,2,title_priority_only
19789707,Simple field assays to check quality of current artemisinin-based antimalarial combination formulations.,PloS one,2009 Sep 30,terpene_essential_oil;sesquiterpene_lactone;antiparasitic,lactone;phenotype,2,title_priority_only
20722571,An exceptional case of acute renal failure: is there a renal toxicity of Artemisia herba-alba?,Renal failure,2010,safety,phenotype,2,title_priority_only
20052554,"Artemisioside, a new monoterpene glucoside from the aerial parts of Artemisia ordosica (Asteraceae).",Journal of natural medicines,2010 Apr,terpene_essential_oil,chemistry,2,title_priority_only
20096322,In vitro screening of essential oil from young and mature leaves of Artemisia scoparia compared to its major constituents for free radical scavenging activity.,Food and chemical toxicology : an international journal published for the British Industrial Biological Research Association,2010 Apr,terpene_essential_oil;biosynthesis_genes,chemistry,2,title_priority_only
20397218,"Essential-oil composition, antileishmanial, and toxicity study of Artemisia abyssinica and Satureja punctata ssp. punctata from Ethiopia.",Chemistry & biodiversity,2010 Apr,terpene_essential_oil;antiparasitic;safety,phenotype,2,title_priority_only
20845772,[Correlation and path analysis of artemisininum content and related factor on Artemisiae annie in Three Gorges reservoir area].,Zhong yao cai = Zhongyaocai = Journal of Chinese medicinal materials,2010 Apr,terpene_essential_oil;sesquiterpene_lactone;antiparasitic,lactone,2,title_priority_only
20428067,Chemical composition and insecticidal activity against Sitophilus zeamais of the essential oils of Artemisia capillaris and Artemisia mongolica.,"Molecules (Basel, Switzerland)",2010 Apr 12,terpene_essential_oil;safety,chemistry,2,title_priority_only
20657468,Flavonoids from Artemisia annua L. as antioxidants and their potential synergism with artemisinin against malaria and cancer.,"Molecules (Basel, Switzerland)",2010 Apr 29,terpene_essential_oil;sesquiterpene_lactone;biosynthesis_genes;antiparasitic,lactone,2,title_priority_only
20621795,A glandular trichome-specific monoterpene alcohol dehydrogenase from Artemisia annua.,Phytochemistry,2010 Aug,terpene_essential_oil;biosynthesis_genes,chemistry,2,title_priority_only
20730967,Insecticidal activity and chemical composition of the essential oils of Artemisia lavandulaefolia and Artemisia sieversiana from China.,Chemistry & biodiversity,2010 Aug,terpene_essential_oil;safety,chemistry,2,title_priority_only
20084379,DMSO triggers the generation of ROS leading to an increase in artemisinin and dihydroartemisinic acid in Artemisia annua shoot cultures.,Plant cell reports,2010 Feb,terpene_essential_oil;sesquiterpene_lactone;biosynthesis_genes;antiparasitic,lactone,2,title_priority_only
20334124,Effect of miconazole and terbinafine on artemisinin content of shooty teratoma of Artemisia annua.,Natural product communications,2010 Feb,sesquiterpene_lactone;diterpene_triterpene;biosynthesis_genes,lactone,2,title_priority_only
20422987,[Effects of zinc manganese and boron on artemisinin and yields of Artemisia annua].,Zhongguo Zhong yao za zhi = Zhongguo zhongyao zazhi = China journal of Chinese materia medica,2010 Feb,terpene_essential_oil;sesquiterpene_lactone;biosynthesis_genes;antiparasitic,lactone,2,title_priority_only
20050663,"Drying affects artemisinin, dihydroartemisinic acid, artemisinic acid, and the antioxidant capacity of Artemisia annua L. leaves.",Journal of agricultural and food chemistry,2010 Feb 10,terpene_essential_oil;sesquiterpene_lactone;biosynthesis_genes;antiparasitic,lactone,2,title_priority_only
19833181,Hepatoprotective effects of an active part from Artemisia sacrorum Ledeb. against acetaminophen-induced toxicity in mice.,Journal of ethnopharmacology,2010 Feb 3,biosynthesis_genes;safety,phenotype,2,title_priority_only
20335947,Ancient Chinese methods are remarkably effective for the preparation of artemisinin-rich extracts of Qing Hao with potent antimalarial activity.,"Molecules (Basel, Switzerland)",2010 Feb 4,terpene_essential_oil;sesquiterpene_lactone;antiparasitic,lactone;phenotype,2,title_priority_only
20394295,[Toxicity and side effects of artemisiae annuae CQ-189].,Zhongguo Zhong yao za zhi = Zhongguo zhongyao zazhi = China journal of Chinese materia medica,2010 Jan,safety,phenotype,2,title_priority_only
20483909,Molecular cloning and characterization of a broad substrate terpenoid oxidoreductase from Artemisia annua.,Plant & cell physiology,2010 Jul,terpene_essential_oil;biosynthesis_genes,chemistry,2,title_priority_only
20862950,[Accumulation and translocation of cadmium in soil and plant and its effects on growth of Artemisia annua and artemisinin content].,Zhongguo Zhong yao za zhi = Zhongguo zhongyao zazhi = China journal of Chinese materia medica,2010 Jul,terpene_essential_oil;sesquiterpene_lactone;biosynthesis_genes;antiparasitic;safety,lactone,2,title_priority_only
22347230,In Vivo Antimalarial Effects of Iranian Flora Artemisia khorassanica against Plasmodium berghei and Pharmacochemistry of its Natural Components.,Iranian journal of parasitology,2010 Mar,antiparasitic;safety,phenotype,2,title_priority_only
20428043,Effect of sugars on artemisinin production in Artemisia annua L.: transcription and metabolite measurements.,"Molecules (Basel, Switzerland)",2010 Mar 30,terpene_essential_oil;sesquiterpene_lactone;biosynthesis_genes;antiparasitic,lactone,2,title_priority_only
20156520,Artemisia fukudo essential oil attenuates LPS-induced inflammation by suppressing NF-kappaB and MAPK activation in RAW 264.7 macrophages.,Food and chemical toxicology : an international journal published for the British Industrial Biological Research Association,2010 May,terpene_essential_oil;biosynthesis_genes;genomics_phylogenomics;safety,chemistry,2,title_priority_only
20491066,"Computational analysis of the evolution of 1-deoxy-D-xylulose-5-phosphate Reductoisomerase, an important enzyme in plant terpene biosynthesis.",Chemistry & biodiversity,2010 May,terpene_essential_oil;sesquiterpene_lactone;biosynthesis_genes;genomics_phylogenomics;antiparasitic,chemistry;genomics,2,title_priority_only
20521554,Phenyl alkynes rich essential oil of Artemisia capillaris.,Natural product communications,2010 May,terpene_essential_oil,chemistry,2,title_priority_only
20973395,Antidiabetic effect of essential oil from Artemisia sieberi growing in Jordan in normal and alloxan induced diabetic rats.,Pakistan journal of biological sciences : PJBS,2010 May 1,terpene_essential_oil;biosynthesis_genes;safety,chemistry,2,title_priority_only
20470438,Mapping the potential distribution of high artemisinin-yielding Artemisia annua L. (Qinghao) in China with a geographic information system.,Chinese medicine,2010 May 17,sesquiterpene_lactone,lactone,2,title_priority_only
21072770,Composition and intraspecific chemical variability of the essential oil from Artemisia herba-alba growing wild in a Tunisian arid zone.,Chemistry & biodiversity,2010 Nov,terpene_essential_oil;safety,chemistry,2,title_priority_only
21322935,[Correlation and path analysis on artemisinin content and yield with different agronomic traits of Artemisia annua].,Zhongguo Zhong yao za zhi = Zhongguo zhongyao zazhi = China journal of Chinese materia medica,2010 Nov,terpene_essential_oil;sesquiterpene_lactone;antiparasitic,lactone,2,title_priority_only
21047440,Survey of artemisinin production by diverse Artemisia species in northern Pakistan.,Malaria journal,2010 Nov 4,terpene_essential_oil;sesquiterpene_lactone;antiparasitic,lactone,2,title_priority_only
20486075,Highly oxygenated guaianolides from Artemisia dubia.,Planta medica,2010 Oct,terpene_essential_oil;sesquiterpene_lactone,lactone,2,title_priority_only
20724645,Reproductive development modulates gene expression and metabolite levels with possible feedback inhibition of artemisinin in Artemisia annua.,Plant physiology,2010 Oct,terpene_essential_oil;sesquiterpene_lactone;biosynthesis_genes;antiparasitic,lactone,2,title_priority_only
20301056,"Enhancement of artemisinin content through four cycles of recurrent selection with relation to heritability, correlation and molecular marker in Artemisia annua L.",Planta medica,2010 Sep,terpene_essential_oil;sesquiterpene_lactone;antiparasitic,lactone,2,title_priority_only
20362422,Inhibition of tumor cell proliferation and induction of apoptosis in human lung carcinoma 95-D cells by a new sesquiterpene from hairy root cultures of Artemisia annua.,Phytomedicine : international journal of phytotherapy and phytopharmacology,2010 Sep,terpene_essential_oil;biosynthesis_genes,chemistry,2,title_priority_only
20701707,Genome size dynamics in Artemisia L. (Asteraceae): following the track of polyploidy.,"Plant biology (Stuttgart, Germany)",2010 Sep 1,genomics_phylogenomics,genomics,2,title_priority_only
21618184,Antiparasitic efficiency of Artemisia absinthium on Toxocara cati in naturally infected cats.,Turkiye parazitolojii dergisi,2011,antiparasitic,phenotype,2,title_priority_only
21821921,Melanin biosynthesis inhibitors from Tarragon Artemisia dracunculus.,"Bioscience, biotechnology, and biochemistry",2011,biosynthesis_genes,genomics,2,title_priority_only
22615678,"The presence of amorpha-4, 11-diene synthase, a key enzyme in artemisinin production in ten Artemisia species.","Daru : journal of Faculty of Pharmacy, Tehran University of Medical Sciences",2011,sesquiterpene_lactone;biosynthesis_genes,lactone,2,title_priority_only
21188586,Chemical composition and antibacterial potential of Artemisia arborescens L. essential oil.,Current microbiology,2011 Apr,terpene_essential_oil;safety,chemistry,2,title_priority_only
21360406,Artemisinin evaluation in Romanian Artemisia annua wild plants using a new HPLC/MS method.,Natural product research,2011 Apr,terpene_essential_oil;sesquiterpene_lactone;antiparasitic;safety,lactone,2,title_priority_only
21751502,[Climate suitable rank distribution of artemisinin content of Artemisia annua in China].,Yao xue xue bao = Acta pharmaceutica Sinica,2011 Apr,terpene_essential_oil;sesquiterpene_lactone;antiparasitic,lactone,2,title_priority_only
21243378,"Arbuscular mycorrhizal fungi associated with Artemisia umbelliformis Lam, an endangered aromatic species in Southern French Alps, influence plant P and essential oil contents.",Mycorrhiza,2011 Aug,terpene_essential_oil;biosynthesis_genes,chemistry,2,title_priority_only
21910043,Studies on the chemical composition and possible mechanisms underlying the antispasmodic and bronchodilatory activities of the essential oil of Artemisia maritima L.,Archives of pharmacal research,2011 Aug,terpene_essential_oil;biosynthesis_genes,chemistry,2,title_priority_only
21831619,Cytotoxic activity of secondary metabolites derived from Artemisia annua L. towards cancer cells in comparison to its designated active constituent artemisinin.,Phytomedicine : international journal of phytotherapy and phytopharmacology,2011 Aug 15,terpene_essential_oil;sesquiterpene_lactone;antiparasitic,lactone,2,title_priority_only
21570794,"Validation, transfer and measurement uncertainty estimation of an HPLC-UV method for the quantification of artemisinin in hydro alcoholic extracts of Artemisia annua L.",Journal of pharmaceutical and biomedical analysis,2011 Aug 25,terpene_essential_oil;sesquiterpene_lactone;antiparasitic,lactone,2,title_priority_only
21830186,Artemisia princeps Pamp. Essential oil and its constituents eucalyptol and α-terpineol ameliorate bacterial vaginosis and vulvovaginal candidiasis in mice by inhibiting bacterial growth and NF-κB activation.,Planta medica,2011 Dec,terpene_essential_oil;biosynthesis_genes,chemistry,2,title_priority_only
24278581,"Four-Week Repeated Oral Toxicity Study of AIP1, a Water-soluble Carbohydrate Fraction from Artemisia iwayomogi in Mice.",Toxicological research,2011 Dec,safety,phenotype,2,title_priority_only
24575216,Effects of Environmental Factors on Growth and Artemisinin Content of Artemisia annua L.,Tropical life sciences research,2011 Dec,sesquiterpene_lactone,lactone,2,title_priority_only
22199945,Dehydro-leucodin: a guaiane-type sesquiterpene lactone.,"Acta crystallographica. Section E, Structure reports online",2011 Dec 1,sesquiterpene_lactone,chemistry;lactone,2,title_priority_only
21030307,Pitfalls in new artemisinin-containing antimalarial drug development.,Trends in parasitology,2011 Feb,terpene_essential_oil;sesquiterpene_lactone;antiparasitic,lactone;phenotype,2,title_priority_only
20645242,Anti-scratching behavioral effect of the essential oil and phytol isolated from Artemisia princeps Pamp. in mice.,Planta medica,2011 Jan,terpene_essential_oil;diterpene_triterpene;biosynthesis_genes,chemistry,2,title_priority_only
21366060,The essential oil of Artemisia scoparia from tajikistan is dominated by phenyldiacetylenes.,Natural product communications,2011 Jan,terpene_essential_oil,chemistry,2,title_priority_only
20943323,Effects of artemisinin and Artemisia extracts on Haemonchus contortus in gerbils (Meriones unguiculatus).,Veterinary parasitology,2011 Jan 10,terpene_essential_oil;sesquiterpene_lactone;antiparasitic,lactone,2,title_priority_only
21446959,Enhancement of artemisinin content in tetraploid Artemisia annua plants by modulating the expression of genes in artemisinin biosynthetic pathway.,Biotechnology and applied biochemistry,2011 Jan-Feb,terpene_essential_oil;sesquiterpene_lactone;biosynthesis_genes;antiparasitic,lactone,2,title_priority_only
21267809,Chemotype-dependent metabolic response to methyl jasmonate elicitation in Artemisia annua.,Planta medica,2011 Jul,terpene_essential_oil;sesquiterpene_lactone;diterpene_triterpene;biosynthesis_genes;antiparasitic,chemistry,2,title_priority_only
22279377,Artemisinin biosynthesis and its regulatory enzymes: Progress and perspective.,Pharmacognosy reviews,2011 Jul,sesquiterpene_lactone;biosynthesis_genes;antiparasitic,lactone;genomics,2,title_priority_only
21767398,Transcriptome characterization and polymorphism detection between subspecies of big sagebrush (Artemisia tridentata).,BMC genomics,2011 Jul 18,genomics_phylogenomics,genomics,2,title_priority_only
21385092,"Artemisia annua extracts, artemisinin and 1,8-cineole, prevent fruit infestation by a major, cosmopolitan pest of apples.",Pharmaceutical biology,2011 Jun,terpene_essential_oil;sesquiterpene_lactone;antiparasitic,lactone,2,title_priority_only
21468706,β-Cyclodextrins enhance artemisinin production in Artemisia annua suspension cell cultures.,Applied microbiology and biotechnology,2011 Jun,terpene_essential_oil;sesquiterpene_lactone;biosynthesis_genes;antiparasitic,lactone,2,title_priority_only
21643453,Artemisinin production in Artemisia annua: studies in planta and results of a novel delivery method for treating malaria and other neglected diseases.,Phytochemistry reviews : proceedings of the Phytochemical Society of Europe,2011 Jun,sesquiterpene_lactone;biosynthesis_genes;antiparasitic,lactone,2,title_priority_only
21535743,Neuroprotective effect of caffeoylquinic acids from Artemisia princeps Pampanini against oxidative stress-induced toxicity in PC-12 cells.,Journal of food science,2011 Mar,biosynthesis_genes;safety,phenotype,2,title_priority_only
22347275,In-Vitro Assessment of the Acaricidal Properties of Artemisia annua and Zataria multiflora Essential Oils to Control Cattle Ticks.,Iranian journal of parasitology,2011 Mar,terpene_essential_oil,chemistry,2,title_priority_only
21341725,"Stereolability of dihydroartemisinin, an antimalarial drug: a comprehensive thermodynamic investigation. Part 1.",The Journal of organic chemistry,2011 Mar 18,terpene_essential_oil;sesquiterpene_lactone;antiparasitic,lactone;phenotype,2,title_priority_only
21388533,Relative expression of genes of terpene metabolism in different tissues of Artemisia annua L.,BMC plant biology,2011 Mar 9,terpene_essential_oil;sesquiterpene_lactone;biosynthesis_genes;genomics_phylogenomics;antiparasitic,chemistry,2,title_priority_only
21337647,A combination of ultrasonic-assisted extraction with RRLC-QQQ method for the determination of artemisinin in the Chinese herb Artemisia annua L.,Phytochemical analysis : PCA,2011 May-Jun,terpene_essential_oil;sesquiterpene_lactone;antiparasitic,lactone,2,title_priority_only
21674435,Cytotoxicity of ethanolic extracts of Artemisia annua to Molt-4 human leukemia cells.,Planta medica,2011 Nov,terpene_essential_oil;sesquiterpene_lactone;antiparasitic;safety,phenotype,2,title_priority_only
21544776,The content of artemisinin in the Artemisia annua tea infusion.,Planta medica,2011 Oct,terpene_essential_oil;sesquiterpene_lactone;antiparasitic,lactone,2,title_priority_only
21655998,"Over-expression of HMG-CoA reductase and amorpha-4,11-diene synthase genes in Artemisia annua L. and its influence on artemisinin content.",Plant cell reports,2011 Oct,terpene_essential_oil;sesquiterpene_lactone;biosynthesis_genes;genomics_phylogenomics;antiparasitic,lactone,2,title_priority_only
21910287,Volatile fingerprints of artemisinin-rich Artemisia annua cultivars by headspace solid-phase microextraction gas chromatography/ mass spectrometry.,Rapid communications in mass spectrometry : RCM,2011 Sep 15,terpene_essential_oil;sesquiterpene_lactone;antiparasitic,lactone,2,title_priority_only
24250353,Chemical Compositionand Anti-acetyl cholinesterase Activity of Flower Essential Oils of Artemisiaannuaat Different Flowering Stage.,Iranian journal of pharmaceutical research : IJPR,2011 Spring,terpene_essential_oil,chemistry,2,title_priority_only
22223333,Extracellular heme enhances the antimalarial activity of artemisinin.,Biological & pharmaceutical bulletin,2012,terpene_essential_oil;sesquiterpene_lactone;diterpene_triterpene;biosynthesis_genes;antiparasitic,lactone;phenotype,2,title_priority_only
22293480,"Rupestines F-M, new guaipyridine sesquiterpene alkaloids from Artemisia rupestris.",Chemical & pharmaceutical bulletin,2012,terpene_essential_oil,chemistry,2,title_priority_only
22296150,New guaianolides from Artemisia anomala.,Journal of Asian natural products research,2012,terpene_essential_oil;sesquiterpene_lactone,lactone,2,title_priority_only
22531057,Antioxidant activities and essential oil composition of Herba Artemisiae Scopariae from China.,Journal of oleo science,2012,terpene_essential_oil,chemistry,2,title_priority_only
22833781,"Effect of external stress on density and size of glandular trichomes in full-grown Artemisia annua, the source of anti-malarial artemisinin.",AoB PLANTS,2012,sesquiterpene_lactone;antiparasitic,lactone,2,title_priority_only
22999168,Automating gene library synthesis by structure-based combinatorial protein engineering: examples from plant sesquiterpene synthases.,Methods in enzymology,2012,terpene_essential_oil;biosynthesis_genes;genomics_phylogenomics,chemistry;genomics,2,title_priority_only
23251523,An endophytic Pseudonocardia species induces the production of artemisinin in Artemisia annua.,PloS one,2012,terpene_essential_oil;sesquiterpene_lactone;biosynthesis_genes;genomics_phylogenomics;antiparasitic,lactone,2,title_priority_only
23513695,"Effect of cadmium on photosynthetic pigments, lipid peroxidation, antioxidants, and artemisinin in hydroponically grown Artemisia annua.",Journal of environmental sciences (China),2012,terpene_essential_oil;sesquiterpene_lactone;biosynthesis_genes;antiparasitic;safety,lactone,2,title_priority_only
22896830,Relaxant Effect of Essential Oil of Artemisia herba-alba Asso. on Rodent Jejunum Contractions.,Scientia pharmaceutica,2012 Apr-Jun,terpene_essential_oil,chemistry,2,title_priority_only
22928313,Fumigant toxicity of plant essential oils against Camptomyia corticalis (Diptera: Cecidomyiidae).,Journal of economic entomology,2012 Aug,terpene_essential_oil;antiparasitic;safety,chemistry;phenotype,2,title_priority_only
22978232,Cytokinin and auxin effect on the terpenoid profile of the essential oil and morphological characteristics of shoot cultures of Artemisia alba.,Natural product communications,2012 Aug,terpene_essential_oil;biosynthesis_genes,chemistry,2,title_priority_only
22978234,Determination of chemical constituents of leaf and stem essential oils of Artemisia monosperma from central Saudi Arabia.,Natural product communications,2012 Aug,terpene_essential_oil,chemistry,2,title_priority_only
22926304,Chemical composition of essential oil from Italian populations of Artemisia alba Turra (Asteraceae).,"Molecules (Basel, Switzerland)",2012 Aug 27,terpene_essential_oil,chemistry,2,title_priority_only
23393756,Bioassay of Artemisia annua leaf extracts and artemisinin against larvae of Culex quinquefasciatus and Culex tritaeniorhynchus.,Journal of the American Mosquito Control Association,2012 Dec,terpene_essential_oil;sesquiterpene_lactone;antiparasitic;safety,lactone,2,title_priority_only
23289055,Dried whole plant Artemisia annua as an antimalarial therapy.,PloS one,2012 Dec 20,terpene_essential_oil;sesquiterpene_lactone;antiparasitic;safety,phenotype,2,title_priority_only
24250557,"Hepatoprotetive, Cardioprotective and Nephroprotective Actions of Essential Oil Extract of Artemisia sieberi in Alloxan Induced Diabetic Rats.",Iranian journal of pharmaceutical research : IJPR,2012 Fall,terpene_essential_oil,chemistry,2,title_priority_only
22195571,Trichome isolation with and without fixation using laser microdissection and pressure catapulting followed by RNA amplification: expression of genes of terpene metabolism in apical and sub-apical trichome cells of Artemisia annua L.,Plant science : an international journal of experimental plant biology,2012 Feb,terpene_essential_oil;sesquiterpene_lactone;biosynthesis_genes;genomics_phylogenomics;antiparasitic,chemistry,2,title_priority_only
22474977,"Chemical composition and insecticidal activity of the essential oil of Artemisia eriopoda against maize weevil, Sitophilus zeamais.",Natural product communications,2012 Feb,terpene_essential_oil;safety,chemistry,2,title_priority_only
22247290,"Production of amorphadiene in yeast, and its conversion to dihydroartemisinic acid, precursor to the antimalarial agent artemisinin.",Proceedings of the National Academy of Sciences of the United States of America,2012 Jan 17,terpene_essential_oil;sesquiterpene_lactone;biosynthesis_genes;genomics_phylogenomics;antiparasitic,lactone;phenotype,2,title_priority_only
21932380,Simultaneous isolation of artemisinin and its precursors from Artemisia annua L. by preparative RP-HPLC.,Biomedical chromatography : BMC,2012 Jun,terpene_essential_oil;sesquiterpene_lactone;antiparasitic,lactone,2,title_priority_only
22421454,Exogenous nitric oxide donor protects Artemisia annua from oxidative stress generated by boron and aluminium toxicity.,Ecotoxicology and environmental safety,2012 Jun,terpene_essential_oil;sesquiterpene_lactone;biosynthesis_genes;antiparasitic;safety,phenotype,2,title_priority_only
22695231,Chemical composition and insecticidal activity against Sitophilus zeamais of the essential oils derived from Artemisia giraldii and Artemisia subdigitata.,"Molecules (Basel, Switzerland)",2012 Jun 13,terpene_essential_oil;safety,chemistry,2,title_priority_only
22783458,Essential oil of tarragon (Artemisia dracunculus) antibacterial activity on Staphylococcus aureus and Escherichia coli in culture media and Iranian white cheese.,Iranian journal of microbiology,2012 Mar,terpene_essential_oil,chemistry,2,title_priority_only
22388966,The artemisia L. Genus: a review of bioactive essential oils.,"Molecules (Basel, Switzerland)",2012 Mar 2,terpene_essential_oil,chemistry,2,title_priority_only
22799096,"Composition of the essential oil of wild growing Artemisia vulgaris from Erie, Pennsylvania.",Natural product communications,2012 May,terpene_essential_oil,chemistry,2,title_priority_only
23203088,Dual bioactivities of essential oil extracted from the leaves of Artemisia argyi as an antimelanogenic versus antioxidant agent and chemical composition analysis by GC/MS.,International journal of molecular sciences,2012 Nov 12,terpene_essential_oil;biosynthesis_genes,chemistry,2,title_priority_only
22484051,Microbial transformation of antimalarial terpenoids.,Biotechnology advances,2012 Nov-Dec,terpene_essential_oil;sesquiterpene_lactone;biosynthesis_genes;antiparasitic;safety,chemistry;phenotype,2,title_priority_only
22978517,Antihistomonal effects of artemisinin and Artemisia annua extracts in vitro could not be confirmed by in vivo experiments in turkeys and chickens.,Avian pathology : journal of the W.V.P.A,2012 Oct,terpene_essential_oil;sesquiterpene_lactone;antiparasitic,lactone,2,title_priority_only
23079824,Overexpression of the cytochrome P450 monooxygenase (cyp71av1) and cytochrome P450 reductase (cpr) genes increased artemisinin content in Artemisia annua (Asteraceae).,Genetics and molecular research : GMR,2012 Sep 13,terpene_essential_oil;sesquiterpene_lactone;biosynthesis_genes;genomics_phylogenomics;antiparasitic,lactone,2,title_priority_only
24624145,Antimicrobial Activity and Chemical Composition of Essential Oil From the Seeds of Artemisia aucheri Boiss.,Jundishapur journal of natural pharmaceutical products,2012 Winter,terpene_essential_oil,chemistry,2,title_priority_only
22348279,Chemical composition and antifungal activity of Artemisia nilagirica essential oil growing in northern hilly areas of India.,Natural product research,2013,terpene_essential_oil;safety,chemistry,2,title_priority_only
22840199,"Pelargonium graveolens L'Her. and Artemisia arborescens L. essential oils: chemical composition, antifungal activity against Rhizoctonia solani and insecticidal activity against Rhysopertha dominica.",Natural product research,2013,terpene_essential_oil,chemistry,2,title_priority_only
23244627,Chemical and biological study on the essential oil of Artemisia caerulescens L. ssp. densiflora (Viv.).,Natural product research,2013,terpene_essential_oil,chemistry,2,title_priority_only
23341930,The sesquiterpene lactone dehydroleucodine triggers senescence and apoptosis in association with accumulation of DNA damage markers.,PloS one,2013,terpene_essential_oil;sesquiterpene_lactone;biosynthesis_genes,chemistry;lactone,2,title_priority_only
23437216,"Overexpression of the Artemisia orthologue of ABA receptor, AaPYL9, enhances ABA sensitivity and improves artemisinin content in Artemisia annua L.",PloS one,2013,terpene_essential_oil;sesquiterpene_lactone;biosynthesis_genes;antiparasitic,lactone,2,title_priority_only
23460871,Complete chloroplast genome sequences of Mongolia medicine Artemisia frigida and phylogenetic relationships with other plants.,PloS one,2013,genomics_phylogenomics,genomics,2,title_priority_only
23573249,Differentially expressed genes during contrasting growth stages of Artemisia annua for artemisinin content.,PloS one,2013,terpene_essential_oil;sesquiterpene_lactone;biosynthesis_genes;genomics_phylogenomics;antiparasitic,lactone,2,title_priority_only
23744425,"Effects of sesquiterpene, flavonoid and coumarin types of compounds from Artemisia annua L. on production of mediators of angiogenesis.",Pharmacological reports : PR,2013,terpene_essential_oil;sesquiterpene_lactone;biosynthesis_genes;antiparasitic,chemistry,2,title_priority_only
23861717,Evaluation of Antidiabetic Activity and Associated Toxicity of Artemisia afra Aqueous Extract in Wistar Rats.,Evidence-based complementary and alternative medicine : eCAM,2013,biosynthesis_genes;safety,phenotype,2,title_priority_only
24116165,Inhibition of phenylpropanoid biosynthesis in Artemisia annua L.: a novel approach to reduce oxidative browning in plant tissue culture.,PloS one,2013,biosynthesis_genes,genomics,2,title_priority_only
24292348,Essential oil from Artemisia phaeolepis: chemical composition and antimicrobial activities.,Journal of oleo science,2013,terpene_essential_oil,chemistry,2,title_priority_only
23179446,Artemisinin production and precursor ratio in full grown Artemisia annua L. plants subjected to external stress.,Planta,2013 Apr,terpene_essential_oil;sesquiterpene_lactone;biosynthesis_genes;antiparasitic,lactone,2,title_priority_only
23512495,Is artemisinin the only antiplasmodial compound in the Artemisia annua tea infusion? An in vitro study.,Planta medica,2013 Apr,terpene_essential_oil;sesquiterpene_lactone;antiparasitic,lactone,2,title_priority_only
24431547,"Antiparasitic efficacy of Artemisia absinthium, toltrazuril and amprolium against intestinal coccidiosis in goats.",Journal of parasitic diseases : official organ of the Indian Society for Parasitology,2013 Apr,antiparasitic,phenotype,2,title_priority_only
23575629,High-level semi-synthetic production of the potent antimalarial artemisinin.,Nature,2013 Apr 25,terpene_essential_oil;sesquiterpene_lactone;biosynthesis_genes;antiparasitic,lactone;phenotype,2,title_priority_only
23698765,Transcriptome analysis of Thapsia laciniata Rouy provides insights into terpenoid biosynthesis and diversity in Apiaceae.,International journal of molecular sciences,2013 Apr 25,terpene_essential_oil;sesquiterpene_lactone;biosynthesis_genes;genomics_phylogenomics,chemistry;genomics,2,title_priority_only
23607933,"Toxic essential oils. Part II: chemical, toxicological, pharmacological and microbiological profiles of Artemisia annua L. volatiles.",Food and chemical toxicology : an international journal published for the British Industrial Biological Research Association,2013 Aug,terpene_essential_oil;sesquiterpene_lactone;antiparasitic;safety,chemistry,2,title_priority_only
23939794,"Chemopreventive and antioxidant activity of the chamazulene-rich essential oil obtained from Artemisia arborescens L. growing on the Isle of La Maddalena, Sardinia, Italy.",Chemistry & biodiversity,2013 Aug,terpene_essential_oil;safety,chemistry,2,title_priority_only
24304352,Considerations on the mechanism of action of artemisinin antimalarials: part 1--the 'carbon radical' and 'heme' hypotheses.,Infectious disorders drug targets,2013 Aug,terpene_essential_oil;sesquiterpene_lactone;biosynthesis_genes;antiparasitic,lactone;phenotype,2,title_priority_only
23940090,Protective effects of Artemisia campestris upon fenthion-induced nephrotoxicity in adult rats and their progeny.,General physiology and biophysics,2013 Dec,biosynthesis_genes;safety,phenotype,2,title_priority_only
24499850,Antimalarial properties of Artemisia vulgaris L. ethanolic leaf extract in a Plasmodium berghei murine malaria model.,Journal of vector borne diseases,2013 Dec,sesquiterpene_lactone;antiparasitic;safety,phenotype,2,title_priority_only
25090687,[Essential oil from Artemisia lavandulaefolia induces apoptosis and necrosis of HeLa cells].,Zhong yao cai = Zhongyaocai = Journal of Chinese medicinal materials,2013 Dec,terpene_essential_oil;biosynthesis_genes,chemistry,2,title_priority_only
24148842,"Isolation, cytotoxicity evaluation and HPLC-quantification of the chemical constituents from Artemisia amygdalina Decne.","Journal of chromatography. B, Analytical technologies in the biomedical and life sciences",2013 Dec 1,terpene_essential_oil;diterpene_triterpene,phenotype,2,title_priority_only
24359620,Differential transcriptome analysis of glandular and filamentous trichomes in Artemisia annua.,BMC plant biology,2013 Dec 20,terpene_essential_oil;sesquiterpene_lactone;biosynthesis_genes;genomics_phylogenomics,genomics,2,title_priority_only
25050286,The effects of Artemisia aucheri extract on hepatotoxicity induced by thioacetamide in male rats.,Avicenna journal of phytomedicine,2013 Fall,terpene_essential_oil,phenotype,2,title_priority_only
23085820,The effect of roots and media constituents on trichomes and artemisinin production in Artemisia annua L.,Plant cell reports,2013 Feb,terpene_essential_oil;sesquiterpene_lactone;biosynthesis_genes;antiparasitic,lactone,2,title_priority_only
23126238,Essential oil variation in the populations of Artemisia spicigera from northwest of Iran: chemical composition and antibacterial activity.,Pharmaceutical biology,2013 Feb,terpene_essential_oil;safety,chemistry,2,title_priority_only
23570523,"Volatile composition and antimicrobial activity of the essential oil of Artemisia absinthium growing in Western Ghats region of North West Karnataka, India.",Pharmaceutical biology,2013 Jul,terpene_essential_oil;antiparasitic,chemistry,2,title_priority_only
23638869,The metabolite chemotype of Nicotiana benthamiana transiently expressing artemisinin biosynthetic pathway genes is a function of CYP71AV1 type and relative gene dosage.,The New phytologist,2013 Jul,terpene_essential_oil;sesquiterpene_lactone;diterpene_triterpene;biosynthesis_genes;antiparasitic,chemistry;lactone,2,title_priority_only
23351974,In vitro ovicidal and larvicidal activity of the essential oil of Artemisia lancea against Haemonchus contortus (Strongylida).,Veterinary parasitology,2013 Jul 1,terpene_essential_oil;antiparasitic,chemistry,2,title_priority_only
23979886,Genotoxic evaluation of the antimalarial drugs artemisinin and artesunate in human HepG2 cells and effects on CASP3 and SOD1 gene expressions.,Genetics and molecular research : GMR,2013 Jul 24,terpene_essential_oil;sesquiterpene_lactone;biosynthesis_genes;antiparasitic;safety,lactone;phenotype,2,title_priority_only
23340808,Marked enhancement in the artemisinin content and biomass productivity in Artemisia annua L. shoots co-cultivated with Piriformospora indica.,World journal of microbiology & biotechnology,2013 Jun,terpene_essential_oil;sesquiterpene_lactone;biosynthesis_genes;antiparasitic,lactone,2,title_priority_only
23448426,"AaORA, a trichome-specific AP2/ERF transcription factor of Artemisia annua, is a positive regulator in the artemisinin biosynthetic pathway and in disease resistance to Botrytis cinerea.",The New phytologist,2013 Jun,terpene_essential_oil;sesquiterpene_lactone;diterpene_triterpene;biosynthesis_genes;genomics_phylogenomics;antiparasitic,lactone,2,title_priority_only
23263328,Chemical composition and larvicidal activity of essential oil of Artemisia gilvescens against Anopheles anthropophagus.,Parasitology research,2013 Mar,terpene_essential_oil,chemistry,2,title_priority_only
23678823,Chemical composition and biological activities of the essential oil from Artemisia herba-alba growing wild in Tunisia.,Natural product communications,2013 Mar,terpene_essential_oil;safety,chemistry,2,title_priority_only
23703440,Comparison of antimalarial activity of Artemisia turanica extract with current drugs in vivo.,Journal of vector borne diseases,2013 Mar,antiparasitic;safety,phenotype,2,title_priority_only
22736625,A safety assessment of the antimalarial herb Artemisia annua during pregnancy in Wistar rats.,Phytotherapy research : PTR,2013 May,sesquiterpene_lactone;antiparasitic;safety,phenotype,2,title_priority_only
23265542,"Chemical composition, antimicrobial, cytotoxic and antioxidant activities of the essential oil of Artemisia indica Willd.",Food chemistry,2013 May 1,terpene_essential_oil,chemistry,2,title_priority_only
23642022,Antioxidant and relaxant activity of fractions of crude methanol extract and essential oil of Artemisia macrocephala Jacquem.,BMC complementary and alternative medicine,2013 May 6,terpene_essential_oil,chemistry,2,title_priority_only
24645495,TLC-direct bioautography for determination of antibacterial activity of Artemisia adamsii essential oil.,Journal of AOAC International,2013 Nov-Dec,terpene_essential_oil;biosynthesis_genes;safety,chemistry,2,title_priority_only
23432134,A new guaianolide from Artemisia roxburghiana.,Natural product research,2013 Oct,terpene_essential_oil;sesquiterpene_lactone,lactone,2,title_priority_only
23642456,Terpenes and polyacetylenes from cultivated Artemisia granatensis boiss (Royal chamomile) and their defensive properties.,Phytochemistry,2013 Oct,terpene_essential_oil,chemistry,2,title_priority_only
23747617,Effect of the dietary supplementation of essential oils from rosemary and artemisia on muscle fatty acids and volatile compound profiles in Barbarine lambs.,Meat science,2013 Oct,terpene_essential_oil,chemistry,2,title_priority_only
23867088,A rapid method for the determination of artemisinin and its biosynthetic precursors in Artemisia annua L. crude extracts.,Journal of pharmaceutical and biomedical analysis,2013 Oct,terpene_essential_oil;sesquiterpene_lactone;antiparasitic,lactone,2,title_priority_only
24123007,Cytotoxicity of dihydroartemisinin toward Molt-4 cells attenuated by N-tert-butyl-alpha-phenylnitrone and deferoxamine.,Anticancer research,2013 Oct,terpene_essential_oil;sesquiterpene_lactone;biosynthesis_genes;antiparasitic;safety,lactone;phenotype,2,title_priority_only
23597248,Quantitative structure-activity relationships of the antimalarial agent artemisinin and some of its derivatives - a DFT approach.,Combinatorial chemistry & high throughput screening,2013 Sep,terpene_essential_oil;sesquiterpene_lactone;antiparasitic,lactone;phenotype,2,title_priority_only
24005967,Identification of repellent and insecticidal constituents of the essential oil of Artemisia rupestris L. aerial parts against Liposcelis bostrychophila Badonnel.,"Molecules (Basel, Switzerland)",2013 Sep 3,terpene_essential_oil;safety,chemistry,2,title_priority_only
24459767,Terpenes from Artemisia herba-alba.,"Zeitschrift fur Naturforschung. C, Journal of biosciences",2013 Sep-Oct,terpene_essential_oil;sesquiterpene_lactone,chemistry,2,title_priority_only
24624191,Comparison Between in Vitro Effects of Aqueous Extract of Artemisia seiberi and Artemisinin on Leishmania major.,Jundishapur journal of natural pharmaceutical products,2013 Spring,sesquiterpene_lactone,lactone,2,title_priority_only
24558335,Evaluation of in vitro antimalarial activity of different extracts of Artemisia aucheri Boiss. and A. armeniaca Lam. and fractions of the most potent extracts.,TheScientificWorldJournal,2014,biosynthesis_genes;antiparasitic,phenotype,2,title_priority_only
24575401,Antimicrobial activity of artemisinin and precursor derived from in vitro plantlets of Artemisia annua L.,BioMed research international,2014,terpene_essential_oil;sesquiterpene_lactone;antiparasitic;safety,lactone,2,title_priority_only
24711816,Evaluation of Cytotoxicity and Antifertility Effect of Artemisia kopetdaghensis.,Advances in pharmacological sciences,2014,safety,phenotype,2,title_priority_only
24799936,Essential Oil of Artemisia annua L.: An Extraordinary Component with Numerous Antimicrobial Properties.,Evidence-based complementary and alternative medicine : eCAM,2014,terpene_essential_oil;sesquiterpene_lactone,chemistry,2,title_priority_only
25017866,Bioactivity of essential oil of Artemisia argyi Lévl. et Van. and its main compounds against Lasioderma serricorne.,Journal of oleo science,2014,terpene_essential_oil;safety,chemistry,2,title_priority_only
25505453,Leishmanicidal activities of Artemisia annua leaf essential oil against Visceral Leishmaniasis.,Frontiers in microbiology,2014,terpene_essential_oil;antiparasitic;safety,chemistry,2,title_priority_only
25614741,The Development and Application of Novel IR and NMR-Based Model for the Evaluation of Carminative Effect of Artemisia judaica L. Essential Oil.,International journal of analytical chemistry,2014,terpene_essential_oil,chemistry,2,title_priority_only
38764794,HPLC separation and in vitro antimalarial studies of Artemisia annua plants from two different origins: Cameroon versus Luxembourg.,MalariaWorld journal,2014,sesquiterpene_lactone;antiparasitic,phenotype,2,title_priority_only
24413765,Transgenic approach to increase artemisinin content in Artemisia annua L.,Plant cell reports,2014 Apr,terpene_essential_oil;sesquiterpene_lactone;biosynthesis_genes;genomics_phylogenomics;antiparasitic,lactone,2,title_priority_only
24329606,Metabolic analysis of the increased adventitious rooting mutant of Artemisia annua reveals a role for the plant monoterpene borneol in adventitious root formation.,Physiologia plantarum,2014 Aug,terpene_essential_oil;biosynthesis_genes,chemistry,2,title_priority_only
25127023,Chemical composition and biological effects of Artemisia maritima and Artemisia nilagirica essential oils from wild plants of western Himalaya.,Planta medica,2014 Aug,terpene_essential_oil,chemistry,2,title_priority_only
25209896,Comparative cytotoxicity of artemisinin and cisplatin and their interactions with chlorogenic acids in MCF7 breast cancer cells.,ChemMedChem,2014 Dec,terpene_essential_oil;sesquiterpene_lactone;biosynthesis_genes;antiparasitic;safety,lactone;phenotype,2,title_priority_only
25317772,"Antimicrobial, antioxidative, and insect repellent effects of Artemisia absinthium essential oil.",Planta medica,2014 Dec,terpene_essential_oil;safety,chemistry,2,title_priority_only
25632489,Chemistry and leishmanicidal activity of the essential oil from Artemisia absinthium from Cuba.,Natural product communications,2014 Dec,terpene_essential_oil;antiparasitic,chemistry,2,title_priority_only
28510956,"Essential oil variation in wild populations of Artemisia saharae (Asteraceae) from Tunisia: chemical composition, antibacterial and antioxidant properties.",Botanical studies,2014 Dec,terpene_essential_oil;safety,chemistry,2,title_priority_only
24074293,Antinociceptive effect of the essential oil of tarragon (Artemisia dracunculus).,Pharmaceutical biology,2014 Feb,terpene_essential_oil;safety,chemistry,2,title_priority_only
24500733,Potential ecological roles of artemisinin produced by Artemisia annua L.,Journal of chemical ecology,2014 Feb,terpene_essential_oil;sesquiterpene_lactone;biosynthesis_genes;antiparasitic;safety,lactone,2,title_priority_only
24055519,"Sesquiterpene dimer (DSF-52) from Artemisia argyi inhibits microglia-mediated neuroinflammation via suppression of NF-κB, JNK/p38 MAPKs and Jak2/Stat3 signaling pathways.",Phytomedicine : international journal of phytotherapy and phytopharmacology,2014 Feb 15,terpene_essential_oil;biosynthesis_genes,chemistry,2,title_priority_only
24914289,Stereo and region-selective biosynthesis of two new dihydroartemisinic acid glycosides by suspension-cultured cells of Artemisia annua.,Pharmacognosy magazine,2014 Jan,biosynthesis_genes,genomics,2,title_priority_only
24914301,Optimization of genetic transformation of Artemisia annua L. Using Agrobacterium for Artemisinin production.,Pharmacognosy magazine,2014 Jan,sesquiterpene_lactone,lactone,2,title_priority_only
24001820,Fast and reliable artemisinin determination from different Artemisia annua leaves based alimentary products by high performance liquid chromatography-tandem mass spectrometry.,Food chemistry,2014 Jan 1,terpene_essential_oil;sesquiterpene_lactone;antiparasitic,lactone,2,title_priority_only
25210306,New Sesquiterpene and Polymethoxy-Flavonoids from Artemisia annua L.,Pharmacognosy magazine,2014 Jul,sesquiterpene_lactone;antiparasitic,chemistry,2,title_priority_only
24583334,The antioxidant status and oxidative stability of muscle from lambs receiving oral administration of Artemisia herba alba and Rosmarinus officinalis essential oils.,Meat science,2014 Jun,terpene_essential_oil;biosynthesis_genes,chemistry,2,title_priority_only
24114336,Acaricidal activities of bicyclic monoterpene ketones from Artemisia iwayomogi against Dermatophagoides spp.,Experimental & applied acarology,2014 Mar,terpene_essential_oil,chemistry,2,title_priority_only
24689216,T-DNA insertion alters the terpenoid content composition and bioactivity of transgenic Artemisia annua.,Natural product communications,2014 Mar,terpene_essential_oil;diterpene_triterpene;biosynthesis_genes;genomics_phylogenomics;antiparasitic,chemistry,2,title_priority_only
25657784,Chemical composition and antiprolifrative activity of Artemisia persica Boiss. and Artemisia turcomanica Gand. essential oils.,Research in pharmaceutical sciences,2014 Mar-Apr,terpene_essential_oil;safety,chemistry,2,title_priority_only
24661969,Pharmacokinetics of artemisinin delivered by oral consumption of Artemisia annua dried leaves in healthy vs. Plasmodium chabaudi-infected mice.,Journal of ethnopharmacology,2014 May 14,terpene_essential_oil;sesquiterpene_lactone;biosynthesis_genes;antiparasitic;safety,lactone,2,title_priority_only
25172060,Enhanced production of artemisinin by hairy root cultivation of Artemisia annua in a modified stirred tank reactor.,Applied biochemistry and biotechnology,2014 Nov,terpene_essential_oil;sesquiterpene_lactone;biosynthesis_genes;antiparasitic,lactone,2,title_priority_only
25532296,Skin regeneration effect and chemical composition of essential oil from Artemisia Montana.,Natural product communications,2014 Nov,terpene_essential_oil;biosynthesis_genes,chemistry,2,title_priority_only
26692746,"Seasonal variation in the chemical composition, antioxidant activity, and total phenolic content of Artemisia absinthium essential oils.",Pharmacognosy research,2014 Oct-Dec,terpene_essential_oil,chemistry,2,title_priority_only
24862063,Two new sesquiterpenes from Artemisia sieversiana.,Fitoterapia,2014 Sep,terpene_essential_oil,chemistry,2,title_priority_only
25027867,In vitro evidence that the pastoral Artemisia campestris species exerts an anthelmintic effect on Haemonchus contortus from sheep.,Veterinary research communications,2014 Sep,antiparasitic,phenotype,2,title_priority_only
25037681,Dimeric guaianolides from Artemisia absinthium.,Phytochemistry,2014 Sep,terpene_essential_oil;sesquiterpene_lactone;biosynthesis_genes,lactone,2,title_priority_only
25127164,"Rupestonic acids B-G, NO inhibitory sesquiterpenoids from Artemisia rupestris.",Bioorganic & medicinal chemistry letters,2014 Sep 1,terpene_essential_oil;biosynthesis_genes,chemistry,2,title_priority_only
25176187,New guaiane sesquiterpenes from Artemisia rupestris and their inhibitory effects on nitric oxide production.,Bioorganic & medicinal chemistry letters,2014 Sep 15,terpene_essential_oil;biosynthesis_genes,chemistry,2,title_priority_only
24906772,Effect of irradiated sodium alginate and phosphorus on biomass and artemisinin production in Artemisia annua.,Carbohydrate polymers,2014 Sep 22,terpene_essential_oil;sesquiterpene_lactone;biosynthesis_genes;antiparasitic,lactone,2,title_priority_only
25022207,Natural sesquiterpene lactones induce programmed cell death in Trypanosoma cruzi: a new therapeutic target?,Phytomedicine : international journal of phytotherapy and phytopharmacology,2014 Sep 25,terpene_essential_oil;sesquiterpene_lactone;antiparasitic,chemistry;lactone,2,title_priority_only
25705665,Engineering isoprenoid biosynthesis in Artemisia annua L. for the production of taxadiene: a key intermediate of taxol.,BioMed research international,2015,terpene_essential_oil;sesquiterpene_lactone;diterpene_triterpene;biosynthesis_genes,genomics,2,title_priority_only
25757434,Bioactivity of essential oil from Artemisia stolonifera (Maxim.) Komar. and its main compounds against two stored-product insects.,Journal of oleo science,2015,terpene_essential_oil;safety,chemistry,2,title_priority_only
25853962,"Artemisia arborescens ""Powis Castle"" extracts and α-thujone prevent fruit infestation by codling moth neonates.",Pharmaceutical biology,2015,terpene_essential_oil;safety,phenotype,2,title_priority_only
25885940,Chemical composition and acetylcholinesterase inhibitory activity of Artemisia maderaspatana essential oil.,Pharmaceutical biology,2015,terpene_essential_oil;biosynthesis_genes,chemistry,2,title_priority_only
25983739,The bZIP transcription factor HY5 interacts with the promoter of the monoterpene synthase gene QH6 in modulating its rhythmic expression.,Frontiers in plant science,2015,genomics_phylogenomics,chemistry;genomics,2,title_priority_only
26196123,Comparative Phytochemical Analysis of Essential Oils from Different Biological Parts of Artemisia herba alba and Their Cytotoxic Effect on Cancer Cells.,PloS one,2015,terpene_essential_oil;biosynthesis_genes,chemistry,2,title_priority_only
26441938,Corrigendum: Leishmanicidal activities of Artemisia annua leaf essential oil against Visceral Leishmaniasis.,Frontiers in microbiology,2015,terpene_essential_oil,chemistry,2,title_priority_only
26444558,Genetic Transformation of Artemisia carvifolia Buch with rol Genes Enhances Artemisinin Accumulation.,PloS one,2015,terpene_essential_oil;sesquiterpene_lactone;biosynthesis_genes;antiparasitic,lactone,2,title_priority_only
26651523,New sesquiterpene and thiophene derivatives from Artemisia rupestris.,Journal of Asian natural products research,2015,terpene_essential_oil;biosynthesis_genes,chemistry,2,title_priority_only
25339313,Artemisia pallens alleviates acetaminophen induced toxicity via modulation of endogenous biomarkers.,Pharmaceutical biology,2015 Apr,biosynthesis_genes;safety,phenotype,2,title_priority_only
25522803,Antibacterial activity and mode of action of the Artemisia capillaris essential oil and its constituents against respiratory tract infection-causing pathogens.,Molecular medicine reports,2015 Apr,terpene_essential_oil;biosynthesis_genes,chemistry,2,title_priority_only
26085047,Antiprotozoal Effect of Artemisia indica Extracts and Essential Oil.,Planta medica,2015 Aug,terpene_essential_oil;sesquiterpene_lactone;biosynthesis_genes;antiparasitic,chemistry,2,title_priority_only
26107187,"Trypanocidal, trichomonacidal and cytotoxic components of cultivated Artemisia absinthium Linnaeus (Asteraceae) essential oil.",Memorias do Instituto Oswaldo Cruz,2015 Aug,terpene_essential_oil;antiparasitic,chemistry,2,title_priority_only
26265576,(Chemotaxonomic) Implications of Postharvest/Storage-Induced Changes in Plant Volatile Profiles--the Case of Artemisia absinthium L. Essential Oil.,Chemistry & biodiversity,2015 Aug,terpene_essential_oil,chemistry,2,title_priority_only
26434144,Essential Oil Composition and Antigermination Activity of Artemisia dracunculus (Tarragon).,Natural product communications,2015 Aug,terpene_essential_oil,chemistry,2,title_priority_only
26655404,"Activity of Artemisia annua and artemisinin derivatives, in prostate carcinoma.",Phytomedicine : international journal of phytotherapy and phytopharmacology,2015 Dec 15,terpene_essential_oil;sesquiterpene_lactone;biosynthesis_genes;antiparasitic,lactone,2,title_priority_only
25541045,Highly oxygenated sesquiterpenes in Artemisia alba Turra.,Phytochemistry,2015 Feb,terpene_essential_oil,chemistry,2,title_priority_only
25644758,Emergence of terpene cyclization in Artemisia annua.,Nature communications,2015 Feb 3,terpene_essential_oil;biosynthesis_genes,chemistry,2,title_priority_only
25605993,"Anti-inflammatory, Antioxidant and Antimicrobial Effects of Artemisinin Extracts from Artemisia annua L.",The Korean journal of physiology & pharmacology : official journal of the Korean Physiological Society and the Korean Society of Pharmacology,2015 Jan,sesquiterpene_lactone,lactone,2,title_priority_only
25561559,Dried whole-plant Artemisia annua slows evolution of malaria drug resistance and overcomes resistance to artemisinin.,Proceedings of the National Academy of Sciences of the United States of America,2015 Jan 20,terpene_essential_oil;sesquiterpene_lactone;antiparasitic,lactone,2,title_priority_only
25199920,Efficiency of Artemisia nilagirica (Clarke) Pamp. essential oil as a mycotoxicant against postharvest mycobiota of table grapes.,Journal of the science of food and agriculture,2015 Jul,terpene_essential_oil;biosynthesis_genes;safety,chemistry,2,title_priority_only
25770648,The antifungal activity of Artemisia sieberi essential oil from different localities of Iran against dermatophyte fungi.,Journal de mycologie medicale,2015 Jun,terpene_essential_oil;safety,chemistry,2,title_priority_only
26691254,Anthelmintic properties of extracts from Artemisia plants against nematodes.,Tropical biomedicine,2015 Jun,antiparasitic,phenotype,2,title_priority_only
25319610,Two new sesquiterpenoids from Artemisia annua.,Magnetic resonance in chemistry : MRC,2015 Mar,terpene_essential_oil,chemistry,2,title_priority_only
25658194,Mechanism of artemisinin phytotoxicity action: induction of reactive oxygen species and cell death in lettuce seedlings.,Plant physiology and biochemistry : PPB,2015 Mar,terpene_essential_oil;sesquiterpene_lactone;biosynthesis_genes;antiparasitic,lactone;phenotype,2,title_priority_only
25981920,"Capillin, a major constituent of Artemisia capillaris Thunb. flower essential oil, induces apoptosis through the mitochondrial pathway in human leukemia HL-60 cells.",Phytomedicine : international journal of phytotherapy and phytopharmacology,2015 May 15,terpene_essential_oil;biosynthesis_genes,chemistry,2,title_priority_only
25959257,Inhibition of Human Neutrophil Responses by the Essential Oil of Artemisia kotuchovii and Its Constituents.,Journal of agricultural and food chemistry,2015 May 27,terpene_essential_oil,chemistry,2,title_priority_only
26277492,Artemisia herba-alba essential oil from Buseirah (South Jordan): Chemical characterization and assessment of safe antifungal and anti-inflammatory doses.,Journal of ethnopharmacology,2015 Nov 4,terpene_essential_oil;safety,chemistry,2,title_priority_only
25829259,Affordable and rapid HPTLC method for the simultaneous analysis of artemisinin and its metabolite artemisinic acid in Artemisia annua L.,Biomedical chromatography : BMC,2015 Oct,terpene_essential_oil;sesquiterpene_lactone;antiparasitic,lactone,2,title_priority_only
26259564,"Essential oil of Artemisia vestita exhibits potent in vitro and in vivo antibacterial activity: Investigation of the effect of oil on biofilm formation, leakage of potassium ions and survival curve measurement.",Molecular medicine reports,2015 Oct,terpene_essential_oil;biosynthesis_genes;safety,chemistry,2,title_priority_only
26358481,"The génépi Artemisia species. Ethnopharmacology, cultivation, phytochemistry, and bioactivity.",Fitoterapia,2015 Oct,sesquiterpene_lactone,chemistry,2,title_priority_only
26460560,Chemical Composition and Antipathogenic Activity of Artemisia annua Essential Oil from Romania.,Chemistry & biodiversity,2015 Oct,terpene_essential_oil,chemistry,2,title_priority_only
26669121,Chemical Composition Variability of the Herb Essential Oil in the Ontogenesis of Artemisia campestris subsp. campestris.,Natural product communications,2015 Oct,terpene_essential_oil,chemistry,2,title_priority_only
26510528,Enhanced artemisinin yield by expression of rol genes in Artemisia annua.,Malaria journal,2015 Oct 29,terpene_essential_oil;sesquiterpene_lactone;biosynthesis_genes;genomics_phylogenomics;antiparasitic,lactone,2,title_priority_only
26206459,Use of Model-Based Nutrient Feeding for Improved Production of Artemisinin by Hairy Roots of Artemisia Annua in a Modified Stirred Tank Bioreactor.,Applied biochemistry and biotechnology,2015 Sep,terpene_essential_oil;sesquiterpene_lactone;biosynthesis_genes;antiparasitic,lactone,2,title_priority_only
26957971,Variations in antimalarial components of Artemisia annua Linn from three regions of Uganda.,African health sciences,2015 Sep,terpene_essential_oil;sesquiterpene_lactone;antiparasitic,phenotype,2,title_priority_only
26269111,Transcriptome Analysis of Invasive Plants in Response to Mineral Toxicity of Reclaimed Coal-Mine Soil in the Appalachian Region.,Environmental science & technology,2015 Sep 1,genomics_phylogenomics;safety,genomics;phenotype,2,title_priority_only
26444350,Selective nematocidal effects of essential oils from two cultivated Artemisia absinthium populations.,"Zeitschrift fur Naturforschung. C, Journal of biosciences",2015 Sep 1,safety,chemistry,2,title_priority_only
26194429,Anthelmintic activity of Artemisia vestita Wall ex DC. and Artemisia maritima L. against Haemonchus contortus from sheep.,Veterinary parasitology,2015 Sep 15,antiparasitic,phenotype,2,title_priority_only
26752994,Sequence characterized amplified region marker as a tool for selection of high-artemisinin containing species of Artemisia.,Research in pharmaceutical sciences,2015 Sep-Oct,sesquiterpene_lactone;antiparasitic,lactone,2,title_priority_only
25901169,Screening of different extracts from artemisia species for their potential antimalarial activity.,Iranian journal of pharmaceutical research : IJPR,2015 Spring,antiparasitic,phenotype,2,title_priority_only
27064403,Overexpression of AaWRKY1 Leads to an Enhanced Content of Artemisinin in Artemisia annua.,BioMed research international,2016,terpene_essential_oil;sesquiterpene_lactone;biosynthesis_genes;antiparasitic,lactone,2,title_priority_only
27115614,Genome-Scale Transcriptome Analysis of the Desert Shrub Artemisia sphaerocephala.,PloS one,2016,biosynthesis_genes;genomics_phylogenomics,genomics,2,title_priority_only
27721819,"Si-Accumulation In Artemisia annua Glandular Trichomes Increases Artemisinin Concentration, but Does Not Interfere In the Impairment of Toxoplasma gondii Growth.",Frontiers in plant science,2016,sesquiterpene_lactone,lactone,2,title_priority_only
27807464,Asteraceae Artemisia campestris and Artemisia herba-alba Essential Oils Trigger Apoptosis and Cell Cycle Arrest in Leishmania infantum Promastigotes.,Evidence-based complementary and alternative medicine : eCAM,2016,terpene_essential_oil;antiparasitic,chemistry,2,title_priority_only
27396213,Anti-adipocyte Differentiation Activity and Chemical Composition of Essential Oil from Artemisia annua.,Natural product communications,2016 Apr,terpene_essential_oil;biosynthesis_genes,chemistry,2,title_priority_only
28231123,"Antibacterial and Antioxidant Activities of Essential Oils from Artemisia herba-alba Asso., Pelargonium capitatum × radens and Laurus nobilis L.","Foods (Basel, Switzerland)",2016 Apr 11,terpene_essential_oil,chemistry,2,title_priority_only
26343516,"Essential oil composition and biological activity from Artemisia caerulescens subsp. densiflora (Viv.) Gamisans ex Kerguélen & Lambinon (Asteraceae), an endemic species in the habitat of La Maddalena Archipelago.",Natural product research,2016 Aug,terpene_essential_oil,chemistry,2,title_priority_only
27085357,Effect of Rol Genes on Polyphenols Biosynthesis in Artemisia annua and Their Effect on Antioxidant and Cytotoxic Potential of the Plant.,Applied biochemistry and biotechnology,2016 Aug,biosynthesis_genes;genomics_phylogenomics,genomics,2,title_priority_only
27273626,"Functional Analysis of Amorpha-4,11-Diene Synthase (ADS) Homologs from Non-Artemisinin-Producing Artemisia Species: The Discovery of Novel Koidzumiol and (+)-α-Bisabolol Synthases.",Plant & cell physiology,2016 Aug,terpene_essential_oil;sesquiterpene_lactone;biosynthesis_genes;genomics_phylogenomics;antiparasitic,lactone,2,title_priority_only
27447740,"Artemisia arborescens Essential Oil Composition, Enantiomeric Distribution, and Antimicrobial Activity from Different Wild Populations from the Mediterranean Area.",Chemistry & biodiversity,2016 Aug,terpene_essential_oil;safety,chemistry,2,title_priority_only
28914025,[Sesquiterpenoids from aerial parts of Artemisia myriantha].,Zhongguo Zhong yao za zhi = Zhongguo zhongyao zazhi = China journal of Chinese materia medica,2016 Aug,terpene_essential_oil,chemistry,2,title_priority_only
27340104,Effect of leaf digestion and artemisinin solubility for use in oral consumption of dried Artemisia annua leaves to treat malaria.,Journal of ethnopharmacology,2016 Aug 22,terpene_essential_oil;sesquiterpene_lactone;biosynthesis_genes;antiparasitic;safety,lactone,2,title_priority_only
27515537,Sucrose-enhanced biosynthesis of medicinally important antioxidant secondary metabolites in cell suspension cultures of Artemisia absinthium L.,Bioprocess and biosystems engineering,2016 Dec,biosynthesis_genes,genomics,2,title_priority_only
27630101,Artemisia absinthium-borne compounds as novel larvicides: effectiveness against six mosquito vectors and acute toxicity on non-target aquatic organisms.,Parasitology research,2016 Dec,terpene_essential_oil;safety,phenotype,2,title_priority_only
27810398,Highly oxidized sesquiterpenes from Artemisia austro-yunnanensis.,Fitoterapia,2016 Dec,terpene_essential_oil;sesquiterpene_lactone;biosynthesis_genes,chemistry,2,title_priority_only
28129684,The Effect of Artemisia fragrans Willd: Essential Oil on Inducible Nitric Oxide Synthase Gene Expression and Nitric Oxide Production in Lipopolysaccharide-stimulated Murine Macrophage Cell Line.,"Iranian journal of allergy, asthma, and immunology",2016 Dec,terpene_essential_oil;biosynthesis_genes;safety,chemistry,2,title_priority_only
27451252,"A new chemical tool for absinthe producers, quantification of α/β-thujone and the bitter components in Artemisia absinthium.",Food chemistry,2016 Dec 15,terpene_essential_oil;safety,phenotype,2,title_priority_only
26745979,Dual symbiosis between Piriformospora indica and Azotobacter chroococcum enhances the artemisinin content in Artemisia annua L.,World journal of microbiology & biotechnology,2016 Feb,terpene_essential_oil;sesquiterpene_lactone;biosynthesis_genes;antiparasitic,lactone,2,title_priority_only
26792321,Antinociceptive activity of the essential oil from Artemisia ludoviciana.,Journal of ethnopharmacology,2016 Feb 17,terpene_essential_oil,chemistry,2,title_priority_only
26901188,Investigation of the Antiproliferative Properties of Natural Sesquiterpenes from Artemisia asiatica and Onopordum acanthium on HL-60 Cells in Vitro.,International journal of molecular sciences,2016 Feb 17,terpene_essential_oil;sesquiterpene_lactone;biosynthesis_genes,chemistry,2,title_priority_only
26909993,Salicylic acid-induced changes in physiological parameters and genes of the flavonoid biosynthesis pathway in Artemisia vulgaris and Dendranthema nankingense during aphid feeding.,Genetics and molecular research : GMR,2016 Feb 19,biosynthesis_genes,genomics,2,title_priority_only
26709305,Analysis of the major chiral compounds of Artemisia herba-alba essential oils (EOs) using reconstructed vibrational circular dichroism (VCD) spectra: En route to a VCD chiral signature of EOs.,Analytica chimica acta,2016 Jan 15,terpene_essential_oil;safety,chemistry,2,title_priority_only
26696523,Nitric Oxide Inhibitory Dimeric Sesquiterpenoids from Artemisia rupestris.,Journal of natural products,2016 Jan 22,terpene_essential_oil;biosynthesis_genes,chemistry,2,title_priority_only
26476297,Multivariate data analysis and metabolic profiling of artemisinin and related compounds in high yielding varieties of Artemisia annua field-grown in Madagascar.,Journal of pharmaceutical and biomedical analysis,2016 Jan 5,sesquiterpene_lactone;biosynthesis_genes,lactone,2,title_priority_only
26894818,Anti-inflammatory and blood stasis activities of essential oil extracted from Artemisia argyi leaf in animals.,Journal of natural medicines,2016 Jul,terpene_essential_oil,chemistry,2,title_priority_only
27250562,"Artemisinin-based antimalarial research: application of biotechnology to the production of artemisinin, its mode of action, and the mechanism of resistance of Plasmodium parasites.",Journal of natural medicines,2016 Jul,terpene_essential_oil;sesquiterpene_lactone;antiparasitic,lactone;phenotype,2,title_priority_only
27286334,Vapour and Liquid-Phase Artemisia annua Essential Oil Activities against Several Clinical Strains of Candida.,Planta medica,2016 Jul,terpene_essential_oil;safety,chemistry,2,title_priority_only
33473501,The complete chloroplast genome sequences of Artemisia gmelinii andArtemisia capillaris (Asteraceae).,"Mitochondrial DNA. Part B, Resources",2016 Jul 6,genomics_phylogenomics,genomics,2,title_priority_only
27251864,Rol genes enhance the biosynthesis of antioxidants in Artemisia carvifolia Buch.,BMC plant biology,2016 Jun 2,biosynthesis_genes,genomics,2,title_priority_only
33490395,Complete chloroplast genome sequence of Artemisia fukudo Makino (Asteraceae).,"Mitochondrial DNA. Part B, Resources",2016 Jun 20,genomics_phylogenomics,genomics,2,title_priority_only
26360801,Expression of β-glucosidase increases trichome density and artemisinin content in transgenic Artemisia annua plants.,Plant biotechnology journal,2016 Mar,terpene_essential_oil;sesquiterpene_lactone;biosynthesis_genes;genomics_phylogenomics;antiparasitic,lactone,2,title_priority_only
26858285,Branch Pathway Blocking in Artemisia annua is a Useful Method for Obtaining High Yield Artemisinin.,Plant & cell physiology,2016 Mar,terpene_essential_oil;sesquiterpene_lactone;diterpene_triterpene;biosynthesis_genes;genomics_phylogenomics;antiparasitic,lactone,2,title_priority_only
26822789,Development of a Specific Monoclonal Antibody for the Quantification of Artemisinin in Artemisia annua and Rat Serum.,Analytical chemistry,2016 Mar 1,terpene_essential_oil;sesquiterpene_lactone;antiparasitic;safety,lactone,2,title_priority_only
33473468,"The complete chloroplast genome sequence of medicinal plant, Artemisia argyi.","Mitochondrial DNA. Part B, Resources",2016 Mar 29,genomics_phylogenomics,genomics,2,title_priority_only
27233360,Proficiencies of Artemisia scoparia against CCl4 induced DNA damages and renal toxicity in rat.,BMC complementary and alternative medicine,2016 May 27,biosynthesis_genes;safety,phenotype,2,title_priority_only
27142388,Cellular engineering of Artemisia annua and Artemisia dubia with the rol ABC genes for enhanced production of potent anti-malarial drug artemisinin.,Malaria journal,2016 May 4,terpene_essential_oil;sesquiterpene_lactone;biosynthesis_genes;genomics_phylogenomics;antiparasitic,lactone,2,title_priority_only
27339275,Root regulation of artemisinin production in Artemisia annua: trichome and metabolite evidence.,Planta,2016 Nov,terpene_essential_oil;sesquiterpene_lactone;biosynthesis_genes;antiparasitic,lactone,2,title_priority_only
27773616,Compartmentalized Metabolic Engineering for Artemisinin Biosynthesis and Effective Malaria Treatment by Oral Delivery of Plant Cells.,Molecular plant,2016 Nov 7,terpene_essential_oil;sesquiterpene_lactone;biosynthesis_genes;antiparasitic,lactone;genomics,2,title_priority_only
27523085,Lethal and Sublethal Effects of Essential Oils From Artemisia khorassanica and Vitex pseudo-negundo Against Plodia interpunctella (Lepidoptera: Pyralidae).,Environmental entomology,2016 Oct,terpene_essential_oil;safety,chemistry,2,title_priority_only
27565777,"Cumulative role of bioinoculants on growth, antioxidant potential and artemisinin content in Artemisia annua L. under organic field conditions.",World journal of microbiology & biotechnology,2016 Oct,terpene_essential_oil;sesquiterpene_lactone;biosynthesis_genes;antiparasitic,lactone,2,title_priority_only
26404704,"Chemical composition and antimicrobial activity of essential oils from Acantholippia deserticola, Artemisia proceriformis, Achillea micrantha and Libanotis buchtormensis against phytopathogenic bacteria and fungi.",Natural product research,2016 Sep,terpene_essential_oil;safety,chemistry,2,title_priority_only
27388340,Overexpression of a Novel NAC Domain-Containing Transcription Factor Gene (AaNAC1) Enhances the Content of Artemisinin and Increases Tolerance to Drought and Botrytis cinerea in Artemisia annua.,Plant & cell physiology,2016 Sep,terpene_essential_oil;sesquiterpene_lactone;biosynthesis_genes;genomics_phylogenomics;antiparasitic,lactone,2,title_priority_only
30807041,Compositional Variability and Toxic Activity of Mugwort (Artemisia vulgaris) Essential Oils.,Natural product communications,2016 Sep,terpene_essential_oil;safety,chemistry,2,title_priority_only
27318275,Chemical composition and biological activities of Artemisia judaica essential oil from southern desert of Jordan.,Journal of ethnopharmacology,2016 Sep 15,terpene_essential_oil;biosynthesis_genes;safety,chemistry,2,title_priority_only
27980582,"Chemical Constituents, Antimicrobial, Cytotoxicity, Mutagenic and Antimutagenic Effects of Artemisia ciniformis.",Iranian journal of pharmaceutical research : IJPR,2016 Summer,terpene_essential_oil,phenotype,2,title_priority_only
28301522,Quantification of santonin in eight species of Artemisia from Kazakhstan by means of HPLC-UV: Method development and validation.,PloS one,2017,terpene_essential_oil;sesquiterpene_lactone;antiparasitic;safety,lactone,2,title_priority_only
28350868,Correction: Quantification of santonin in eight species of Artemisia from Kazakhstan by means of HPLC-UV: Method development and validation.,PloS one,2017,sesquiterpene_lactone,lactone,2,title_priority_only
28533790,"AaPDR3, a PDR Transporter 3, Is Involved in Sesquiterpene β-Caryophyllene Transport in Artemisia annua.",Frontiers in plant science,2017,sesquiterpene_lactone,chemistry,2,title_priority_only
28861412,Stable Production of the Antimalarial Drug Artemisinin in the Moss Physcomitrella patens.,Frontiers in bioengineering and biotechnology,2017,sesquiterpene_lactone;biosynthesis_genes;antiparasitic,lactone;phenotype,2,title_priority_only
30520605,Methyl 3-(5-(prop-1-yn-1-yl)thiophen-2-yl)propanoate: A Rare Acetylene Derivative from Artemisia absinthium Root Essential Oil.,Natural product communications,2017 Apr,terpene_essential_oil,chemistry,2,title_priority_only
28440881,Overexpression of a type-I isopentenyl pyrophosphate isomerase of Artemisia annua in the cytosol leads to high arteannuin B production and artemisinin increase.,The Plant journal : for cell and molecular biology,2017 Aug,terpene_essential_oil;sesquiterpene_lactone;biosynthesis_genes;antiparasitic,lactone,2,title_priority_only
28381767,Volatile Components of the Essential Oil of Artemisia montana and Their Sedative Effects.,Journal of oleo science,2017 Aug 1,terpene_essential_oil;biosynthesis_genes;safety,chemistry,2,title_priority_only
28800082,Complete Chloroplast Genome Sequence and Phylogenetic Analysis of the Medicinal Plant Artemisia annua.,"Molecules (Basel, Switzerland)",2017 Aug 11,sesquiterpene_lactone;genomics_phylogenomics;antiparasitic,genomics,2,title_priority_only
29122483,New terpenoids and thiophene derivatives from the aerial parts of Artemisia sieversiana.,Bioorganic & medicinal chemistry letters,2017 Dec 15,terpene_essential_oil;biosynthesis_genes;safety,chemistry,2,title_priority_only
27187805,A new irregular monoterpene acetate along with eight known compounds with antifungal potential from the aerial parts of Artemisia incisa Pamp (Asteraceae).,Natural product research,2017 Feb,terpene_essential_oil,chemistry,2,title_priority_only
28193253,Artemisia spp. essential oils against the disease-carrying blowfly Calliphora vomitoria.,Parasites & vectors,2017 Feb 13,terpene_essential_oil;safety,chemistry,2,title_priority_only
27773251,Extraction mechanism of ultrasound assisted extraction and its effect on higher yielding and purity of artemisinin crystals from Artemisia annua L. leaves.,Ultrasonics sonochemistry,2017 Jan,terpene_essential_oil;sesquiterpene_lactone;antiparasitic,lactone,2,title_priority_only
27928139,Bioactivities and Chemical Constituents of Essential Oil Extracted from Artemisia anethoides Against Two Stored Product Insects.,Journal of oleo science,2017 Jan 1,terpene_essential_oil;safety,chemistry,2,title_priority_only
28143473,"Chemical composition, vasorelaxant, antioxidant and antiplatelet effects of essential oil of Artemisia campestris L. from Oriental Morocco.",BMC complementary and alternative medicine,2017 Jan 31,terpene_essential_oil;safety,chemistry,2,title_priority_only
28327802,In vitro and in vivo antileishmanial activity of Artemisia annua L. leaf powder and its potential usefulness in the treatment of uncomplicated cutaneous leishmaniasis in humans.,Revista da Sociedade Brasileira de Medicina Tropical,2017 Jan-Feb,antiparasitic;safety,phenotype,2,title_priority_only
28488391,Essential Oil Variability in Natural Populations of Artemisia campestris (L.) and Artemisia herba-alba (Asso) and Incidence on Antiacetylcholinesterase and Antioxidant Activities.,Chemistry & biodiversity,2017 Jul,terpene_essential_oil;biosynthesis_genes;safety,chemistry,2,title_priority_only
28620813,"An in-silico insight into the substrate binding characteristics of the active site of amorpha-4, 11-diene synthase, a key enzyme in artemisinin biosynthesis.",Journal of molecular modeling,2017 Jul,terpene_essential_oil;sesquiterpene_lactone;biosynthesis_genes;antiparasitic,lactone;genomics,2,title_priority_only
28642094,Investigation of the component in Artemisia annua L. leading to enhanced antiplasmodial potency of artemisinin via regulation of its metabolism.,Journal of ethnopharmacology,2017 Jul 31,terpene_essential_oil;sesquiterpene_lactone;biosynthesis_genes;antiparasitic;safety,lactone,2,title_priority_only
28930253,In Vitro and In Vivo Evaluation of Essential Oil from Artemisia absinthium L. Formulated in Nanocochleates against Cutaneous Leishmaniasis.,"Medicines (Basel, Switzerland)",2017 Jun 9,terpene_essential_oil;antiparasitic,chemistry,2,title_priority_only
27546287,The genus Artemisia L. in the northern region of Saudi Arabia: essential oil variability and antibacterial activities.,Natural product research,2017 Mar,terpene_essential_oil,chemistry,2,title_priority_only
28286732,Water deficit-induced oxidative stress affects artemisinin content and expression of proline metabolic genes in Artemisia annua L.,FEBS open bio,2017 Mar,sesquiterpene_lactone,lactone,2,title_priority_only
28477002,Biosynthesis of silver nanoparticles using Artemisia annua callus for inhibiting stem-end bacteria in cut carnation flowers.,IET nanobiotechnology,2017 Mar,biosynthesis_genes,genomics,2,title_priority_only
28207974,AaMYB1 and its orthologue AtMYB61 affect terpene metabolism and trichome development in Artemisia annua and Arabidopsis thaliana.,The Plant journal : for cell and molecular biology,2017 May,terpene_essential_oil;sesquiterpene_lactone;diterpene_triterpene;biosynthesis_genes;genomics_phylogenomics;antiparasitic,chemistry,2,title_priority_only
28346993,Artemisia sieberi Besser essential oil and treatment of fungal infections.,Biomedicine & pharmacotherapy = Biomedecine & pharmacotherapie,2017 May,terpene_essential_oil;safety,chemistry,2,title_priority_only
28438564,Essential oil of Artemisia argyi suppresses inflammatory responses by inhibiting JAK/STATs activation.,Journal of ethnopharmacology,2017 May 23,terpene_essential_oil;diterpene_triterpene;biosynthesis_genes;safety,chemistry,2,title_priority_only
28840973,Absolute configuration of the ocimene monoterpenoids from Artemisia absinthium.,Chirality,2017 Nov,terpene_essential_oil,chemistry,2,title_priority_only
29318819,[Analysis of spatial distribution of artemisinin in Artemisia annua in China].,Zhongguo Zhong yao za zhi = Zhongguo zhongyao zazhi = China journal of Chinese materia medica,2017 Nov,terpene_essential_oil;sesquiterpene_lactone;antiparasitic,lactone,2,title_priority_only
28254675,From ancient herb to modern drug: Artemisia annua and artemisinin for cancer therapy.,Seminars in cancer biology,2017 Oct,terpene_essential_oil;sesquiterpene_lactone;biosynthesis_genes;antiparasitic;safety,lactone,2,title_priority_only
28810533,Deltamethrin induced oxidative stress in kidney and brain of rats: Protective effect of Artemisia campestris essential oil.,Biomedicine & pharmacotherapy = Biomedecine & pharmacotherapie,2017 Oct,terpene_essential_oil;biosynthesis_genes;safety,chemistry,2,title_priority_only
29111190,"Chemical composition, antioxidant and antibacterial activities of essential oil and methanol extract of Artemisia vulgaris and Gaultheria fragrantissima collected from Nepal.",Asian Pacific journal of tropical medicine,2017 Oct,terpene_essential_oil;safety,chemistry,2,title_priority_only
28719862,Green biosynthesis of silver nanoparticles using leaves extract of Artemisia vulgaris and their potential biomedical applications.,"Colloids and surfaces. B, Biointerfaces",2017 Oct 1,biosynthesis_genes,genomics,2,title_priority_only
28956447,"Artemisians A-D, Diseco-guaianolide Involved Heterodimeric [4 + 2] Adducts from Artemisia argyi.",Organic letters,2017 Oct 6,sesquiterpene_lactone,lactone,2,title_priority_only
29218944,[Activity of essential oil extracted from Artemisia argyi in inducing apoptosis of Candida albicans].,Zhongguo Zhong yao za zhi = Zhongguo zhongyao zazhi = China journal of Chinese materia medica,2017 Sep,terpene_essential_oil;biosynthesis_genes,chemistry,2,title_priority_only
29117375,Fumigant Toxicity and Sublethal Effects of Artemisia khorassanica and Artemisia sieberi on Sitotroga cerealella (Lepidoptera: Gelechiidae).,Journal of insect science (Online),2017 Sep 1,terpene_essential_oil;safety,phenotype,2,title_priority_only
28930281,"The Genus Artemisia: a 2012-2017 Literature Review on Chemical Composition, Antimicrobial, Insecticidal and Antioxidant Activities of Essential Oils.","Medicines (Basel, Switzerland)",2017 Sep 12,terpene_essential_oil;safety,chemistry,2,title_priority_only
28644710,"Study of artemisinin and sugar accumulation in Artemisia vulgaris and Artemisia dracunculus ""hairy"" root cultures.",Preparative biochemistry & biotechnology,2017 Sep 14,terpene_essential_oil;sesquiterpene_lactone;biosynthesis_genes;antiparasitic,lactone,2,title_priority_only
29636758,Selection and Clonal Propagation of High Artemisinin Genotypes of Artemisia annua.,Frontiers in plant science,2018,sesquiterpene_lactone;antiparasitic,lactone,2,title_priority_only
29706981,Increase in Artemisia annua Plant Biomass Artemisinin Content and Guaiacol Peroxidase Activity Using the Arbuscular Mycorrhizal Fungus Rhizophagus irregularis.,Frontiers in plant science,2018,sesquiterpene_lactone,lactone,2,title_priority_only
30659538,Role of 2-Dimensional Autocorrelation Descriptors in Predicting Antimalarial Activity of Artemisinin and its Aanalogues: A QSAR Study.,Current topics in medicinal chemistry,2018,terpene_essential_oil;sesquiterpene_lactone;antiparasitic,lactone;phenotype,2,title_priority_only
29518326,Nitric Oxide Inhibitory Sesquiterpenoids and Its Dimers from Artemisia freyniana.,Journal of natural products,2018 Apr 27,terpene_essential_oil,chemistry,2,title_priority_only
29657004,Artemisinin and Artemisia annua leaves alleviate Eimeria tenella infection by facilitating apoptosis of host cells and suppressing inflammatory response.,Veterinary parasitology,2018 Apr 30,terpene_essential_oil;sesquiterpene_lactone;antiparasitic,lactone,2,title_priority_only
30044501,Identification and Quantification of Thujone in a Case of Poisoning Due to Repeated Ingestion of an Infusion of Artemisia Vulgaris L.,Journal of food science,2018 Aug,terpene_essential_oil;safety,phenotype,2,title_priority_only
30200700,"[Prokaryotic expression， purification and crystallization of CYP71AV1, key enzyme in artemisinin biosynthesis].",Zhongguo Zhong yao za zhi = Zhongguo zhongyao zazhi = China journal of Chinese materia medica,2018 Aug,terpene_essential_oil;sesquiterpene_lactone;biosynthesis_genes;antiparasitic,lactone;genomics,2,title_priority_only
33474361,The complete chloroplast genome and phylogeny of Artemisia selengensis in Dongting Lake.,"Mitochondrial DNA. Part B, Resources",2018 Aug 17,genomics_phylogenomics,genomics,2,title_priority_only
30139985,Expression of key genes affecting artemisinin content in five Artemisia species.,Scientific reports,2018 Aug 23,terpene_essential_oil;sesquiterpene_lactone;biosynthesis_genes;antiparasitic,lactone,2,title_priority_only
30555086,The jasmonate-responsive transcription factor CbWRKY24 regulates terpenoid biosynthetic genes to promote saponin biosynthesis in Conyza blinii H. Lév.,Journal of genetics,2018 Dec,terpene_essential_oil;sesquiterpene_lactone;biosynthesis_genes;genomics_phylogenomics,chemistry;genomics,2,title_priority_only
28877539,Liquid and Vapor-Phase Activity of Artemisia annua Essential Oil against Pathogenic Malassezia spp.,Planta medica,2018 Feb,terpene_essential_oil,chemistry,2,title_priority_only
29164813,Chemical Polymorphism of Essential Oils of Artemisia vulgaris Growing Wild in Lithuania.,Chemistry & biodiversity,2018 Feb,terpene_essential_oil;safety,chemistry,2,title_priority_only
29467423,Transcriptome changes induced by abiotic stresses in Artemisia annua.,Scientific reports,2018 Feb 21,sesquiterpene_lactone;genomics_phylogenomics;antiparasitic,genomics,2,title_priority_only
29301032,ARTEMISININ BIOSYNTHESIS PROMOTING KINASE 1 positively regulates artemisinin biosynthesis through phosphorylating AabZIP1.,Journal of experimental botany,2018 Feb 23,terpene_essential_oil;sesquiterpene_lactone;biosynthesis_genes;genomics_phylogenomics;antiparasitic,lactone;genomics,2,title_priority_only
29476116,HMG-CoA reductase from Camphor Tulsi (Ocimum kilimandscharicum) regulated MVA dependent biosynthesis of diverse terpenoids in homologous and heterologous plant systems.,Scientific reports,2018 Feb 23,terpene_essential_oil;biosynthesis_genes;genomics_phylogenomics,chemistry;genomics,2,title_priority_only
29414844,"Efficacy of Compounds Isolated from the Essential Oil of Artemisia lavandulaefolia in Control of the Cigarette Beetle, Lasioderma serricorne.","Molecules (Basel, Switzerland)",2018 Feb 7,terpene_essential_oil;safety,chemistry,2,title_priority_only
28675464,"Chemical composition, antimicromicrobial activity and insecticidal activity against the lesser mealworm Alphitobius diaperinus (Panzer) (Coleoptera: Tenebrionidae) of Origanum vulgare L. ssp. hirtum (Link) and Artemisia dracunculus L. essential oils.",Journal of the science of food and agriculture,2018 Jan,terpene_essential_oil,chemistry,2,title_priority_only
28940606,The roles of AaMIXTA1 in regulating the initiation of glandular trichomes and cuticle biosynthesis in Artemisia annua.,The New phytologist,2018 Jan,terpene_essential_oil;sesquiterpene_lactone;diterpene_triterpene;biosynthesis_genes;genomics_phylogenomics;antiparasitic,genomics,2,title_priority_only
29241769,Antibacterial activity of Artemisia asiatica essential oil against some common respiratory infection causing bacterial strains and its mechanism of action in Haemophilus influenzae.,Microbial pathogenesis,2018 Jan,terpene_essential_oil,chemistry,2,title_priority_only
28864166,Artemisinin permeability via Caco-2 cells increases after simulated digestion of Artemisia annua leaves.,Journal of ethnopharmacology,2018 Jan 10,terpene_essential_oil;sesquiterpene_lactone;biosynthesis_genes;antiparasitic;safety,lactone,2,title_priority_only
29300490,Dimeric Cadinane Sesquiterpenoid Derivatives from Artemisia annua.,Organic letters,2018 Jan 19,terpene_essential_oil,chemistry,2,title_priority_only
29387574,Antioxidant and hepatoprotective effects of Artemisia dracunculus against CCl(4)-induced hepatotoxicity in rats.,Avicenna journal of phytomedicine,2018 Jan-Feb,safety,phenotype,2,title_priority_only
29656410,Combination of artemisinin-based natural compounds from Artemisia annua L. for the treatment of malaria: Pharmacodynamic and pharmacokinetic studies.,Phytotherapy research : PTR,2018 Jul,terpene_essential_oil;sesquiterpene_lactone;antiparasitic;safety,lactone,2,title_priority_only
29803465,"Towards a better understanding of Artemisia vulgaris: Botany, phytochemistry, pharmacological and biotechnological potential.","Food research international (Ottawa, Ont.)",2018 Jul,terpene_essential_oil;sesquiterpene_lactone;antiparasitic,chemistry,2,title_priority_only
30087924,Analysis and Isolation of Potential Artemisinin Precursors from Waste Streams of Artemisia Annua Extraction.,ACS omega,2018 Jul 31,sesquiterpene_lactone,lactone,2,title_priority_only
29976846,"1,10-Secoguaianolides from Artemisia austro-yunnanensis and Their Anti-Inflammatory Effects.","Molecules (Basel, Switzerland)",2018 Jul 5,terpene_essential_oil;biosynthesis_genes,lactone,2,title_priority_only
28651437,Comparative study on Artemisia halodendron Turcz. and its two related plants by GC-MS analysis and protective effect against carbon tetrachloride-induced hepatotoxicity in mice.,Natural product research,2018 Jun,terpene_essential_oil;safety,phenotype,2,title_priority_only
29945382,[Guaianolides from aerial parts of Artemisia myriantha].,Zhongguo Zhong yao za zhi = Zhongguo zhongyao zazhi = China journal of Chinese materia medica,2018 Jun,terpene_essential_oil;sesquiterpene_lactone,lactone,2,title_priority_only
30228799,The Tunisian Artemisia Essential Oil for Reducing Contamination of Stored Cereals by Tribolium castaneum.,Food technology and biotechnology,2018 Jun,terpene_essential_oil,chemistry,2,title_priority_only
30030948,Influence of abiotic elicitors on improvement production of artemisinin in cell culture of Artemisia annua L.,"Cellular and molecular biology (Noisy-le-Grand, France)",2018 Jun 30,terpene_essential_oil;sesquiterpene_lactone;diterpene_triterpene;biosynthesis_genes;antiparasitic,lactone,2,title_priority_only
29353156,Sesquiterpenoids from Artemisia vestita.,Phytochemistry,2018 Mar,terpene_essential_oil;biosynthesis_genes,chemistry,2,title_priority_only
29491554,Antimalarial activity of Artemisia nilagirica against Plasmodium falciparum.,Journal of parasitic diseases : official organ of the Indian Society for Parasitology,2018 Mar,antiparasitic,phenotype,2,title_priority_only
33474169,"The complete chloroplast genome of Artemisia hallaisanensis Nakai (Asteraceae), an endemic medicinal herb in Korea.","Mitochondrial DNA. Part B, Resources",2018 Mar 14,genomics_phylogenomics,genomics,2,title_priority_only
29589124,Biotechnological approaches for artemisinin production in Artemisia.,World journal of microbiology & biotechnology,2018 Mar 27,terpene_essential_oil;sesquiterpene_lactone;biosynthesis_genes;genomics_phylogenomics;antiparasitic,lactone,2,title_priority_only
28532258,Fumigant and repellent activities of essential oil extracted from Artemisia dubia and its main compounds against two stored product pests.,Natural product research,2018 May,terpene_essential_oil;safety,chemistry,2,title_priority_only
28606189,Therapeutic efficacy of Artemisia absinthium against Hymenolepis nana: in vitro and in vivo studies in comparison with the anthelmintic praziquantel.,Journal of helminthology,2018 May,antiparasitic,phenotype,2,title_priority_only
29580507,Study of two-stage ohmic hydro-extraction of essential oil from Artemisia aucheri Boiss.: Antioxidant and antimicrobial characteristics.,"Food research international (Ottawa, Ont.)",2018 May,terpene_essential_oil,chemistry,2,title_priority_only
29756212,Optimization of artemisinin extraction from Artemisia annua L. with supercritical carbon dioxide + ethanol using response surface methodology.,Electrophoresis,2018 May 13,sesquiterpene_lactone;antiparasitic,lactone,2,title_priority_only
29505835,Selection and validation of reference genes for quantitative real-time PCR in Artemisia sphaerocephala based on transcriptome sequence data.,Gene,2018 May 30,genomics_phylogenomics,genomics,2,title_priority_only
29857558,Red and Blue Light Promote the Accumulation of Artemisinin in Artemisia Annua L.,"Molecules (Basel, Switzerland)",2018 May 31,terpene_essential_oil;sesquiterpene_lactone;biosynthesis_genes;genomics_phylogenomics;antiparasitic,lactone,2,title_priority_only
30556010,Evaluation of the Leaf Essential Oil from Artemisia vulgaris and Its Larvicidal and Repellent Activity against Dengue Fever Vector Aedes aegypti-An Experimental and Molecular Docking Investigation.,ACS omega,2018 Nov 30,terpene_essential_oil,chemistry,2,title_priority_only
30323325,Author Correction: Expression of key genes affecting artemisinin content in five Artemisia species.,Scientific reports,2018 Oct 15,sesquiterpene_lactone,lactone,2,title_priority_only
29936053,A phylogenetic road map to antimalarial Artemisia species.,Journal of ethnopharmacology,2018 Oct 28,terpene_essential_oil;sesquiterpene_lactone;genomics_phylogenomics;antiparasitic,phenotype,2,title_priority_only
30864526,Analysis of the Essential Oils of Five Artemisia Species and Evaluation of their Cytotoxic and Proapoptotic Effects.,Mini reviews in medicinal chemistry,2019,terpene_essential_oil;biosynthesis_genes,chemistry,2,title_priority_only
31354901,Cytotoxic Effects of Artemisia annua L. and Pure Artemisinin on the D-17 Canine Osteosarcoma Cell Line.,Oxidative medicine and cellular longevity,2019,terpene_essential_oil;sesquiterpene_lactone;antiparasitic,lactone,2,title_priority_only
31404264,The Essential Oils and Eucalyptol From Artemisia vulgaris L. Prevent Acetaminophen-Induced Liver Injury by Activating Nrf2-Keap1 and Enhancing APAP Clearance Through Non-Toxic Metabolic Pathway.,Frontiers in pharmacology,2019,terpene_essential_oil;biosynthesis_genes;safety,chemistry,2,title_priority_only
31417596,Flavonoid Versus Artemisinin Anti-malarial Activity in Artemisia annua Whole-Leaf Extracts.,Frontiers in plant science,2019,sesquiterpene_lactone;biosynthesis_genes;genomics_phylogenomics;antiparasitic,lactone,2,title_priority_only
31920644,Suspected Hepatotoxicity With a Supercritical Carbon Dioxide Extract of Artemisia annua in Grapeseed Oil Used in New Zealand.,Frontiers in pharmacology,2019,safety,phenotype,2,title_priority_only
30821346,AaPP2C1 negatively regulates the expression of genes involved in artemisinin biosynthesis through dephosphorylating AaAPK1.,FEBS letters,2019 Apr,terpene_essential_oil;sesquiterpene_lactone;biosynthesis_genes;antiparasitic,lactone;genomics,2,title_priority_only
30939762,Chemical Profile and Biological Activities of Essential Oil from Artemisia vulgaris L. Cultivated in Brazil.,"Pharmaceuticals (Basel, Switzerland)",2019 Apr 1,terpene_essential_oil;antiparasitic,chemistry,2,title_priority_only
31003442,Simultaneous Quantification of Five Sesquiterpene Components after Ultrasound Extraction in Artemisia annua L. by an Accurate and Rapid UPLC⁻PDA Assay.,"Molecules (Basel, Switzerland)",2019 Apr 18,terpene_essential_oil;sesquiterpene_lactone,chemistry,2,title_priority_only
30942629,Biosynthesis of anti-leishmanial natural products in callus cultures of Artemisia scoparia.,"Artificial cells, nanomedicine, and biotechnology",2019 Dec,biosynthesis_genes;antiparasitic;safety,genomics,2,title_priority_only
33911989,It is not just artemisinin: Artemisia sp. for treating diseases including malaria and schistosomiasis.,Phytochemistry reviews : proceedings of the Phytochemical Society of Europe,2019 Dec,terpene_essential_oil;sesquiterpene_lactone,lactone,2,title_priority_only
30366267,Ecotoxicity of a novel biopesticide from Artemisia absinthium on non-target aquatic organisms.,Chemosphere,2019 Feb,terpene_essential_oil;safety,phenotype,2,title_priority_only
30529065,Lactone ring-opening seco-guaianolide involved heterodimers linked via an ester bond from Artemisia argyi with NO inhibitory activity.,Fitoterapia,2019 Jan,terpene_essential_oil;sesquiterpene_lactone;biosynthesis_genes,lactone,2,title_priority_only
30700013,"Chemical Composition and Antimicrobial Activities of Artemisia argyi Lévl. et Vant Essential Oils Extracted by Simultaneous Distillation-Extraction, Subcritical Extraction and Hydrodistillation.","Molecules (Basel, Switzerland)",2019 Jan 29,terpene_essential_oil;safety,chemistry,2,title_priority_only
30709043,Assessment of Artemisinin Contents in Selected Artemisia Species from Tajikistan (Central Asia).,"Medicines (Basel, Switzerland)",2019 Jan 31,sesquiterpene_lactone,lactone,2,title_priority_only
30822491,Substrate promiscuity of enzymes from the sesquiterpene biosynthetic pathways from Artemisia annua and Tanacetum parthenium allows for novel combinatorial sesquiterpene production.,Metabolic engineering,2019 Jul,terpene_essential_oil;sesquiterpene_lactone;biosynthesis_genes,chemistry,2,title_priority_only
31093899,Characterization of a class III peroxidase from Artemisia annua: relevance to artemisinin metabolism and beyond.,Plant molecular biology,2019 Jul,terpene_essential_oil;sesquiterpene_lactone;biosynthesis_genes;antiparasitic,lactone,2,title_priority_only
31241852,Artemisia magellanica. Chemical Composition of the Essential Oil from an Unexplored Endemic Species of Patagonia.,Chemistry & biodiversity,2019 Jul,terpene_essential_oil,chemistry,2,title_priority_only
32373299,Sesquiterpene fractions of Artemisia plants as potent inhibitors of inducible nitric oxide synthase and cyclooxygenase-2 expression.,Iranian journal of basic medical sciences,2019 Jul,sesquiterpene_lactone,chemistry,2,title_priority_only
30729589,"Phenylpropanoids, flavonoids, and terpenoids from Artemisia ordosica Krasch.",Magnetic resonance in chemistry : MRC,2019 Jun,terpene_essential_oil;biosynthesis_genes,chemistry,2,title_priority_only
30529847,"Artemisianins A-D, new stereoisomers of seco-guaianolide involved heterodimeric [4+2] adducts from Artemisia argyi induce apoptosis via enhancement of endoplasmic reticulum stress.",Bioorganic chemistry,2019 Mar,terpene_essential_oil;sesquiterpene_lactone;biosynthesis_genes,lactone,2,title_priority_only
30976671,Naturally occurring sesquiterpene lactones and their semi-synthetic derivatives modulate PGE2 levels by decreasing COX2 activity and expression.,Heliyon,2019 Mar,sesquiterpene_lactone,chemistry;lactone,2,title_priority_only
30873702,"Dihydroartemisinin, an antimalarial drug, induces absent in melanoma 2 inflammasome activation and autophagy in human hepatocellular carcinoma HepG2215 cells.",Phytotherapy research : PTR,2019 May,terpene_essential_oil;sesquiterpene_lactone;biosynthesis_genes;antiparasitic,lactone;phenotype,2,title_priority_only
30683341,"Simple, Fast, and Sensitive detection of artemisinin in human serum and Artemisia annua using microsensor array coupled with electrochemiluminescent imaging technique.",Talanta,2019 May 1,terpene_essential_oil;sesquiterpene_lactone;antiparasitic,lactone,2,title_priority_only
29681192,"In vitro assessment of cytotoxic, genotoxic and mutagenic effects of antimalarial drugs artemisinin and artemether in human lymphocytes.",Drug and chemical toxicology,2019 Nov,terpene_essential_oil;sesquiterpene_lactone;antiparasitic;safety,lactone;phenotype,2,title_priority_only
31534022,Catalytic Plasticity of Germacrene A Oxidase Underlies Sesquiterpene Lactone Diversification.,Plant physiology,2019 Nov,terpene_essential_oil;sesquiterpene_lactone;biosynthesis_genes;antiparasitic,chemistry;lactone,2,title_priority_only
31669720,Sesquiterpenoids from Artemisia argyi and their COXs inhibitory activities.,Fitoterapia,2019 Nov,terpene_essential_oil;sesquiterpene_lactone,chemistry,2,title_priority_only
31698805,Chloroplast Genome Sequence of Artemisia scoparia: Comparative Analyses and Screening of Mutational Hotspots.,"Plants (Basel, Switzerland)",2019 Nov 6,genomics_phylogenomics,genomics,2,title_priority_only
31698834,Chemical Composition and Antimicrobial Activity of Artemisia herba-alba and Origanum majorana Essential Oils from Morocco.,"Molecules (Basel, Switzerland)",2019 Nov 6,terpene_essential_oil;safety,chemistry,2,title_priority_only
31614698,Sesquiterpenoids from Artemisia vestita and Their Antifeedant and Antifungal Activities.,"Molecules (Basel, Switzerland)",2019 Oct 11,terpene_essential_oil,chemistry,2,title_priority_only
31581691,Chemical Composition and Biological Activities of Artemisia pedemontana subsp. assoana Essential Oils and Hydrolate.,Biomolecules,2019 Oct 2,terpene_essential_oil;antiparasitic,chemistry,2,title_priority_only
31635139,Improved Production of Industrially Important Essential Oils Through Elicitation in the Adventitious Roots of Artemisia amygdalina.,"Plants (Basel, Switzerland)",2019 Oct 20,terpene_essential_oil,chemistry,2,title_priority_only
31652784,Insights into Heterologous Biosynthesis of Arteannuin B and Artemisinin in Physcomitrella patens.,"Molecules (Basel, Switzerland)",2019 Oct 23,terpene_essential_oil;sesquiterpene_lactone;biosynthesis_genes;antiparasitic,lactone;genomics,2,title_priority_only
31653200,Comprehensive transcriptome analysis of grafting onto Artemisia scoparia W. to affect the aphid resistance of chrysanthemum (Chrysanthemum morifolium T.).,BMC genomics,2019 Oct 25,biosynthesis_genes;genomics_phylogenomics,genomics,2,title_priority_only
31238388,Optimisation of artemisinin and scopoletin extraction from Artemisia annua with a new modern pressurised cyclic solid-liquid (PCSL) extraction technique.,Phytochemical analysis : PCA,2019 Sep,terpene_essential_oil;sesquiterpene_lactone;antiparasitic,lactone,2,title_priority_only
31418264,"Trichocadinins B-G: Antimicrobial Cadinane Sesquiterpenes from Trichoderma virens QA-8, an Endophytic Fungus Obtained from the Medicinal Plant Artemisia argyi.",Journal of natural products,2019 Sep 27,terpene_essential_oil,chemistry,2,title_priority_only
31464436,"Preparation and Phytotoxicity Evaluation of 11,13-Dehydro seco-Guaianolides.",Journal of natural products,2019 Sep 27,terpene_essential_oil;sesquiterpene_lactone;safety,lactone;phenotype,2,title_priority_only
32411422,In Vitro Anthelmintic Activity of Crude Extracts of Artemisia herba-alba and Punica granatum against Haemonchus contortus.,Journal of parasitology research,2020,antiparasitic,phenotype,2,title_priority_only
32676091,AaABCG40 Enhances Artemisinin Content and Modulates Drought Tolerance in Artemisia annua.,Frontiers in plant science,2020,sesquiterpene_lactone;biosynthesis_genes,lactone,2,title_priority_only
32870934,The potential antimalarial efficacy of hemocompatible silver nanoparticles from Artemisia species against P. falciparum parasite.,PloS one,2020,sesquiterpene_lactone;antiparasitic,phenotype,2,title_priority_only
32982763,"Odorant-Binding Proteins Contribute to the Defense of the Red Flour Beetle, Tribolium castaneum, Against Essential Oil of Artemisia vulgaris.",Frontiers in physiology,2020,terpene_essential_oil;genomics_phylogenomics;safety,chemistry,2,title_priority_only
33042197,"Editorial: Artemisinin-From Traditional Chinese Medicine to Artemisinin Combination Therapies; Four Decades of Research on the Biochemistry, Physiology, and Breeding of Artemisia annua.",Frontiers in plant science,2020,sesquiterpene_lactone,lactone,2,title_priority_only
33132747,First principle study of silver nanoparticle interactions with antimalarial drugs extracted from Artemisia annua plant.,Journal of nanoparticle research : an interdisciplinary forum for nanoscale science and technology,2020,sesquiterpene_lactone;antiparasitic,phenotype,2,title_priority_only
33366948,"The complete chloroplast genome sequence of medicinal plant, Artemisia Montana.","Mitochondrial DNA. Part B, Resources",2020,genomics_phylogenomics,genomics,2,title_priority_only
33366961,The complete chloroplast genome sequence of Artemisia ordosica.,"Mitochondrial DNA. Part B, Resources",2020,genomics_phylogenomics,genomics,2,title_priority_only
33614607,High-Level Patchoulol Biosynthesis in Artemisia annua L.,Frontiers in bioengineering and biotechnology,2020,terpene_essential_oil;biosynthesis_genes,genomics,2,title_priority_only
33542941,Biosynthesis and Antibacterial Activity of ZnO Nanoparticles by Artemisia aucheri Extract.,Iranian journal of biotechnology,2020 Apr,biosynthesis_genes,genomics,2,title_priority_only
32326167,Agrobacterium-Mediated Transformation of Chrysanthemum with Artemisinin Biosynthesis Pathway Genes.,"Plants (Basel, Switzerland)",2020 Apr 21,sesquiterpene_lactone;biosynthesis_genes;genomics_phylogenomics,lactone;genomics,2,title_priority_only
32788629,Identification and the potential involvement of miRNAs in the regulation of artemisinin biosynthesis in A. annua.,Scientific reports,2020 Aug 12,terpene_essential_oil;sesquiterpene_lactone;biosynthesis_genes;antiparasitic,lactone;genomics,2,title_priority_only
32825178,"Artemisia absinthium L.-Importance in the History of Medicine, the Latest Advances in Phytochemistry and Therapeutical, Cosmetological and Culinary Uses.","Plants (Basel, Switzerland)",2020 Aug 19,terpene_essential_oil;safety,chemistry,2,title_priority_only
32781664,RETRACTED: Chamazulene-Rich Artemisia arborescens Essential Oils Affect the Cell Growth of Human Melanoma Cells.,"Plants (Basel, Switzerland)",2020 Aug 6,terpene_essential_oil,chemistry,2,title_priority_only
30689407,Toxicity effects of Eriocephalus africanus L. leaf essential oil against some molecularly identified phytopathogenic bacterial strains.,Natural product research,2020 Dec,terpene_essential_oil;safety,chemistry;phenotype,2,title_priority_only
33202166,Water Extract of Artemisia annua L. Exhibits Hepatoprotective Effects Through Improvement of Lipid Accumulation and Oxidative Stress-Induced Cytotoxicity.,Journal of medicinal food,2020 Dec,biosynthesis_genes,phenotype,2,title_priority_only
32758575,Ethanolic extract of Artemisia campestris subsp. glutinosa (Besser) Batt. inhibits HIV-1 replication in vitro through the activity of terpenes and flavonoids on viral entry and NF-κB pathway.,Journal of ethnopharmacology,2020 Dec 5,terpene_essential_oil;biosynthesis_genes;genomics_phylogenomics,chemistry,2,title_priority_only
33291424,Development of an In Vitro Method of Propagation for Artemisia tridentata subsp. tridentata to Support Genome Sequencing and Genotype-by-Environment Research.,"Plants (Basel, Switzerland)",2020 Dec 5,genomics_phylogenomics,genomics,2,title_priority_only
31767459,Bioactivity and efficacy of essential oils extracted from Artemisia annua against Tribolium casteneum (Herbst. 1797) (Coleoptera: Tenebrionidae): An eco-friendly approach.,Ecotoxicology and environmental safety,2020 Feb,terpene_essential_oil;biosynthesis_genes;safety,chemistry,2,title_priority_only
32046156,Dried Leaf Artemisia Annua Improves Bioavailability of Artemisinin via Cytochrome P450 Inhibition and Enhances Artemisinin Efficacy Downstream.,Biomolecules,2020 Feb 7,terpene_essential_oil;sesquiterpene_lactone;biosynthesis_genes;antiparasitic;safety,lactone,2,title_priority_only
31576412,"Artemisia annua L. and photoresponse: from artemisinin accumulation, volatile profile and anatomical modifications to gene expression.",Plant cell reports,2020 Jan,terpene_essential_oil;sesquiterpene_lactone;biosynthesis_genes;antiparasitic,lactone,2,title_priority_only
31760374,"Biosynthesis and characterization of zinc oxide nanoparticles from Artemisia annua and investigate their effect on proliferation, osteogenic differentiation and mineralization in human osteoblast-like MG-63 Cells.","Journal of photochemistry and photobiology. B, Biology",2020 Jan,biosynthesis_genes;safety,genomics,2,title_priority_only
31947602,Direct Activation of TRPC3 Channels by the Antimalarial Agent Artemisinin.,Cells,2020 Jan 14,terpene_essential_oil;sesquiterpene_lactone;biosynthesis_genes;antiparasitic,lactone;phenotype,2,title_priority_only
32013192,Anthelmintic Activity of Wormwood (Artemisia absinthium L.) and Mallow (Malva sylvestris L.) against Haemonchus contortus in Sheep.,Animals : an open access journal from MDPI,2020 Jan 29,antiparasitic,phenotype,2,title_priority_only
31930540,Artemisinin-derived antimalarial endoperoxides from bench-side to bed-side: Chronological advancements and future challenges.,Medicinal research reviews,2020 Jul,terpene_essential_oil;sesquiterpene_lactone;antiparasitic,lactone;phenotype,2,title_priority_only
32162132,Using β-ocimene to increase the artemisinin content in juvenile plants of Artemisia annua L.,Biotechnology letters,2020 Jul,terpene_essential_oil;sesquiterpene_lactone;biosynthesis_genes;antiparasitic,lactone,2,title_priority_only
32333635,Nitric Oxide Production Inhibitory Eudesmane-Type Sesquiterpenoids from Artemisia argyi.,Chemistry & biodiversity,2020 Jul,terpene_essential_oil;sesquiterpene_lactone;biosynthesis_genes,chemistry,2,title_priority_only
32372353,"Essential oils from three Algerian medicinal plants (Artemisia campestris, Pulicaria arabica, and Saccocalyx satureioides) as new botanical insecticides?",Environmental science and pollution research international,2020 Jul,terpene_essential_oil;safety,chemistry,2,title_priority_only
32495516,Erratum to Simultaneous determination of artemisinin and its analogues and flavonoids in Artemisia annua crude extracts with the use of NMR spectroscopy.,Magnetic resonance in chemistry : MRC,2020 Jul,sesquiterpene_lactone,lactone,2,title_priority_only
32119077,Sparse Epistatic Patterns in the Evolution of Terpene Synthases.,Molecular biology and evolution,2020 Jul 1,terpene_essential_oil;biosynthesis_genes,chemistry;genomics,2,title_priority_only
32234442,Effect of chitosan-whey protein isolated coatings incorporated with tarragon Artemisia dracunculus essential oil on the quality of Scomberoides commersonnianus fillets at refrigerated condition.,International journal of biological macromolecules,2020 Jul 15,terpene_essential_oil,chemistry,2,title_priority_only
31956504,Debottlenecking mevalonate pathway for antimalarial drug precursor amorphadiene biosynthesis in Yarrowia lipolytica.,Metabolic engineering communications,2020 Jun,sesquiterpene_lactone;biosynthesis_genes;antiparasitic,genomics;phenotype,2,title_priority_only
32545512,Pharmacological Evaluation of Artemisia cina Crude CO(2) Subcritical Extract after the Removal of Santonin by Means of High Speed Countercurrent Chromatography.,"Molecules (Basel, Switzerland)",2020 Jun 12,terpene_essential_oil;sesquiterpene_lactone;antiparasitic;safety,lactone,2,title_priority_only
32549234,Arbuscular Mycorrhizal Fungus Rhizophagus irregularis Influences Artemisia annua Plant Parameters and Artemisinin Content under Different Soil Types and Cultivation Methods.,Microorganisms,2020 Jun 15,terpene_essential_oil;sesquiterpene_lactone,lactone,2,title_priority_only
32571207,Comparative chloroplast genome analysis of Artemisia (Asteraceae) in East Asia: insights into evolutionary divergence and phylogenomic implications.,BMC genomics,2020 Jun 22,genomics_phylogenomics,genomics,2,title_priority_only
33457782,"The complete chloroplast genome sequence of medicinal plant, Artemisia gmelinii.","Mitochondrial DNA. Part B, Resources",2020 Jun 5,genomics_phylogenomics,genomics,2,title_priority_only
30585504,Triterpenoids with α-glucosidase inhibitory activity from Artemisia argyi.,Journal of Asian natural products research,2020 Mar,terpene_essential_oil;diterpene_triterpene,chemistry,2,title_priority_only
31450007,"Chloroplast genome sequences of Artemisia maritima and Artemisia absinthium: Comparative analyses, mutational hotspots in genus Artemisia and phylogeny in family Asteraceae.",Genomics,2020 Mar,biosynthesis_genes;genomics_phylogenomics,genomics,2,title_priority_only
31733071,Simultaneous determination of artemisinin and its analogs and flavonoids in Artemisia annua crude extracts with the use of NMR spectroscopy.,Magnetic resonance in chemistry : MRC,2020 Mar,terpene_essential_oil;sesquiterpene_lactone;antiparasitic,lactone,2,title_priority_only
32197463,"Yield, Essential Oil and Quality Performances of Artemisia dracunculus, Hyssopus officinalis and Lavandula angustifolia as Affected by Arbuscular Mycorrhizal Fungi under Organic Management.","Plants (Basel, Switzerland)",2020 Mar 18,terpene_essential_oil,chemistry,2,title_priority_only
31873815,Oligomers of carrageenan regulate functional activities and artemisinin production in Artemisia annua L. exposed to arsenic stress.,Protoplasma,2020 May,terpene_essential_oil;sesquiterpene_lactone;biosynthesis_genes;antiparasitic;safety,lactone,2,title_priority_only
32304658,Parallel Transcriptional Regulation of Artemisinin and Flavonoid Biosynthesis.,Trends in plant science,2020 May,terpene_essential_oil;sesquiterpene_lactone;biosynthesis_genes;antiparasitic,lactone;genomics,2,title_priority_only
31911352,"Phytochemical analysis and geographic assessment of flavonoids, coumarins and sesquiterpenes in Artemisia annua L. based on HPLC-DAD quantification and LC-ESI-QTOF-MS/MS confirmation.",Food chemistry,2020 May 15,terpene_essential_oil;sesquiterpene_lactone,chemistry,2,title_priority_only
32455592,Antimicrobial Activity of Different Artemisia Essential Oil Formulations.,"Molecules (Basel, Switzerland)",2020 May 21,terpene_essential_oil,chemistry,2,title_priority_only
32302133,"Bioactive seco-Sativene Sesquiterpenoids from an Artemisia desertorum Endophytic Fungus, Cochliobolus sativus.",Journal of natural products,2020 May 22,terpene_essential_oil,chemistry,2,title_priority_only
30618281,"Chemical composition, antioxidant and cytotoxic activity of Artemisia gmelinii essential oil growing wild in Kashmir valley.",Natural product research,2020 Nov,terpene_essential_oil,chemistry,2,title_priority_only
32191371,Chloroplast genome transformation of medicinal plant Artemisia annua.,Plant biotechnology journal,2020 Nov,terpene_essential_oil;sesquiterpene_lactone;genomics_phylogenomics;antiparasitic,genomics,2,title_priority_only
32954632,Polyketides and Terpenoids with Potent Antibacterial Activities from the Artemisia argyi-Derived Fungus Trichoderma koningiopsis QA-3.,Chemistry & biodiversity,2020 Nov,terpene_essential_oil;biosynthesis_genes,chemistry,2,title_priority_only
33883843,"Evaluation of Acute and Sub-Acute Toxicity of Aqueous Extracts of Artemisia afra Leaves on Brain, Heart and Suprarenal Glands in Swiss Albino Mice.",Ethiopian journal of health sciences,2020 Nov,safety,phenotype,2,title_priority_only
33260767,Genome-Wide Identification of WRKY Genes in Artemisia annua: Characterization of a Putative Ortholog of AtWRKY40.,"Plants (Basel, Switzerland)",2020 Nov 28,terpene_essential_oil;sesquiterpene_lactone;biosynthesis_genes;genomics_phylogenomics;antiparasitic,genomics,2,title_priority_only
33089682,Artatrovirenols A and B: Two Cagelike Sesquiterpenoids from Artemisia atrovirens.,The Journal of organic chemistry,2020 Nov 6,terpene_essential_oil,chemistry,2,title_priority_only
32745752,Cytotoxic sesquiterpenoids against hepatic stellate cell line LX2 from Artemisia lavandulaefolia.,Bioorganic chemistry,2020 Oct,terpene_essential_oil,chemistry,2,title_priority_only
32891001,Structurally diverse sesquiterpenoids from the aerial parts of Artemisia annua (Qinghao) and their striking systemically anti-inflammatory activities.,Bioorganic chemistry,2020 Oct,terpene_essential_oil,chemistry,2,title_priority_only
32673966,Salicylic acid restrains arsenic induced oxidative burst in two varieties of Artemisia annua L. by modulating antioxidant defence system and artemisinin production.,Ecotoxicology and environmental safety,2020 Oct 1,terpene_essential_oil;sesquiterpene_lactone;biosynthesis_genes;antiparasitic;safety,lactone,2,title_priority_only
33081073,"Effects of Wormwood (Artemisia montana) Essential Oils on Digestibility, Fermentation Indices, and Microbial Diversity in the Rumen.",Microorganisms,2020 Oct 18,terpene_essential_oil,chemistry,2,title_priority_only
30663350,Composition and antioxidant activity of the essential oil of Artemisia annua L.,Natural product research,2020 Sep,terpene_essential_oil,chemistry,2,title_priority_only
32621255,"Isolation and evaluation of trypanocidal activity of sesquiterpenoids, flavonoids, and lignans in Artemisia sieversiana collected in Mongolia.",Journal of natural medicines,2020 Sep,terpene_essential_oil,chemistry,2,title_priority_only
32705519,Two new sesquiterpenes from Artemisia annua L.,Journal of natural medicines,2020 Sep,terpene_essential_oil,chemistry,2,title_priority_only
32842729,"Artemyrianolides A-S, Cytotoxic Sesquiterpenoids from Artemisia myriantha.",Journal of natural products,2020 Sep 25,terpene_essential_oil;sesquiterpene_lactone,chemistry,2,title_priority_only
33651845,In vitro analyses of Artemisia extracts on Plasmodium falciparum suggest a complex antimalarial effect.,PloS one,2021,terpene_essential_oil;sesquiterpene_lactone;biosynthesis_genes;antiparasitic,phenotype,2,title_priority_only
33716767,Antioxidant and Protective Effects of Artemisia campestris Essential Oil Against Chlorpyrifos-Induced Kidney and Liver Injuries in Rats.,Frontiers in physiology,2021,terpene_essential_oil;safety,chemistry,2,title_priority_only
33814617,Antimalarial and anticancer properties of artesunate and other artemisinins: current development.,Monatshefte fur chemie,2021,sesquiterpene_lactone;antiparasitic,lactone;phenotype,2,title_priority_only
33927629,"Artemisia dracunculus (Tarragon): A Review of Its Traditional Uses, Phytochemistry and Pharmacology.",Frontiers in pharmacology,2021,terpene_essential_oil,chemistry,2,title_priority_only
34105669,TiO2 nanoparticles and salinity stress in relation to artemisinin production and ADS and DBR2 expression in Artemisia absinthium L.,Brazilian journal of biology = Revista brasleira de biologia,2021,terpene_essential_oil;sesquiterpene_lactone;biosynthesis_genes;antiparasitic,lactone,2,title_priority_only
34122662,Heterologous expression of cyanobacterial PCS confers augmented arsenic and cadmium stress tolerance and higher artemisinin in Artemisia annua hairy roots.,Plant biotechnology reports,2021,sesquiterpene_lactone,lactone,2,title_priority_only
34133565,An investigation on the chloroplast and nuclear genomes of taxa belong to the subgenus Dracunculus (Bess.) Rydb. of Artemisia L. (Asteraceae) in Turkey.,Brazilian journal of biology = Revista brasleira de biologia,2021,genomics_phylogenomics,genomics,2,title_priority_only
34268303,Artemisia argyi Essential Oil Inhibits Hepatocellular Carcinoma Metastasis via Suppression of DEPDC1 Dependent Wnt/β-Catenin Signaling Pathway.,Frontiers in cell and developmental biology,2021,terpene_essential_oil;safety,chemistry,2,title_priority_only
34456959,Insecticidal Terpenes From the Essential Oils of Artemisia nakaii and Their Inhibitory Effects on Acetylcholinesterase.,Frontiers in plant science,2021,terpene_essential_oil;safety,chemistry,2,title_priority_only
34539801,Chemical Analysis and Antioxidant and Antimicrobial Activity of Essential oils from Artemisia negrei L. against Drug-Resistant Microbes.,Evidence-based complementary and alternative medicine : eCAM,2021,terpene_essential_oil,chemistry,2,title_priority_only
34603026,The Essential Oil of Artemisia argyi H.Lév. and Vaniot Attenuates NLRP3 Inflammasome Activation in THP-1 Cells.,Frontiers in pharmacology,2021,terpene_essential_oil,chemistry,2,title_priority_only
34659300,Genome-Wide Analysis of Light-Regulated Alternative Splicing in Artemisia annua L.,Frontiers in plant science,2021,sesquiterpene_lactone;biosynthesis_genes;genomics_phylogenomics;safety,genomics,2,title_priority_only
34869869,"The complete chloroplast genome of Artemisia Montana (Nakai) Pamp. (Asteraceae), a traditional medicinal herb in Korea.","Mitochondrial DNA. Part B, Resources",2021,genomics_phylogenomics,genomics,2,title_priority_only
35069660,"Caffeic Acid, an Allelochemical in Artemisia argyi, Inhibits Weed Growth via Suppression of Mitogen-Activated Protein Kinase Signaling Pathway and the Biosynthesis of Gibberellin and Phytoalexin.",Frontiers in plant science,2021,biosynthesis_genes;genomics_phylogenomics,genomics,2,title_priority_only
32339306,Overexpression of blue light receptor AaCRY1 improves artemisinin content in Artemisia annua L. .,Biotechnology and applied biochemistry,2021 Apr,terpene_essential_oil;sesquiterpene_lactone;biosynthesis_genes;antiparasitic,lactone,2,title_priority_only
33694172,Artemisia dracunculus L. essential oil phytochemical components trigger the activity of cellular antioxidant enzymes.,Journal of food biochemistry,2021 Apr,terpene_essential_oil,chemistry,2,title_priority_only
33746259,Chemical composition of essential oil and antifungal activity of Artemisia persica Boiss. from Iran.,Journal of food science and technology,2021 Apr,terpene_essential_oil,chemistry,2,title_priority_only
33746262,Preparation and evaluation of food-grade nanoemulsion of tarragon (Artemisia dracunculus L.) essential oil: antioxidant and antibacterial properties.,Journal of food science and technology,2021 Apr,terpene_essential_oil,chemistry,2,title_priority_only
34024391,"Acaricidal activity against Ixodes ricinus nymphs of essential oils from the Libyan plants Artemisia herba alba, Origanum majorana and Juniperus phoenicea.","Veterinary parasitology, regional studies and reports",2021 Apr,terpene_essential_oil,chemistry,2,title_priority_only
33818725,Carrageenan oligomers and salicylic acid act in tandem to escalate artemisinin production by suppressing arsenic uptake and oxidative stress in Artemisia annua (sweet wormwood) cultivated in high arsenic soil.,Environmental science and pollution research international,2021 Aug,terpene_essential_oil;sesquiterpene_lactone;biosynthesis_genes;antiparasitic;safety,lactone,2,title_priority_only
34081830,"Chemical Constituent, Antimicrobial Activity, and Synergistic Effect of the Stem, Leaf, and Flower Essential Oil of the Artemisia fragrans Willd. from Khoy.",Chemistry & biodiversity,2021 Aug,terpene_essential_oil;diterpene_triterpene;biosynthesis_genes,chemistry,2,title_priority_only
34297325,"The karyotype, genome survey, and assembly of Mud artemisia (Artemisia selengensis).",Molecular biology reports,2021 Aug,genomics_phylogenomics,genomics,2,title_priority_only
33932510,Chemical characterization and bioactive potential of Artemisia campestris L. subsp. maritima (DC) Arcang. essential oil and hydrodistillation residual water.,Journal of ethnopharmacology,2021 Aug 10,terpene_essential_oil;safety,chemistry,2,title_priority_only
33484255,Homogenate Extraction of Dihydroartemisinin from Artemisia Hedinii and Its Antifungal Activity.,Journal of AOAC International,2021 Aug 20,terpene_essential_oil;sesquiterpene_lactone;antiparasitic,lactone,2,title_priority_only
34445076,Transcriptomic Analysis Reveals Key Genes Involved in Oil and Linoleic Acid Biosynthesis during Artemisia sphaerocephala Seed Development.,International journal of molecular sciences,2021 Aug 4,biosynthesis_genes;genomics_phylogenomics,genomics,2,title_priority_only
34023721,Determination of artemisinin and its analogs in Artemisia annua extracts by capillary electrophoresis - Mass spectrometry.,Journal of pharmaceutical and biomedical analysis,2021 Aug 5,terpene_essential_oil;sesquiterpene_lactone;antiparasitic,lactone,2,title_priority_only
34555775,Guaianolides from Artemisia codonocephala suppress interleukine-1β secretion in macrophages.,Phytochemistry,2021 Dec,terpene_essential_oil;sesquiterpene_lactone;biosynthesis_genes,lactone,2,title_priority_only
34853965,Monooxygenase System and NO Metabolism in Liver Microsomes of Rats with Toxic Hepatitis and the Effect of Sesquiterpene Lactones.,Bulletin of experimental biology and medicine,2021 Dec,terpene_essential_oil;sesquiterpene_lactone;biosynthesis_genes;safety,chemistry;lactone,2,title_priority_only
34848710,Transcriptional regulation of flavonoid biosynthesis in Artemisia annua by AaYABBY5.,Horticulture research,2021 Dec 1,terpene_essential_oil;biosynthesis_genes;antiparasitic,genomics,2,title_priority_only
34941723,Cytotoxicity of an Innovative Pressurised Cyclic Solid-Liquid (PCSL) Extract from Artemisia annua.,Toxins,2021 Dec 11,sesquiterpene_lactone;safety,phenotype,2,title_priority_only
34619470,Evaluation of the phytotoxic effect of the essential oil from Artemisia absinthium.,Ecotoxicology and environmental safety,2021 Dec 15,terpene_essential_oil;safety,chemistry,2,title_priority_only
34961288,"Boosted Antioxidant Effect Using a Combinatory Approach with Essential Oils from Origanum compactum, Origanum majorana, Thymus serpyllum, Mentha spicata, Myrtus communis, and Artemisia herba-alba: Mixture Design Optimization.","Plants (Basel, Switzerland)",2021 Dec 20,terpene_essential_oil,chemistry,2,title_priority_only
34546358,Knockdown of Uridine Diphosphate Glucosyltransferase 86Dg Enhances Susceptibility of Tribolium castaneum (Coleoptera: Tenebrionidae) to Artemisia vulgaris (Asterales: Asteraceae) Essential Oil.,Journal of economic entomology,2021 Dec 6,terpene_essential_oil;biosynthesis_genes;safety,chemistry,2,title_priority_only
33588649,Essential oils from Artemisia species inhibit biofilm formation and the virulence of Escherichia coli EPEC 2348/69.,Biofouling,2021 Feb,terpene_essential_oil;safety,chemistry,2,title_priority_only
33531542,A metabolomic approach to target antimalarial metabolites in the Artemisia annua fungal endophytes.,Scientific reports,2021 Feb 2,biosynthesis_genes;antiparasitic,phenotype,2,title_priority_only
33652853,Effect of Chitosan Coating Incorporated with Artemisia fragrans Essential Oil on Fresh Chicken Meat during Refrigerated Storage.,Polymers,2021 Feb 26,terpene_essential_oil,chemistry,2,title_priority_only
31177847,Chemical composition and biological activities of an essential oil from the aerial parts of Artemisia Gmelinii weber ex Stechm.,Natural product research,2021 Jan,terpene_essential_oil;biosynthesis_genes,chemistry,2,title_priority_only
33645121,"[Research advances of biosynthesis, in vivo analysis and pharmacokinetics of chemical constituents in Artemisiae Annuae Herba].",Zhongguo Zhong yao za zhi = Zhongguo zhongyao zazhi = China journal of Chinese materia medica,2021 Jan,terpene_essential_oil;sesquiterpene_lactone;biosynthesis_genes;antiparasitic;safety,genomics,2,title_priority_only
33747865,Expression of Two Key Enzymes of Artemisinin Biosynthesis FPS and ADS genes in Saccharomyces cerevisiae.,Advanced pharmaceutical bulletin,2021 Jan,sesquiterpene_lactone;biosynthesis_genes,lactone;genomics,2,title_priority_only
33142602,Transcriptome and co-expression network analysis reveal molecular mechanisms of mucilage formation during seed development in Artemisia sphaerocephala.,Carbohydrate polymers,2021 Jan 1,biosynthesis_genes;genomics_phylogenomics,genomics,2,title_priority_only
33498594,"Mulberry Protection through Flowering-Stage Essential Oil of Artemisia annua against the Lesser Mulberry Pyralid, Glyphodes pyloalis Walker.","Foods (Basel, Switzerland)",2021 Jan 20,terpene_essential_oil;safety,chemistry,2,title_priority_only
31617762,Structure elucidation and NMR assignments of a new sesquiterpene of volatile oil from Artemisia frigida Willd.,Natural product research,2021 Jul,terpene_essential_oil,chemistry,2,title_priority_only
34021777,Selection of safe artemisinin derivatives using a machine learning-based cardiotoxicity platform and in vitro and in vivo validation.,Archives of toxicology,2021 Jul,terpene_essential_oil;sesquiterpene_lactone;genomics_phylogenomics;antiparasitic;safety,lactone;phenotype,2,title_priority_only
34263417,"Enhancing artemisinin content in and delivery from Artemisia annua: a review of alternative, classical, and transgenic approaches.",Planta,2021 Jul 15,terpene_essential_oil;sesquiterpene_lactone;biosynthesis_genes;antiparasitic,lactone,2,title_priority_only
33781859,Cytotoxic guaianolides and seco-guaianolides from Artemisia atrovirens.,Fitoterapia,2021 Jun,terpene_essential_oil;sesquiterpene_lactone;diterpene_triterpene,lactone,2,title_priority_only
33857913,Transcriptomic analysis reveals the parallel transcriptional regulation of UV-B-induced artemisinin and flavonoid accumulation in Artemisia annua L.,Plant physiology and biochemistry : PPB,2021 Jun,terpene_essential_oil;sesquiterpene_lactone;biosynthesis_genes;genomics_phylogenomics;antiparasitic,lactone,2,title_priority_only
34221874,New guaiane-type sesquiterpenoid dimers from Artemisia atrovirens and their antihepatoma activity.,Acta pharmaceutica Sinica. B,2021 Jun,sesquiterpene_lactone,chemistry,2,title_priority_only
34316676,Artemisia annua and artemisinins are ineffective against human Babesia microti and six Candida sp.,Longhua Chinese medicine,2021 Jun,sesquiterpene_lactone,lactone,2,title_priority_only
30961365,Essential oil from Artemisia annua aerial parts: composition and repellent activity against two storage pests.,Natural product research,2021 Mar,terpene_essential_oil,chemistry,2,title_priority_only
31264475,Three new sesquiterpenoids with cytotoxic activity from Artemisia argyi.,Natural product research,2021 Mar,terpene_essential_oil;sesquiterpene_lactone,chemistry,2,title_priority_only
33271239,In vitro reduction of Plasmodium falciparum gametocytes: Artemisia spp. tea infusions vs. artemisinin.,Journal of ethnopharmacology,2021 Mar 25,terpene_essential_oil;sesquiterpene_lactone;antiparasitic,lactone,2,title_priority_only
33399891,"Antibacterial, anti-biofilm and anti-quorum sensing activities of Artemisia dracunculus essential oil (EO): a study against Salmonella enterica serovar Typhimurium and Staphylococcus aureus.",Archives of microbiology,2021 May,terpene_essential_oil;safety,chemistry,2,title_priority_only
33646407,"Complete genome sequence of artemisia virus B, a new polerovirus infecting Artemisia princeps in South Korea.",Archives of virology,2021 May,genomics_phylogenomics,genomics,2,title_priority_only
33893998,Phytochemistry and pharmacological activity of the genus artemisia.,Archives of pharmacal research,2021 May,terpene_essential_oil;antiparasitic;safety,chemistry,2,title_priority_only
33934282,Acaricidal activity of Artemisia herba-alba and Melia azedarach oil nanoemulsion against Hyalomma dromedarii and their toxicity on Swiss albino mice.,Experimental & applied acarology,2021 May,terpene_essential_oil;safety,phenotype,2,title_priority_only
34068826,"Phytochemical Profile and In Vitro Antioxidant, Antimicrobial, Vital Physiological Enzymes Inhibitory and Cytotoxic Effects of Artemisia jordanica Leaves Essential Oil from Palestine.","Molecules (Basel, Switzerland)",2021 May 10,terpene_essential_oil,chemistry,2,title_priority_only
33973783,Engineering Nootkatone Biosynthesis in Artemisia annua.,ACS synthetic biology,2021 May 21,terpene_essential_oil;sesquiterpene_lactone;biosynthesis_genes;antiparasitic,genomics,2,title_priority_only
34009985,Anti-inflammatory Eudesmane Sesquiterpenoids from Artemisia hedinii.,Journal of natural products,2021 May 28,terpene_essential_oil;sesquiterpene_lactone,chemistry,2,title_priority_only
34050229,Aging affects artemisinin synthesis in Artemisia annua.,Scientific reports,2021 May 28,terpene_essential_oil;sesquiterpene_lactone;biosynthesis_genes;genomics_phylogenomics;antiparasitic,lactone,2,title_priority_only
34046320,Protective effect of Artemisia absinthium on 6-hydroxydopamine-induced toxicity in SH-SY5Y cell line.,Avicenna journal of phytomedicine,2021 May-Jun,safety,phenotype,2,title_priority_only
32202146,Phytochemical properties of essential oil from Artemisia sieberi Besser (Iranian accession) and its antioxidant and antifungal activities.,Natural product research,2021 Nov,terpene_essential_oil,chemistry,2,title_priority_only
34669255,"New Insights into the Chemical Composition, Pro-Inflammatory Cytokine Inhibition Profile of Davana (Artemisia pallens Wall. ex DC.) Essential Oil and cis-Davanone in Primary Macrophage Cells.",Chemistry & biodiversity,2021 Nov,terpene_essential_oil;biosynthesis_genes,chemistry,2,title_priority_only
34802531,"Fumigant toxicity and biochemical effects of selected essential oils toward the red flour beetle, Tribolium castaneum (Coleoptera: Tenebrionidae).",Pesticide biochemistry and physiology,2021 Nov,terpene_essential_oil;safety,chemistry;phenotype,2,title_priority_only
34827269,Antifungal Activity of Essential Oils from Three Artemisia Species against Colletotrichum gloeosporioides of Mango.,"Antibiotics (Basel, Switzerland)",2021 Nov 1,terpene_essential_oil,chemistry,2,title_priority_only
34941680,Isolation and Insecticidal Activity of Essential Oil from Artemisia lavandulaefolia DC. against Plutella xylostella.,Toxins,2021 Nov 25,terpene_essential_oil;safety,chemistry,2,title_priority_only
32696720,Antimalarial-agent artemisinin and derivatives portray more potent binding to Lys353 and Lys31-binding hotspots of SARS-CoV-2 spike protein than hydroxychloroquine: potential repurposing of artenimol for COVID-19.,Journal of biomolecular structure & dynamics,2021 Oct,terpene_essential_oil;sesquiterpene_lactone;antiparasitic;safety,lactone;phenotype,2,title_priority_only
34302916,Sesquiterpenes from Artemisia Sieversiana and their anti-inflammatory activities.,Fitoterapia,2021 Oct,terpene_essential_oil;sesquiterpene_lactone,chemistry,2,title_priority_only
34324974,Arteannoides U-Z: Six undescribed sesquiterpenoids with anti-inflammatory activities from the aerial parts of Artemisia annua (Qinghao).,Fitoterapia,2021 Oct,terpene_essential_oil,chemistry,2,title_priority_only
34246739,"From longevity grass to contemporary soft gold: Explore the chemical constituents, pharmacology, and toxicology of Artemisia argyi H.Lév. & vaniot essential oil.",Journal of ethnopharmacology,2021 Oct 28,terpene_essential_oil;safety,chemistry,2,title_priority_only
31674834,Sesquiterpenoids from Artemisia argyi and their NO production inhibitory activity in RAW264.7 cells.,Natural product research,2021 Sep,terpene_essential_oil,chemistry,2,title_priority_only
33721186,In Vitro Nematocidal Effect and Anthelmintic Activity of Artemisia cina Against Haemonchus contortus in Gerbils and Relative Expression of Hc29 Gene in Transitional Larvae (L(3)-L(4)).,Acta parasitologica,2021 Sep,sesquiterpene_lactone;antiparasitic,phenotype,2,title_priority_only
33861424,"Effects of allelochemical artemisinin in Artemisia annua on Microcystis aeruginosa: growth, death mode, and microcystin-LR changes.",Environmental science and pollution research international,2021 Sep,terpene_essential_oil;sesquiterpene_lactone;antiparasitic,lactone,2,title_priority_only
34129923,Noreudesmane sesquiterpenoids from Artemisia hedinii and their anti-inflammatory activities.,Fitoterapia,2021 Sep,terpene_essential_oil,chemistry,2,title_priority_only
34144276,"Artematrovirenins A-P, guaiane-type sesquiterpenoids with cytotoxicities against two hepatoma cell lines from Artemisia atrovirens.",Bioorganic chemistry,2021 Sep,terpene_essential_oil,chemistry,2,title_priority_only
36303880,"Amorpha-4,11-diene synthase: a key enzyme in artemisinin biosynthesis and engineering.",aBIOTECH,2021 Sep,sesquiterpene_lactone;biosynthesis_genes,lactone;genomics,2,title_priority_only
34479182,Pharmacokinetic and tissue distribution study of eight volatile constituents in rats orally administrated with the essential oil of Artemisiae argyi Folium by GC-MS/MS.,"Journal of chromatography. B, Analytical technologies in the biomedical and life sciences",2021 Sep 1,terpene_essential_oil;biosynthesis_genes;safety,chemistry,2,title_priority_only
35096100,Study on the Multitarget Mechanism and Active Compounds of Essential Oil from Artemisia argyi Treating Pressure Injuries Based on Network Pharmacology.,Evidence-based complementary and alternative medicine : eCAM,2022,terpene_essential_oil,chemistry,2,title_priority_only
35355620,"Evaluation of Antibacterial Activity and Acute Toxicity of Methanol Extracts of Artemisia absinthium, Datura stramonium, and Solanum anguivi.",Infection and drug resistance,2022,safety,phenotype,2,title_priority_only
35432559,Effects of Artemisia annua L. Essential Oil on Osteoclast Differentiation and Function Induced by RANKL.,Evidence-based complementary and alternative medicine : eCAM,2022,terpene_essential_oil,chemistry,2,title_priority_only
35734250,Basic Helix-Loop-Helix Transcription Factors AabHLH2 and AabHLH3 Function Antagonistically With AaMYC2 and Are Negative Regulators in Artemisinin Biosynthesis.,Frontiers in plant science,2022,sesquiterpene_lactone;biosynthesis_genes,lactone;genomics,2,title_priority_only
35766471,"Artemisia capillaris nucleorhabdovirus 1, a novel member of the genus Alphanucleorhabdovirus, identified in the Artemisia capillaris transcriptome.",Acta virologica,2022,genomics_phylogenomics,genomics,2,title_priority_only
35795352,Sequence Characteristics and Phylogenetic Analysis of the Artemisia argyi Chloroplast Genome.,Frontiers in plant science,2022,genomics_phylogenomics,genomics,2,title_priority_only
35992017,Constituent Composition and Biological Activity of Essential Oil from Artemisia sublessingiana.,Chemistry of natural compounds,2022,terpene_essential_oil,chemistry,2,title_priority_only
36407543,Effects of essential oil extracted from Artemisia argyi leaf on lipid metabolism and gut microbiota in high-fat diet-fed mice.,Frontiers in nutrition,2022,terpene_essential_oil;biosynthesis_genes;genomics_phylogenomics,chemistry,2,title_priority_only
36479523,Comparative and phylogenetic analysis of complete chloroplast genomes from five Artemisia species.,Frontiers in plant science,2022,sesquiterpene_lactone;genomics_phylogenomics;safety,genomics,2,title_priority_only
36942132,Hepatorenal protective activity of Artemisia against diclofenac toxicity in male rats.,The Pan African medical journal,2022,biosynthesis_genes;safety,phenotype,2,title_priority_only
35137924,Inhibitory effects and underlying mechanisms of Artemisia capillaris essential oil on melanogenesis in the B16F10 cell line.,Molecular medicine reports,2022 Apr,terpene_essential_oil;biosynthesis_genes;safety,chemistry,2,title_priority_only
36284952,Potential Ameliorative Effect of Artemisia Absinthium Supplement against Sodium Fluoride-Induced Prostatic Toxicity in Rats.,Archives of Razi Institute,2022 Apr,safety,phenotype,2,title_priority_only
35431419,"Exogenous Strigolactone (GR24) Positively Regulates Growth, Photosynthesis, and Improves Glandular Trichome Attributes for Enhanced Artemisinin Production in Artemisia annua.",Journal of plant growth regulation,2022 Apr 8,sesquiterpene_lactone,lactone,2,title_priority_only
35448756,"Phytochemical Analysis, Antioxidant Potential, and Cytotoxicity Evaluation of Traditionally Used Artemisia absinthium L. (Wormwood) Growing in the Central Region of Saudi Arabia.","Plants (Basel, Switzerland)",2022 Apr 9,terpene_essential_oil;safety,phenotype,2,title_priority_only
35959270,Combined effects of calcium-alginate coating and Artemisia fragrance essential oil on chicken breast meat quality.,Food science & nutrition,2022 Aug,terpene_essential_oil,chemistry,2,title_priority_only
36014318,Sesquiterpenes from Artemisia annua and Their Cytotoxic Activities.,"Molecules (Basel, Switzerland)",2022 Aug 10,terpene_essential_oil;antiparasitic,chemistry,2,title_priority_only
35962444,Nanoemulsion and nanogel containing Artemisia dracunculus essential oil; larvicidal effect and antibacterial activity.,BMC research notes,2022 Aug 12,terpene_essential_oil;safety,chemistry,2,title_priority_only
35978085,Comparative analysis of the plastid and mitochondrial genomes of Artemisia giraldii Pamp.,Scientific reports,2022 Aug 17,genomics_phylogenomics,genomics,2,title_priority_only
35001764,Assessment of artemisinin and antioxidant activities of three wild Artemisia species of Algeria.,Natural product research,2022 Dec,terpene_essential_oil;sesquiterpene_lactone;antiparasitic,lactone,2,title_priority_only
36108986,Sesquiterpenoids and triterpenoids with anti-inflammatory effects from Artemisia vulgaris L.,Phytochemistry,2022 Dec,terpene_essential_oil,chemistry,2,title_priority_only
36228879,Alleviating effects of essential oil from Artemisia vulgaris on enteritis in zebrafish via modulating oxidative stress and inflammatory response.,Fish & shellfish immunology,2022 Dec,terpene_essential_oil;biosynthesis_genes,chemistry,2,title_priority_only
36197084,Chromosome-level genome of a leaf vegetable Glebionis coronaria provides insights into the biosynthesis of monoterpenoids contributing to its special aroma.,DNA research : an international journal for rapid publication of reports on genes and genomes,2022 Dec 1,biosynthesis_genes;genomics_phylogenomics,chemistry;genomics,2,title_priority_only
36558030,Chemical Composition and Antioxidant and Antibacterial Potencies of the Artemisia ordosica Aerial Parts Essential Oil during the Vegetative Period.,"Molecules (Basel, Switzerland)",2022 Dec 14,terpene_essential_oil;safety,chemistry,2,title_priority_only
36555036,"Insecticidal Activity of a Component, (-)-4-Terpineol, Isolated from the Essential Oil of Artemisia lavandulaefolia DC. against Plutella xylostella (L.).",Insects,2022 Dec 6,terpene_essential_oil,chemistry,2,title_priority_only
35150378,Phytochemical analysis and anti-microbial activities of Artemisia spp. and rapid isolation methods of artemisinin.,AMB Express,2022 Feb 12,sesquiterpene_lactone;antiparasitic,lactone,2,title_priority_only
35268647,"Chemical Composition, Insecticidal, Persistence and Detoxification Enzyme Inhibition Activities of Essential Oil of Artemisia maritima against the Pulse Beetle.","Molecules (Basel, Switzerland)",2022 Feb 25,terpene_essential_oil;biosynthesis_genes;safety,chemistry,2,title_priority_only
35270126,"Genome-Wide Identification, Characterization and Expression Analysis of Lipoxygenase Gene Family in Artemisia annua L.","Plants (Basel, Switzerland)",2022 Feb 28,sesquiterpene_lactone;genomics_phylogenomics,genomics,2,title_priority_only
35164360,Chemical Composition and Synergistic Potential of Mentha pulegium L. and Artemisia herba alba Asso. Essential Oils and Antibiotic against Multi-Drug Resistant Bacteria.,"Molecules (Basel, Switzerland)",2022 Feb 7,terpene_essential_oil;safety,chemistry,2,title_priority_only
35164402,Antioxidant and Antimicrobial Activities of Chemically-Characterized Essential Oil from Artemisia aragonensis Lam. against Drug-Resistant Microbes.,"Molecules (Basel, Switzerland)",2022 Feb 8,terpene_essential_oil,chemistry,2,title_priority_only
35204215,"Bio-Evaluation of the Wound Healing Activity of Artemisia judaica L. as Part of the Plant's Use in Traditional Medicine; Phytochemical, Antioxidant, Anti-Inflammatory, and Antibiofilm Properties of the Plant's Essential Oils.","Antioxidants (Basel, Switzerland)",2022 Feb 8,terpene_essential_oil,chemistry,2,title_priority_only
35075604,Hemocytic cell line from the moth Glyphodes pyloalis (Lepidoptera: Crambidae) response to essential oils from Artemisia annua (Asterales: Asteraceae).,In vitro cellular & developmental biology. Animal,2022 Jan,terpene_essential_oil,chemistry,2,title_priority_only
34763209,Validating a sensitive LCMS method for the quantitation of artemisinin in Artemisia spp. including material used in retracted clinical trials.,Journal of pharmaceutical and biomedical analysis,2022 Jan 20,terpene_essential_oil;sesquiterpene_lactone;antiparasitic;safety,lactone,2,title_priority_only
35010259,"Optimized Antibacterial Effects in a Designed Mixture of Essential Oils of Myrtus communis, Artemisia herba-alba and Thymus serpyllum for Wide Range of Applications.","Foods (Basel, Switzerland)",2022 Jan 5,terpene_essential_oil,chemistry,2,title_priority_only
34767631,Photoprotective Effect of Artemisia sieversiana Ehrhart Essential Oil Against UVB-induced Photoaging in Mice.,Photochemistry and photobiology,2022 Jul,terpene_essential_oil,chemistry,2,title_priority_only
35355415,The transcription factors TLR1 and TLR2 negatively regulate trichome density and artemisinin levels in Artemisia annua.,Journal of integrative plant biology,2022 Jun,terpene_essential_oil;sesquiterpene_lactone;diterpene_triterpene;biosynthesis_genes;antiparasitic,lactone,2,title_priority_only
35452745,Anti-inflammatory sesquiterpenoid dimers from Artemisia atrovirens.,Fitoterapia,2022 Jun,terpene_essential_oil;sesquiterpene_lactone,chemistry,2,title_priority_only
35669797,"Toxicity and Anti-feeding effect of Aesculushippocastanum, Thymus daenensis, Artemisia abrotanum, and Chrozophora tinctoria on Sitophillus oryzae.",Journal of environmental health science & engineering,2022 Jun,safety,phenotype,2,title_priority_only
35745350,Biosynthesis of Iron Oxide Nanoparticles: Physico-Chemical Characterization and Their In Vitro Cytotoxicity on Healthy and Tumorigenic Cell Lines.,"Nanomaterials (Basel, Switzerland)",2022 Jun 10,biosynthesis_genes;safety,genomics;phenotype,2,title_priority_only
35413535,Sesquiterpenoids isolated from davana (Artemisia pallens Wall. ex DC) mitigates parkinsonism in Caenorhabditis elegans disease model.,Biochemical and biophysical research communications,2022 Jun 18,terpene_essential_oil;genomics_phylogenomics,chemistry,2,title_priority_only
35807578,Chemical Diversity and Anti-Insect Activity Evaluation of Essential Oils Extracted from Five Artemisia Species.,"Plants (Basel, Switzerland)",2022 Jun 21,terpene_essential_oil;safety,chemistry,2,title_priority_only
34585460,Instant determination of the artemisinin from various Artemisia annua L. extracts by LC-ESI-MS/MS and their in-silico modelling and in vitro antiviral activity studies against SARS-CoV-2.,Phytochemical analysis : PCA,2022 Mar,terpene_essential_oil;sesquiterpene_lactone;antiparasitic,lactone,2,title_priority_only
34797496,Potential Emergence of Plasmodium Resistance to Artemisinin Induced by the Use of Artemisia annua for Malaria and COVID-19 Prevention in Sub-African Region.,Acta parasitologica,2022 Mar,terpene_essential_oil;sesquiterpene_lactone;antiparasitic,lactone,2,title_priority_only
34857648,Artemisinin-independent inhibitory activity of Artemisia sp. infusions against different Plasmodium stages including relapse-causing hypnozoites.,Life science alliance,2022 Mar,terpene_essential_oil;sesquiterpene_lactone;antiparasitic,lactone,2,title_priority_only
35023612,"Essential Oils of Six Achillea Species: Chemical Profiles, Antimicrobial Potential and Toxicity toward Crustaceans.",Chemistry & biodiversity,2022 Mar,terpene_essential_oil;safety,chemistry;phenotype,2,title_priority_only
35170197,Comparative Study of the Essential Oil and Hydrosol Composition of Sweet Wormwood (Artemisia annua L.) from Serbia.,Chemistry & biodiversity,2022 Mar,terpene_essential_oil,chemistry,2,title_priority_only
35351963,Repellency and insecticidal activity of seven Mugwort (Artemisia argyi) essential oils against the malaria vector Anopheles sinensis.,Scientific reports,2022 Mar 29,terpene_essential_oil;diterpene_triterpene;safety,chemistry,2,title_priority_only
35454988,Impact of Phosphatic Nutrition on Growth Parameters and Artemisinin Production in Artemisia annua Plants Inoculated or Not with Funneliformis mosseae.,"Life (Basel, Switzerland)",2022 Mar 29,sesquiterpene_lactone,lactone,2,title_priority_only
33183086,"Chemical composition and phytotoxic activity of the essential oil of Artemisia sieversiana growing in Xinjiang, China.",Natural product research,2022 May,terpene_essential_oil;safety,chemistry,2,title_priority_only
34978233,"Gastro-protective effect of Artemisia Sieberi essential oil against ethanol-induced ulcer in rats as revealed via biochemical, histopathological and metabolomics analysis.","Biomarkers : biochemical indicators of exposure, response, and susceptibility to chemicals",2022 May,terpene_essential_oil;biosynthesis_genes,chemistry,2,title_priority_only
35131640,Guaianolides and unusual 3-oxa-guaianolides from Artemisia macrocephala.,Phytochemistry,2022 May,terpene_essential_oil;sesquiterpene_lactone,lactone,2,title_priority_only
35172258,The sesquiterpene lactone estafiatin exerts anti-inflammatory effects on macrophages and protects mice from sepsis induced by LPS and cecal ligation puncture.,Phytomedicine : international journal of phytotherapy and phytopharmacology,2022 May,sesquiterpene_lactone,chemistry;lactone,2,title_priority_only
35693441,"Study on chemical constituents of Folium Artemisiae argyi Carbonisatum, toxicity evaluation on zebrafish and intestinal hemostasis.",Saudi pharmaceutical journal : SPJ : the official publication of the Saudi Pharmaceutical Society,2022 May,safety,phenotype,2,title_priority_only
35631467,"Neutrophil Immunomodulatory Activity of Farnesene, a Component of Artemisia dracunculus Essential Oils.","Pharmaceuticals (Basel, Switzerland)",2022 May 23,terpene_essential_oil,chemistry,2,title_priority_only
35508595,"A comprehensive study on essential oil compositions, antioxidant, anticholinesterase and antityrosinase activities of three Iranian Artemisia species.",Scientific reports,2022 May 4,terpene_essential_oil,chemistry,2,title_priority_only
35566390,"Biotechnological Approaches for Production of Artemisinin, an Anti-Malarial Drug from Artemisia annua L.","Molecules (Basel, Switzerland)",2022 May 9,terpene_essential_oil;sesquiterpene_lactone;biosynthesis_genes;antiparasitic,lactone,2,title_priority_only
35908354,"Artemzhongdianolides A1-A21, antihepatic fibrosis guaiane-type sesquiterpenoid dimers from Artemisia zhongdianensis.",Bioorganic chemistry,2022 Nov,terpene_essential_oil;sesquiterpene_lactone,chemistry,2,title_priority_only
36471930,[Chloroplast genome structure characteristics and phylogenetic analysis of Artemisia indica].,Zhongguo Zhong yao za zhi = Zhongguo zhongyao zazhi = China journal of Chinese materia medica,2022 Nov,sesquiterpene_lactone;genomics_phylogenomics,genomics,2,title_priority_only
35934190,Artemisia extracts differ from artemisinin effects on human hepatic CYP450s 2B6 and 3A4 in vitro.,Journal of ethnopharmacology,2022 Nov 15,terpene_essential_oil;sesquiterpene_lactone;antiparasitic,lactone,2,title_priority_only
36250876,"Draft Genome Sequence of Bacillus vallismortis Strain BL01, Isolated from Artemisia lerchiana Web. Roots.",Microbiology resource announcements,2022 Nov 17,genomics_phylogenomics,genomics,2,title_priority_only
36362193,Inhibition of Synaptic Glutamate Exocytosis and Prevention of Glutamate Neurotoxicity by Eupatilin from Artemisia argyi in the Rat Cortex.,International journal of molecular sciences,2022 Nov 2,biosynthesis_genes;antiparasitic,phenotype,2,title_priority_only
36500339,"Effect of Foliar Sodium Selenate and Nano Selenium Supply on Biochemical Characteristics, Essential Oil Accumulation and Mineral Composition of Artemisia annua L.","Molecules (Basel, Switzerland)",2022 Nov 26,terpene_essential_oil,chemistry,2,title_priority_only
36499227,A Discovery-Based Metabolomic Approach Using UPLC-Q-TOF-MS/MS Reveals Potential Antimalarial Compounds Present in Artemisia annua L.,International journal of molecular sciences,2022 Nov 28,terpene_essential_oil;sesquiterpene_lactone;biosynthesis_genes;antiparasitic,phenotype,2,title_priority_only
35689517,Genome sequencing reveals chromosome fusion and extensive expansion of genes related to secondary metabolism in Artemisia argyi.,Plant biotechnology journal,2022 Oct,terpene_essential_oil;biosynthesis_genes;genomics_phylogenomics,genomics,2,title_priority_only
35809862,"Artemidubolides A-T, cytotoxic unreported guaiane-type sesquiterpenoid dimers against three hepatoma cell lines from Artemisia dubia.",Phytochemistry,2022 Oct,terpene_essential_oil;sesquiterpene_lactone,chemistry,2,title_priority_only
36297333,"Phytochemical Profiling, Antioxidant, Antimicrobial and Cholinesterase Inhibitory Effects of Essential Oils Isolated from the Leaves of Artemisia scoparia and Artemisia absinthium.","Pharmaceuticals (Basel, Switzerland)",2022 Oct 1,terpene_essential_oil,chemistry,2,title_priority_only
36296479,From Plant to Yeast-Advances in Biosynthesis of Artemisinin.,"Molecules (Basel, Switzerland)",2022 Oct 14,terpene_essential_oil;sesquiterpene_lactone;biosynthesis_genes;antiparasitic,lactone;genomics,2,title_priority_only
36364129,A Composition Analysis and an Antibacterial Activity Mechanism Exploration of Essential Oil Obtained from Artemisia giraldii Pamp.,"Molecules (Basel, Switzerland)",2022 Oct 27,terpene_essential_oil,chemistry,2,title_priority_only
35752074,Artemisia Leaf Extract protects against neuron toxicity by TRPML1 activation and promoting autophagy/mitophagy clearance in both in vitro and in vivo models of MPP+/MPTP-induced Parkinson's disease.,Phytomedicine : international journal of phytotherapy and phytopharmacology,2022 Sep,biosynthesis_genes;safety,phenotype,2,title_priority_only
36685653,The complete chloroplast genome of an endangered plant Artemisia borotalensis (Asteraceae) and phylogenetic analysis.,"Mitochondrial DNA. Part B, Resources",2023,genomics_phylogenomics,genomics,2,title_priority_only
36845628,Efficacy of Calcium Hydroxide/Saline versus Calcium Hydroxide/Artemisia persica Essential Oil as Intracanal Medicament to Improve Radiographic Visualization of Periapical Lesions in Necrotic Teeth: A Randomized Clinical Trial.,International journal of dentistry,2023,terpene_essential_oil,chemistry,2,title_priority_only
36895880,Elevation of artemisinin content by co-transformation of artemisinin biosynthetic pathway genes and trichome-specific transcription factors in Artemisia annua.,Frontiers in plant science,2023,sesquiterpene_lactone;biosynthesis_genes;genomics_phylogenomics,lactone,2,title_priority_only
36924094,Individual and Combined Antifungal Activities of Artemisia herba alba and Ammoides verticillata Essential Oils against the Three Main Pathogenic Microorganisms of Potato.,Combinatorial chemistry & high throughput screening,2023,terpene_essential_oil,chemistry,2,title_priority_only
36974406,"Recent Trends on Production Sources, Biosynthesis Pathways and Antiviral Efficacies of Artemisinin: A Candidate Phytomedicine against SARS-CoV-2.",Current pharmaceutical biotechnology,2023,terpene_essential_oil;sesquiterpene_lactone;biosynthesis_genes;antiparasitic,lactone;genomics,2,title_priority_only
37180395,Integrative analysis of metabolite and transcriptome reveals biosynthetic pathway and candidate genes for eupatilin and jaceosidin biosynthesis in Artemisia argyi.,Frontiers in plant science,2023,biosynthesis_genes;genomics_phylogenomics,genomics,2,title_priority_only
37492095,Pre-clinical toxicity assessment of Artemisia absinthium extract-loaded polymeric nanoparticles associated with their oral administration.,Frontiers in pharmacology,2023,safety,phenotype,2,title_priority_only
37638613,"Review of the Chemical Composition and Biological Activities of Essential Oils from Artemisia Argyi, Artemisia Princeps, and Artemisia Montana.",Current topics in medicinal chemistry,2023,terpene_essential_oil;safety,chemistry,2,title_priority_only
37849964,"Chemical Composition and Larvicidal Properties of Essential Oils from Wild and Cultivated Artemisia campestris L., an Endemic Plant in Morocco.",TheScientificWorldJournal,2023,terpene_essential_oil;safety,chemistry,2,title_priority_only
38028600,Transcriptome analysis of Artemisia argyi following methyl jasmonate (MeJA) treatment and the mining of genes related to the stress resistance pathway.,Frontiers in genetics,2023,genomics_phylogenomics,genomics,2,title_priority_only
36693583,"Simplex-centroid design as innovative approach in the optimization of antimicrobial effect of Thymus satureioides, Myrtus communis and Artemisia herba alba essential oils against Escherichia coli, Staphylococcus aureus and Candidatropicalis.",Experimental parasitology,2023 Apr,terpene_essential_oil;safety,chemistry,2,title_priority_only
36860066,Insights into strigolactone (GR24) mediated regulation of cadmium-induced changes and ROS metabolism in Artemisia annua.,Journal of hazardous materials,2023 Apr 15,terpene_essential_oil;sesquiterpene_lactone;biosynthesis_genes;antiparasitic,lactone,2,title_priority_only
37175138,"Microbial Transformation of the Sesquiterpene Lactone, Vulgarin, by Aspergillus niger.","Molecules (Basel, Switzerland)",2023 Apr 26,terpene_essential_oil;sesquiterpene_lactone;biosynthesis_genes,chemistry;lactone,2,title_priority_only
37059248,"Artemisia sieberi Besser essential oil inhibits the growth and migration of breast cancer cells via induction of S-phase arrest, caspase-independent cell death and downregulation of ERK.",Journal of ethnopharmacology,2023 Aug 10,terpene_essential_oil;biosynthesis_genes,chemistry,2,title_priority_only
37661764,"A combination of isoliquiritigenin with Artemisia argyi and Ohwia caudata water extracts attenuates oxidative stress, inflammation, and apoptosis by modulating Nrf2/Ho-1 signaling pathways in SD rats with doxorubicin-induced acute cardiotoxicity.",Environmental toxicology,2023 Dec,biosynthesis_genes;safety,phenotype,2,title_priority_only
37751824,Activity-guided isolation and identification of antiherpesvirus and antineuroinflammatory active terpenoids from Artemisia vulgaris L. based on the LC-MS/MS molecular network.,Phytochemistry,2023 Dec,terpene_essential_oil;sesquiterpene_lactone,chemistry,2,title_priority_only
37777165,Eudesmane-type sesquiterpenoids from the aerial parts of Artemisia lavandulaefolia and their anti-pancreatic cancer activities.,Phytochemistry,2023 Dec,terpene_essential_oil,chemistry,2,title_priority_only
38203371,Inhibitory Effects of Sesquiterpenoids Isolated from Artemisia scoparia on Adipogenic Differentiation of 3T3-L1 Preadipocytes.,International journal of molecular sciences,2023 Dec 22,terpene_essential_oil,chemistry,2,title_priority_only
38148378,Evaluation of the ovicidal activity and fasciolicidal activity of the extract of ethyl acetate from Artemisia ludoviciana Nutt. spp. mexicana and of artemisinin against adult parasites of Fasciola hepatica.,Parasitology research,2023 Dec 27,terpene_essential_oil;sesquiterpene_lactone;antiparasitic,lactone,2,title_priority_only
36481317,"Arteperoxides A-C, tris-normonoterpene-sesquiterpene conjugates with peroxide-bridges from Artemisia judaica exhibiting antiosteoclastogenic activity.",Phytochemistry,2023 Feb,terpene_essential_oil,chemistry,2,title_priority_only
36698769,Intraspecific variation in genome size in Artemisia argyi determined using flow cytometry and a genome survey.,3 Biotech,2023 Feb,genomics_phylogenomics,genomics,2,title_priority_only
36721100,Genome-wide identification and characterisation of bHLH transcription factors in Artemisia annua.,BMC plant biology,2023 Feb 1,terpene_essential_oil;sesquiterpene_lactone;biosynthesis_genes;genomics_phylogenomics;antiparasitic,genomics,2,title_priority_only
36788208,Diverse structures and antihepatoma effect of sesquiterpenoid dimers from Artemisia eriopoda by AKT/STAT signaling pathway.,Signal transduction and targeted therapy,2023 Feb 15,terpene_essential_oil;biosynthesis_genes,chemistry,2,title_priority_only
36807538,Metabolic engineering of the anthocyanin biosynthetic pathway in Artemisia annua and relation to the expression of the artemisinin biosynthetic pathway.,Planta,2023 Feb 19,terpene_essential_oil;sesquiterpene_lactone;biosynthesis_genes;antiparasitic,lactone,2,title_priority_only
36903525,Phytochemical Composition and Antimicrobial Activity of Essential Oil from the Leaves of Artemisia vulgaris L.,"Molecules (Basel, Switzerland)",2023 Feb 28,terpene_essential_oil;genomics_phylogenomics,chemistry,2,title_priority_only
36636815,Synergistic interaction of two bHLH transcription factors positively regulates artemisinin biosynthetic pathway in Artemisia annua L.,Physiologia plantarum,2023 Jan,terpene_essential_oil;sesquiterpene_lactone;biosynthesis_genes;antiparasitic,lactone,2,title_priority_only
36442941,Comprehensive two-dimensional countercurrent chromatography × gas chromatography characterization of Artemisia argyi essential oil.,Analytica chimica acta,2023 Jan 2,terpene_essential_oil,chemistry,2,title_priority_only
36770797,Multivariate Analysis of Essential Oil Composition of Artemisia annua L. Collected from Different Locations in Korea.,"Molecules (Basel, Switzerland)",2023 Jan 23,terpene_essential_oil,chemistry,2,title_priority_only
36601986,"Artemongolides A-F, undescribed sesquiterpenoid dimers from Artemisia mongolica and their antihepatic fibrosis activities.",Organic & biomolecular chemistry,2023 Jan 25,terpene_essential_oil;sesquiterpene_lactone,chemistry,2,title_priority_only
37156434,"Artemiprinolides A-M, thirteen undescribed sesquiterpenoid dimers from Artemisia princeps and their antihepatoma activity.",Phytochemistry,2023 Jul,terpene_essential_oil,chemistry,2,title_priority_only
37169131,Artemisia argyi H.Lév. & Vaniot essential oil induces ferroptosis in pancreatic cancer cells via up-regulation of TFR1 and depletion of γ-glutamyl cycle.,Fitoterapia,2023 Jul,terpene_essential_oil;biosynthesis_genes,chemistry,2,title_priority_only
37187257,"Genotoxicity, acute toxicity and chronic toxicities of ethyl acetate leaf extract of Artemisia ludoviciana Nutt. spp mexicana, on fasciolicidal efficacy.",Experimental parasitology,2023 Jul,safety,phenotype,2,title_priority_only
37649886,"Genome-wide identification of bZIP transcription factor family in Artemisia annua, its transcriptional profiling and regulatory role in phenylpropanoid metabolism under different light conditions.",Physiology and molecular biology of plants : an international journal of functional plant biology,2023 Jul,biosynthesis_genes;genomics_phylogenomics,genomics,2,title_priority_only
37513290,An Estimation of the Antiviral Activity and Toxicity of Biologically Active Substances Obtained from the Raw Materials of Artemisia cina Berg. In Vitro and In Vivo.,"Molecules (Basel, Switzerland)",2023 Jul 14,safety,phenotype,2,title_priority_only
37019158,"Myorelaxant and antispasmodic effects of the essential oil of Artemisia campestris L., and the molecular docking of its major constituents with the muscarinic receptor and the L-type voltage-gated Ca(2+)channel.",Journal of ethnopharmacology,2023 Jul 15,terpene_essential_oil,chemistry,2,title_priority_only
37301341,Chitosan-pullulan films enriched with Artemisia annua essential oil: Characterization and application in grape preservation.,International journal of biological macromolecules,2023 Jul 15,terpene_essential_oil;safety,chemistry,2,title_priority_only
36541391,Artemisinin as a therapeutic vs. its more complex Artemisia source material.,Natural product reports,2023 Jul 19,terpene_essential_oil;sesquiterpene_lactone;antiparasitic,lactone,2,title_priority_only
37163901,In vivo anti-hepatitis B activity of Artemisia argyi essential oil-loaded nanostructured lipid carriers. Study of its mechanism of action by network pharmacology and molecular docking.,Phytomedicine : international journal of phytotherapy and phytopharmacology,2023 Jul 25,terpene_essential_oil;safety,chemistry,2,title_priority_only
37337774,"Artemannuols A-C, novel sesquiterpenoid-flavonol hybrids with antihepatoma activity from Artemisia annua.",Organic & biomolecular chemistry,2023 Jul 5,terpene_essential_oil,chemistry,2,title_priority_only
37420038,Nanoliposomes containing three essential oils from the Artemisia genus as effective larvicides against Aedes aegypti and Anopheles stephensi.,Scientific reports,2023 Jul 7,terpene_essential_oil,chemistry,2,title_priority_only
37062345,The first phytochemical investigation of Artemisia nujianensis: Eight new guaianolides and their anti-inflammatory activity.,Fitoterapia,2023 Jun,terpene_essential_oil;sesquiterpene_lactone,lactone,2,title_priority_only
37089824,Comparative assessment of hepatoprotective properties of Artesunate and flavonoids from Artemisia annua on acetaminophen and carbon tetrachloride-induced cytotoxicity in primary mice hepatocytes.,Metabolism open,2023 Jun,sesquiterpene_lactone,phenotype,2,title_priority_only
37123072,Optimization of in vitro and in vivo antifungal effects of trehalose coating included Artemisia sieberi essential oil on mulberry (Morus alba var. nigra) fruits using the hybrid RSM-GRA method.,Food science and biotechnology,2023 Jun,terpene_essential_oil,chemistry,2,title_priority_only
37193491,Isolation of potent antileishmanial agents from Artemisia kermanensis Podlech using bioguided fractionation.,Journal of parasitic diseases : official organ of the Indian Society for Parasitology,2023 Jun,antiparasitic;safety,phenotype,2,title_priority_only
37021639,Future antimalarials from Artemisia? A rationale for natural product mining against drug-refractory Plasmodium stages.,Natural product reports,2023 Jun 21,terpene_essential_oil;sesquiterpene_lactone;antiparasitic;safety,phenotype,2,title_priority_only
37044183,"Mitochondrial genome of Artemisia argyi L. suggested conserved mitochondrial protein-coding genes among genera Artemisia, Tanacetum and Chrysanthemum.",Gene,2023 Jun 30,genomics_phylogenomics,genomics,2,title_priority_only
35724377,Sesquiterpenes from Artemisia princeps regulate inflammatory responses in RAW 264.7 macrophages.,Natural product research,2023 Mar,terpene_essential_oil;sesquiterpene_lactone;biosynthesis_genes,chemistry,2,title_priority_only
36650717,Chemical Composition Analysis and Discrimination of Essential Oils of Artemisia Argyi Folium from Different Germplasm Resources Based on Electronic Nose and GC/MS Combined with Chemometrics.,Chemistry & biodiversity,2023 Mar,terpene_essential_oil;safety,chemistry,2,title_priority_only
36740572,Anti-Inflammatory Activities of Monoterpene and Sesquiterpene Glycosides from the Aqueous Extract of Artemisia annua L.,Chemistry & biodiversity,2023 Mar,terpene_essential_oil,chemistry,2,title_priority_only
36379416,Apoptosis induction of essential oils from Artemisia arborescens L. in human prostate cancer cells.,Journal of ethnopharmacology,2023 Mar 1,terpene_essential_oil;biosynthesis_genes;genomics_phylogenomics,chemistry,2,title_priority_only
36899296,Comparative analysis of complete Artemisia subgenus Seriphidium (Asteraceae: Anthemideae) chloroplast genomes: insights into structural divergence and phylogenetic relationships.,BMC plant biology,2023 Mar 10,genomics_phylogenomics,genomics,2,title_priority_only
36983934,"In Vitro and In Silico Studies of Antimicrobial, and Antioxidant Activities of Chemically Characterized Essential Oil of Artemisia flahaultii L. (Asteraceae).","Life (Basel, Switzerland)",2023 Mar 13,terpene_essential_oil;biosynthesis_genes,chemistry,2,title_priority_only
36986977,"Chemical Diversity of Artemisia rutifolia Essential Oil, Antimicrobial and Antiradical Activity.","Plants (Basel, Switzerland)",2023 Mar 13,terpene_essential_oil;safety,chemistry,2,title_priority_only
36983962,Antimicrobial and Antioxidant Properties of Chemically Analyzed Essential Oil of Artemisia annua L. (Asteraceae) Native to Mediterranean Area.,"Life (Basel, Switzerland)",2023 Mar 16,terpene_essential_oil,chemistry,2,title_priority_only
35001767,Two new eudesmane sesquiterpene glucosides from the aerial parts of Artemisia vulgaris.,Natural product research,2023 May,terpene_essential_oil,chemistry,2,title_priority_only
37213685,Increased artemisinin production by promoting glandular secretory trichome formation and reconstructing the artemisinin biosynthetic pathway in Artemisia annua.,Horticulture research,2023 May,sesquiterpene_lactone,lactone,2,title_priority_only
37576776,Artemisia vulgaris anthelmintic activities to ova and adult stages of Fasciola gigantica in vitro.,Veterinary world,2023 May,antiparasitic,phenotype,2,title_priority_only
36976653,Phylogenomics and morphological evolution of the mega-diverse genus Artemisia (Asteraceae: Anthemideae): implications for its circumscription and infrageneric taxonomy.,Annals of botany,2023 May 15,genomics_phylogenomics,genomics,2,title_priority_only
37241993,The First Phytochemical Investigation of Artemisia divaricate: Sesquiterpenes and Their Anti-Inflammatory Activity.,"Molecules (Basel, Switzerland)",2023 May 22,terpene_essential_oil,chemistry,2,title_priority_only
37370564,"Phytochemistry, Pharmacology and Mode of Action of the Anti-Bacterial Artemisia Plants.","Bioengineering (Basel, Switzerland)",2023 May 23,terpene_essential_oil,chemistry,2,title_priority_only
37175336,Comparative Analysis of Active Ingredients and Potential Bioactivities of Essential Oils from Artemisia argyi and A. verlotorum.,"Molecules (Basel, Switzerland)",2023 May 6,terpene_essential_oil,chemistry,2,title_priority_only
37980503,Genome-wide characterization of regulator of chromosome condensation 1 (RCC1) gene family in Artemisia annua L. revealed a conservation evolutionary pattern.,BMC genomics,2023 Nov 18,terpene_essential_oil;sesquiterpene_lactone;biosynthesis_genes;genomics_phylogenomics;antiparasitic,genomics,2,title_priority_only
38023498,Autofluorescent antimalarials by hybridization of artemisinin and coumarin: in vitro/in vivo studies and live-cell imaging.,Chemical science,2023 Nov 22,sesquiterpene_lactone;antiparasitic,lactone;phenotype,2,title_priority_only
38136596,Functions of Representative Terpenoids and Their Biosynthesis Mechanisms in Medicinal Plants.,Biomolecules,2023 Nov 30,terpene_essential_oil;biosynthesis_genes;genomics_phylogenomics,chemistry;genomics,2,title_priority_only
37969984,"Biosynthesis of Artemisia abyssinica Leaf Extract-Mediated Bimetallic ZnO-CuO Nanoparticles: Antioxidant, Anticancer, and Molecular Docking Studies.",ACS omega,2023 Nov 7,biosynthesis_genes,genomics,2,title_priority_only
37421981,AaWRKY6 contributes to artemisinin accumulation during growth in Artemisia annua.,Plant science : an international journal of experimental plant biology,2023 Oct,terpene_essential_oil;sesquiterpene_lactone;biosynthesis_genes;genomics_phylogenomics;antiparasitic,lactone,2,title_priority_only
37517615,"An updated review on distribution, biosynthesis and pharmacological effects of artemisinin: A wonder drug.",Phytochemistry,2023 Oct,terpene_essential_oil;sesquiterpene_lactone;biosynthesis_genes;antiparasitic,lactone;genomics,2,title_priority_only
37770811,"Artemongolins A-K, undescribed germacrane-guaiane sesquiterpenoid dimers from Artemisia mongolica and their antihepatoma activities.",Archives of pharmacal research,2023 Oct,terpene_essential_oil;sesquiterpene_lactone,chemistry,2,title_priority_only
37245709,"Artemisia anomala S. Moore: A review of botany, traditional uses, phytochemistry, pharmacology and quality control.",Journal of ethnopharmacology,2023 Oct 28,terpene_essential_oil,chemistry,2,title_priority_only
37836231,Artemisia santonicum L. and Artemisia lerchiana Web. Essential Oils and Exudates as Sources of Compounds with Pesticidal Action.,"Plants (Basel, Switzerland)",2023 Oct 6,terpene_essential_oil,chemistry,2,title_priority_only
37247107,Environmental differences between Japan and Indonesia provide endophyte diversity associated with Artemisia plant and variety of artemisinin derivatives in microbial conversion.,Journal of natural medicines,2023 Sep,sesquiterpene_lactone;genomics_phylogenomics;antiparasitic,lactone,2,title_priority_only
37487797,"Artemeriosides A-F, the first examples of natural sesquiterpenoids substituted by a 6'-O-crontonyl β-glucopyranoside from Artemisia annua.",Fitoterapia,2023 Sep,terpene_essential_oil,chemistry,2,title_priority_only
37488037,Essential oil from Artemisia argyi alleviated liver disease in zebrafish (Danio rerio) via the gut-liver axis.,Fish & shellfish immunology,2023 Sep,terpene_essential_oil;biosynthesis_genes,chemistry,2,title_priority_only
37666615,Efficiency of Artemisia annua L. essential oil and its chitosan/tripolyphosphate or zeolite encapsulated form in controlling Sitophilus oryzae L.,Pesticide biochemistry and physiology,2023 Sep,terpene_essential_oil;safety,chemistry,2,title_priority_only
37721598,Manual correction of genome annotation improved alternative splicing identification of Artemisia annua.,Planta,2023 Sep 18,terpene_essential_oil;sesquiterpene_lactone;biosynthesis_genes;genomics_phylogenomics;antiparasitic;safety,genomics,2,title_priority_only
37836162,Essential Oils of Artemisia frigida Plants (Asteraceae): Conservatism and Lability of the Composition.,"Plants (Basel, Switzerland)",2023 Sep 28,terpene_essential_oil,chemistry,2,title_priority_only
37668683,"Molecular understanding of anthocyanin biosynthesis activated by PAP1 and regulated by 2, 4-dichlorophenoxyacetic acid in engineered red Artemisia annua cells.",Planta,2023 Sep 5,biosynthesis_genes;genomics_phylogenomics;antiparasitic,genomics,2,title_priority_only
37711006,"Traditional uses, Phytochemistry, Pharmacology, and Toxicology of the Genus Artemisia L. (Asteraceae): A High-value Medicinal Plant.",Current topics in medicinal chemistry,2024,terpene_essential_oil;sesquiterpene_lactone;antiparasitic;safety,chemistry,2,title_priority_only
38288461,In-vivo Immunomodulatory Activities of Essential Oils of Artemisia abyssinica and Lepidium sativum in Mice.,ImmunoTargets and therapy,2024,terpene_essential_oil,chemistry,2,title_priority_only
38576787,Functional analysis of CYP71AV1 reveals the evolutionary landscape of artemisinin biosynthesis.,Frontiers in plant science,2024,terpene_essential_oil;sesquiterpene_lactone;biosynthesis_genes;genomics_phylogenomics,lactone;genomics,2,title_priority_only
38938551,Essential Oil and Smoke Components of Artemisia absinthium and Hagenia abyssinica.,International journal of food science,2024,terpene_essential_oil,chemistry,2,title_priority_only
38938669,Corrigendum: Effects of essential oil extracted from Artemisia argyi leaf on lipid metabolism and gut microbiota in high-fat diet-fed mice.,Frontiers in nutrition,2024,terpene_essential_oil;biosynthesis_genes;genomics_phylogenomics,chemistry,2,title_priority_only
39006964,The reference genome sequence of Artemisia argyi provides insights into secondary metabolism biosynthesis.,Frontiers in plant science,2024,terpene_essential_oil;biosynthesis_genes;genomics_phylogenomics,genomics,2,title_priority_only
39092222,Artemvulactone E isolated from Artemisia vulgaris L. ameliorates lipopolysaccharide-induced inflammation in both RAW264.7 and zebrafish model.,Frontiers in pharmacology,2024,sesquiterpene_lactone,lactone,2,title_priority_only
39114468,Identification of the histone acetyltransferase gene family in the Artemisia annua genome.,Frontiers in plant science,2024,sesquiterpene_lactone;genomics_phylogenomics,genomics,2,title_priority_only
39206258,A comparative analysis of chloroplast genomes revealed the chloroplast heteroplasmy of Artemisia annua.,Frontiers in pharmacology,2024,sesquiterpene_lactone;genomics_phylogenomics;antiparasitic,genomics,2,title_priority_only
39268001,Transcriptome dynamics in Artemisia annua provides new insights into cold adaptation and de-adaptation.,Frontiers in plant science,2024,biosynthesis_genes;genomics_phylogenomics,genomics,2,title_priority_only
39421297,Characterization of the complete chloroplast genome sequence of Artemisia sylvatica Maximowicz 1859 (Asteraceae).,"Mitochondrial DNA. Part B, Resources",2024,genomics_phylogenomics,genomics,2,title_priority_only
39669181,"Phytochemical profiling and in silico evaluation of Artemisia absinthium compounds targeting Leishmania N-myristoyltransferase: molecular docking, drug-likeness, and toxicity analyses.",Frontiers in chemistry,2024,antiparasitic;safety,phenotype,2,title_priority_only
39717220,"Chemical composition, antimicrobial, and antioxidant properties of essential oils from Artemisia herba-alba asso. and Artemisia huguetii caball. from Morocco: in vitro and in silico evaluation.",Frontiers in chemistry,2024,terpene_essential_oil;safety,chemistry,2,title_priority_only
38205667,Insight gained via ultra-performance liquid chromatography tandem mass spectrometry-based metabolomics: Protective effect of Artemisia argyi H.Lév. & Vaniot essential oil on lipopolysaccharide-induced liver injury mice.,Biomedical chromatography : BMC,2024 Apr,terpene_essential_oil;biosynthesis_genes,chemistry,2,title_priority_only
38281703,Eudesmane sesquiterpenoids with inhibitory effects on NO production from Artemisia princeps.,Phytochemistry,2024 Apr,terpene_essential_oil,chemistry,2,title_priority_only
38561770,In vivo assessment of the antiparasitic effects of Allium sativum L. and Artemisia absinthium L. against gastrointestinal parasites in swine from low-input farms.,BMC veterinary research,2024 Apr 1,sesquiterpene_lactone;diterpene_triterpene;antiparasitic,phenotype,2,title_priority_only
38975956,"De novo genome assembly of endophytic fungus Nemania diffusa strain YAFEF818, isolated from Artemisia argyi.",Microbiology resource announcements,2024 Aug 13,genomics_phylogenomics,genomics,2,title_priority_only
38008924,"Chemical composition, antioxidative and antimicrobial activities of essential oil of wild Artemisia annua from Ningxia, China.",Natural product research,2024 Dec,terpene_essential_oil,chemistry,2,title_priority_only
39240164,New Chlorine-Containing Sesquiterpenoid from Artemisia Blepharolepis.,Chemistry & biodiversity,2024 Dec,terpene_essential_oil,chemistry,2,title_priority_only
39362503,Germacrane-type sesquiterpenes from Artemisia atrovirens and their anti-inflammatory activity.,Fitoterapia,2024 Dec,terpene_essential_oil;biosynthesis_genes,chemistry,2,title_priority_only
39471916,Dynamic interactions and inhibitory mechanisms of Artemisia annua terpenoids with carbonic anhydrase IX.,International journal of biological macromolecules,2024 Dec,terpene_essential_oil;biosynthesis_genes;safety,chemistry,2,title_priority_only
37578619,Sesquiterpene from Artemisia argyi seed extracts: A new anti-acute peritonitis agent that suppresses the MAPK pathway and promotes autophagy.,Inflammopharmacology,2024 Feb,terpene_essential_oil,chemistry,2,title_priority_only
38162595,Protective impacts of Artemisia annua against hepatic toxicity induced by gentamicin.,Toxicology research,2024 Feb,safety,phenotype,2,title_priority_only
38414837,Advanced metabolic engineering strategies for increasing artemisinin yield in Artemisia annua L.,Horticulture research,2024 Feb,sesquiterpene_lactone;biosynthesis_genes;antiparasitic,lactone,2,title_priority_only
38277723,Screening and identification of antibacterial components in Artemisia argyi essential oil by TLC-direct bioautography combined with comprehensive 2D GC × GC-TOFMS.,"Journal of chromatography. B, Analytical technologies in the biomedical and life sciences",2024 Feb 15,terpene_essential_oil,chemistry,2,title_priority_only
38475411,"Genome-Wide Analysis of Aux/IAA Gene Family in Artemisia argyi: Identification, Phylogenetic Analysis, and Determination of Response to Various Phytohormones.","Plants (Basel, Switzerland)",2024 Feb 20,genomics_phylogenomics,genomics,2,title_priority_only
38434799,Enhanced Antimalarial Activity of Extracts of Artemisia annua L. Achieved with Aqueous Solutions of Salicylate Salts and Ionic Liquids.,Chem & bio engineering,2024 Feb 22,sesquiterpene_lactone;antiparasitic,phenotype,2,title_priority_only
38413638,Bioprospecting of Artemisia genus: from artemisinin to other potentially bioactive compounds.,Scientific reports,2024 Feb 27,terpene_essential_oil;sesquiterpene_lactone;biosynthesis_genes;antiparasitic,lactone,2,title_priority_only
37918620,Sesquiterpenoids from aged Artemisia argyi and their 3D-QSAR for anti-HBV activity.,Phytochemistry,2024 Jan,terpene_essential_oil;sesquiterpene_lactone;safety,chemistry,2,title_priority_only
38164058,Folic Acid-Conjugated Chitosan-Coated Solid Lipid Nanoparticles: Precision Targeting of Artemisia vulgaris Essential Oils for Anticancer Therapy.,Chemistry & biodiversity,2024 Jan,terpene_essential_oil,chemistry,2,title_priority_only
38353049,"Synergistic effects of essential oils and phenolic extracts on antimicrobial activities using blends of Artemisia campestris, Artemisia herba alba, and Citrus aurantium.",Biomolecular concepts,2024 Jan 1,terpene_essential_oil,chemistry,2,title_priority_only
38705265,Anti-inflammatory discovery of sesquiterpenoids and a jasmonic acid derivative from Artemisia stolonifera.,Phytochemistry,2024 Jul,terpene_essential_oil;biosynthesis_genes,chemistry,2,title_priority_only
38761524,In vivo antimalarial efficacy of Artemisia afra powder suspensions.,Phytomedicine : international journal of phytotherapy and phytopharmacology,2024 Jul,terpene_essential_oil;sesquiterpene_lactone;antiparasitic,phenotype,2,title_priority_only
38962171,Exploring the diversity of galls on Artemisia indica induced by Rhopalomyia species through morphological and transcriptome analyses.,Plant direct,2024 Jul,genomics_phylogenomics,genomics,2,title_priority_only
38710427,Silicon and selenium alleviate cadmium toxicity in Artemisia selengensis Turcz by regulating the plant-rhizosphere.,Environmental research,2024 Jul 1,biosynthesis_genes;safety,phenotype,2,title_priority_only
38992644,Isolation and anti-neuroinflammation activity of sesquiterpenoids from Artemisia argyi: computational simulation and experimental verification.,BMC complementary medicine and therapies,2024 Jul 11,terpene_essential_oil,chemistry,2,title_priority_only
38636688,"Artemyriantholides A-K, guaiane-type sesquiterpenoid dimers from Artemisia myriantha var. pleiocephala and their antihepatoma activity.",Phytochemistry,2024 Jun,terpene_essential_oil;biosynthesis_genes,chemistry,2,title_priority_only
38826031,"Utilizing a comparative approach to assess genome evolution during diploidization in Artemisia tridentata, a keystone species of western North America.",American journal of botany,2024 Jun,genomics_phylogenomics,genomics,2,title_priority_only
38893479,"Photochemical and Oxidative Degradation of Chamazulene Contained in Artemisia, Matricaria and Achillea Essential Oils and Setup of Protection Strategies.","Molecules (Basel, Switzerland)",2024 Jun 1,terpene_essential_oil;biosynthesis_genes,chemistry,2,title_priority_only
38714088,Physiology and transcriptome analysis of Artemisia argyi adaptation and accumulation to soil cadmium.,Ecotoxicology and environmental safety,2024 Jun 15,terpene_essential_oil;genomics_phylogenomics;safety,genomics,2,title_priority_only
38921806,Understanding Artemisia cina Ethyl Acetate Extract's Anthelmintic Effect on Haemonchus contortus Eggs and L(3) Larvae: The Synergism of Peruvin Binary Mixtures.,"Pathogens (Basel, Switzerland)",2024 Jun 16,sesquiterpene_lactone;antiparasitic,phenotype,2,title_priority_only
38999565,"Artemisia fragrans Willd. Essential Oil: Chemical Profile and Insecticidal Potential against the Confused Flour Beetle, Tribolium confusum du Val.","Plants (Basel, Switzerland)",2024 Jun 21,terpene_essential_oil;safety,chemistry,2,title_priority_only
38840044,Comparative and phylogenetic analysis of the complete chloroplast genomes of 10 Artemisia selengensis resources based on high-throughput sequencing.,BMC genomics,2024 Jun 5,genomics_phylogenomics,genomics,2,title_priority_only
38844757,Author Correction: Bioprospecting of Artemisia genus: from artemisinin to other potentially bioactive compounds.,Scientific reports,2024 Jun 6,sesquiterpene_lactone,lactone,2,title_priority_only
37449571,Two novel sesquiterpenes and one new monoterpene from the aerial part of Artemisia tournefortiana.,Journal of Asian natural products research,2024 Mar,terpene_essential_oil,chemistry,2,title_priority_only
37957442,The antimicrobial effect and mechanism of the Artemisia argyi essential oil against bacteria and fungus.,Brazilian journal of microbiology : [publication of the Brazilian Society for Microbiology],2024 Mar,terpene_essential_oil,chemistry,2,title_priority_only
38000518,Predictive toxicological effects of Artemisia absinthium essential oil on hepatic stellate cells.,Toxicology in vitro : an international journal published in association with BIBRA,2024 Mar,terpene_essential_oil;biosynthesis_genes;safety,chemistry,2,title_priority_only
38129947,Genomic-wide identification and expression analysis of AP2/ERF transcription factors in Zanthoxylum armatum reveals the candidate genes for the biosynthesis of terpenoids.,The plant genome,2024 Mar,terpene_essential_oil;biosynthesis_genes;genomics_phylogenomics,chemistry;genomics,2,title_priority_only
38169134,"Complete chloroplast genomes of eight Artemisia species: Comparative analysis, molecular identification, and phylogenetic analysis.","Plant biology (Stuttgart, Germany)",2024 Mar,genomics_phylogenomics,genomics,2,title_priority_only
38621973,[Simultaneous determination of seven artemisinin-related compounds in Artemisia annua by UPLC-QQQ-MS/MS].,Zhongguo Zhong yao za zhi = Zhongguo zhongyao zazhi = China journal of Chinese materia medica,2024 Mar,terpene_essential_oil;sesquiterpene_lactone;biosynthesis_genes;antiparasitic;safety,lactone,2,title_priority_only
37919898,Graphene enhances artemisinin production in the traditional medicinal plant Artemisia annua via dynamic physiological processes and miRNA regulation.,Plant communications,2024 Mar 11,terpene_essential_oil;sesquiterpene_lactone;biosynthesis_genes;antiparasitic,lactone,2,title_priority_only
38592817,"Artemisia arborescens (Vaill.) L.: Micromorphology, Essential Oil Composition, and Its Potential as an Alternative Biocontrol Product.","Plants (Basel, Switzerland)",2024 Mar 13,terpene_essential_oil;safety,chemistry,2,title_priority_only
38439855,Comparison of phytochemical properties and expressional profiling of artemisinin synthesis-related genes in various Artemisia species.,Heliyon,2024 Mar 15,sesquiterpene_lactone;biosynthesis_genes;genomics_phylogenomics;safety,lactone,2,title_priority_only
38500223,TrichomeLess Regulator 3 is required for trichome initial and cuticle biosynthesis in Artemisia annua.,Molecular horticulture,2024 Mar 19,sesquiterpene_lactone;biosynthesis_genes;genomics_phylogenomics,genomics,2,title_priority_only
38542997,"Chemical Composition of Essential Oils from Natural Populations of Artemisia scoparia Collected at Different Altitudes: Antibacterial, Mosquito Repellent, and Larvicidal Effects.","Molecules (Basel, Switzerland)",2024 Mar 19,terpene_essential_oil,chemistry,2,title_priority_only
38230759,Correction: Future antimalarials from Artemisia? A rationale for natural product mining against drug-refractory Plasmodium stages.,Natural product reports,2024 Mar 20,antiparasitic,phenotype,2,title_priority_only
38543021,"The Essential Oil Compositions of Ambrosia acanthicarpa Hook., Artemisia ludoviciana Nutt., and Gutierrezia sarothrae (Pursh) Britton & Rusby (Asteraceae) from the Owyhee Mountains of Idaho.","Molecules (Basel, Switzerland)",2024 Mar 20,terpene_essential_oil,chemistry,2,title_priority_only
38135228,"Targeted screening of the synergistic components in Artemisia annua L. leading to enhanced antiplasmodial potency of artemisinin based on a ""top down"" PD-PK approach.",Journal of ethnopharmacology,2024 Mar 25,terpene_essential_oil;sesquiterpene_lactone;biosynthesis_genes;antiparasitic;safety,lactone,2,title_priority_only
38611496,Artemisia spp. Essential Oils: From Their Ethnobotanical Use to Unraveling the Microbiota Modulation Potential.,"Plants (Basel, Switzerland)",2024 Mar 27,sesquiterpene_lactone,chemistry,2,title_priority_only
38538682,Composition and antimicrobial activity of Rosmarinus officinalis L. and Artemisia monosperma L. leaf essential oils and methanolic extracts from plants grown in normal and saline habitats in Egypt.,Scientific reports,2024 Mar 28,terpene_essential_oil,chemistry,2,title_priority_only
38073506,Phytochemical analysis of carotenoid profile in Mentha piperita and Artemisia vulgaris: cytotoxicity in tumoral cells and evaluation of plasmid DNA cleavage.,Journal of toxicology and environmental health. Part A,2024 Mar 3,terpene_essential_oil;safety,phenotype,2,title_priority_only
38731597,"Differential Anti-Fibrotic and Remodeling Responses of Human Dermal Fibroblasts to Artemisia sp., Artemisinin, and Its Derivatives.","Molecules (Basel, Switzerland)",2024 May 2,terpene_essential_oil;sesquiterpene_lactone;biosynthesis_genes;antiparasitic,lactone,2,title_priority_only
38775792,Dihydroartemisinin alleviates doxorubicin-induced cardiotoxicity and ferroptosis by activating Nrf2 and regulating autophagy.,FASEB journal : official publication of the Federation of American Societies for Experimental Biology,2024 May 31,terpene_essential_oil;sesquiterpene_lactone;biosynthesis_genes;antiparasitic;safety,lactone;phenotype,2,title_priority_only
37787040,Thin layer chromatography-direct bioautography for investigation of antibacterial activities of Artemisia sieversiana Ehrhart ex Willd. essential oil.,Natural product research,2024 Nov,terpene_essential_oil,chemistry,2,title_priority_only
39368573,Increased artemisinin production in Artemisia annua L. by co-overexpression of six key biosynthetic enzymes.,International journal of biological macromolecules,2024 Nov,terpene_essential_oil;sesquiterpene_lactone;biosynthesis_genes;antiparasitic,lactone,2,title_priority_only
39538287,"Optimization of in vivo antimalarial efficacy of combinations of aqueous leaf extracts of Artemisia annua L., Vernonia amygdalina Del, and Microglossa pyrifolia (Lam.) Kuntze using factorial design.",BMC complementary medicine and therapies,2024 Nov 13,terpene_essential_oil;sesquiterpene_lactone;antiparasitic,phenotype,2,title_priority_only
38775853,"A review of the research progress on Artemisia argyi Folium: botany, phytochemistry, pharmacological activities, and clinical application.",Naunyn-Schmiedeberg's archives of pharmacology,2024 Oct,terpene_essential_oil;safety,chemistry,2,title_priority_only
38972444,Unusual cadinane-involved sesquiterpenoid dimers from Artemisia annua and their antihepatoma effect.,Phytochemistry,2024 Oct,terpene_essential_oil;biosynthesis_genes,chemistry,2,title_priority_only
38862031,"Topical application of Artemisia annua L. essential oil ameliorates 2,4-dintrochlorobenzene-induced atopic dermatitis in mice.",Journal of ethnopharmacology,2024 Oct 28,terpene_essential_oil;biosynthesis_genes,chemistry,2,title_priority_only
38871010,Artemisia argyi essential oil alleviates asthma by regulating 5-LOX-CysLTs and IDO-1-KYN pathways: Insights from metabolomics.,Journal of ethnopharmacology,2024 Oct 28,terpene_essential_oil;biosynthesis_genes,chemistry,2,title_priority_only
39363209,"Genome-wide identification, characterization and expression pattern analysis of TIFY family members in Artemisia argyi.",BMC genomics,2024 Oct 3,biosynthesis_genes;genomics_phylogenomics,genomics,2,title_priority_only
39598372,Phytochemical Characterization Utilizing HS-SPME/GC-MS: Exploration of the Antioxidant and Enzyme Inhibition Properties of Essential Oil from Saudi Artemisia absinthium L.,"Pharmaceuticals (Basel, Switzerland)",2024 Oct 31,terpene_essential_oil;safety,chemistry,2,title_priority_only
39365449,"Complete chloroplast genome sequence of Artemisia littoricola (Asteraceae) from Dokdo Island Korea: genome structure, phylogenetic analysis, and biogeography study.",Functional & integrative genomics,2024 Oct 4,genomics_phylogenomics,genomics,2,title_priority_only
38880338,Integrated multi-omics analysis reveals genes involved in flavonoid biosynthesis and trichome development of Artemisia argyi.,Plant science : an international journal of experimental plant biology,2024 Sep,biosynthesis_genes;genomics_phylogenomics,genomics,2,title_priority_only
38917891,Four undescribed sesquiterpenes from Artemisia mongolica and their anti-inflammatory activity.,Fitoterapia,2024 Sep,terpene_essential_oil;biosynthesis_genes,chemistry,2,title_priority_only
39142249,Artemisinin and deoxyartemisinin isolated from Artemisia annua L. promote distinct antinociceptive and anti-inflammatory effects in an animal model.,Biomedicine & pharmacotherapy = Biomedecine & pharmacotherapie,2024 Sep,terpene_essential_oil;sesquiterpene_lactone;antiparasitic,lactone,2,title_priority_only
39170770,Exploring sesquiterpene lactone as a dual therapeutic agent for diabetes and oxidative stress: insights into PI3K/AKT modulation.,3 Biotech,2024 Sep,sesquiterpene_lactone;biosynthesis_genes;genomics_phylogenomics;safety,chemistry;lactone,2,title_priority_only
39257643,Artemisia afra essential oils inclusion in diets induces desirable effects on meat quality and fatty acid profiles of broilers chickens.,Veterinary and animal science,2024 Sep,terpene_essential_oil;safety,chemistry,2,title_priority_only
38754641,Chemical composition of Artemisia argyi essential oil and its antifungal activity against dermatophytes by inhibiting oxidative phosphorylation and causing oxidative damage.,Journal of ethnopharmacology,2024 Sep 15,terpene_essential_oil;biosynthesis_genes;genomics_phylogenomics,chemistry,2,title_priority_only
39330912,Antimalarial Mechanisms and Resistance Status of Artemisinin and Its Derivatives.,Tropical medicine and infectious disease,2024 Sep 20,sesquiterpene_lactone;antiparasitic;safety,lactone;phenotype,2,title_priority_only
39043105,Artemisia monosperma essential oil nanoformulations alleviate imiquimod-induced psoriasis-like dermatitis in mice.,International immunopharmacology,2024 Sep 30,terpene_essential_oil;biosynthesis_genes,chemistry,2,title_priority_only
39192639,From Traditional Use to Modern Evidence: The Medicinal Chemistry of Antimalarials from Genus Artemisia.,Mini reviews in medicinal chemistry,2025,terpene_essential_oil;sesquiterpene_lactone;antiparasitic,phenotype,2,title_priority_only
39498451,Efficient biosynthesis of β-caryophyllene in Saccharomyces cerevisiae by β-caryophyllene synthase from Artemisia argyi.,Synthetic and systems biotechnology,2025,terpene_essential_oil;biosynthesis_genes,genomics,2,title_priority_only
40017245,"A Comprehensive Review on the Antimicrobial Activity of the Genus Artemisia, Artemisinin, and its Derivatives.",Current topics in medicinal chemistry,2025,terpene_essential_oil;sesquiterpene_lactone;antiparasitic;safety,lactone,2,title_priority_only
40017590,Exploring Ternary Essential Oil Mixtures of Moroccan Artemisia Species for Larvicidal Effectiveness Against Culex pipiens Mosquitoes: A Mixture Design Approach.,Journal of parasitology research,2025,terpene_essential_oil;safety,chemistry,2,title_priority_only
40177011,Genome-wide identification and expression analysis of the ADH gene family in Artemisia annua L. under UV-B stress.,Frontiers in plant science,2025,sesquiterpene_lactone;genomics_phylogenomics;antiparasitic,genomics,2,title_priority_only
40230725,"The Complete Genome Sequence of the Moroccan endemic plant Artemisia ifranensis (Asteraceae, Asterales).",Biodiversity genomes,2025,genomics_phylogenomics,genomics,2,title_priority_only
40510840,Supercritical CO(2) extraction of artemisinin from Artemisia annua plant and the biotechnological production of artemisinin precursors: A dual-focus review.,"Biotechnology notes (Amsterdam, Netherlands)",2025,sesquiterpene_lactone;antiparasitic,lactone,2,title_priority_only
40547542,The complete chloroplast genome of Artemisia selengensis Turcz var. shansiensis (Qinghao in Chinese).,"Mitochondrial DNA. Part B, Resources",2025,genomics_phylogenomics,genomics,2,title_priority_only
40636012,Establishment of a genome map-based karyotype of Artemisia argyi and identification of a new octoploid.,Frontiers in plant science,2025,genomics_phylogenomics,genomics,2,title_priority_only
41059406,Genome-wide identification and expression analysis of the HSP70 gene family in Artemisia annua L. under heat stress.,PeerJ,2025,sesquiterpene_lactone;biosynthesis_genes;genomics_phylogenomics,genomics,2,title_priority_only
41103328,Artemisia argyi essential oil modulates lipid metabolism via linoleic acid and glycerophospholipid pathways in high-fat diet-induced obese mice.,Frontiers in nutrition,2025,terpene_essential_oil;biosynthesis_genes;genomics_phylogenomics,chemistry,2,title_priority_only
41383933,Transcriptome and metabolome analyses revealed the main profiles contributing the mild aroma characteristics of Artemisia stolonifera.,Frontiers in plant science,2025,terpene_essential_oil;biosynthesis_genes;genomics_phylogenomics,genomics,2,title_priority_only
41573729,Pharmacological and bioactive properties of Artemisia argyi H. Lév. & Vaniot essential oil: a review.,Frontiers in pharmacology,2025,terpene_essential_oil;safety,chemistry,2,title_priority_only
39375847,Artemisia argyi mitigates doxorubicin-induced cardiotoxicity by inhibiting mitochondrial dysfunction through the IGF-IIR/Drp1/GATA4 signaling pathway.,Biotechnology and applied biochemistry,2025 Apr,biosynthesis_genes;safety,phenotype,2,title_priority_only
39708992,"Artemordosins A-L, cadinane-monoterpene heterodimers and sesquiterpenoids with antihepatoma activity from Artemisia ordosica.",Phytochemistry,2025 Apr,terpene_essential_oil;biosynthesis_genes,chemistry,2,title_priority_only
40284873,Ameliorative Effect of Artemisia absinthium Ethanolic Extract Against Sodium Fluoride Toxicity in Rat Testes: Histological and Physiological Study.,Veterinary sciences,2025 Apr 15,safety,phenotype,2,title_priority_only
40251470,Genome-wide identification and expression profiling of MYB transcription factors in Artemisia argyi.,BMC genomics,2025 Apr 18,biosynthesis_genes;genomics_phylogenomics,genomics,2,title_priority_only
40274872,Dihydroartemisinic acid dehydrogenase-mediated alternative route for artemisinin biosynthesis.,Nature communications,2025 Apr 24,terpene_essential_oil;sesquiterpene_lactone;biosynthesis_genes;antiparasitic,lactone;genomics,2,title_priority_only
40298250,Profiling of sesquiterpenoid fractions from Artemisia annua L. and testing their in vitro anti-SARS-CoV-2 activity.,Biomolecules & biomedicine,2025 Apr 25,terpene_essential_oil;sesquiterpene_lactone;genomics_phylogenomics;antiparasitic,chemistry,2,title_priority_only
40223241,Mechanistic Insights into the Nonenzymatic Biosynthesis of Artemisinin and Related Natural Products: A Quantum Chemical Study.,Journal of chemical information and modeling,2025 Apr 28,terpene_essential_oil;sesquiterpene_lactone;biosynthesis_genes;antiparasitic,lactone;genomics,2,title_priority_only
40286231,Green Extraction of Volatile Terpenes from Artemisia annua L.,"Molecules (Basel, Switzerland)",2025 Apr 7,terpene_essential_oil,chemistry,2,title_priority_only
40451013,"Discovery of antileishmanial compounds from Artemisia umbelliformis subsp. eriantha using HeteroCovariance Approach, HetCA.",Bioorganic chemistry,2025 Aug,antiparasitic;safety,phenotype,2,title_priority_only
40933602,"Gold nanoparticles from Artemisia absinthium, Morus nigra, and Peganum harmala: biosynthesis, characterization, and their biological evaluations against cancer cells.",Research in pharmaceutical sciences,2025 Aug,biosynthesis_genes,genomics,2,title_priority_only
42058245,The Antimicrobial and Antibiofilm Potential of Citrus Aurantium and Artemisia Annua Essential Oils Nanoemulsions.,Archives of Razi Institute,2025 Aug,terpene_essential_oil,chemistry,2,title_priority_only
40797246,Correction: Assessment of the in vitro activity and selectivity of Artemisia afra and Artemisia annua aqueous extracts against artemisinin-resistant Plasmodium falciparum.,Malaria journal,2025 Aug 12,sesquiterpene_lactone,lactone,2,title_priority_only
40367810,"Investigating the antifungal mechanism of Artemisia argyi essential oil against Botrytis cinerea, Alternaria alternata, and Penicillium digitatum and its application in extending blueberry shelf life.",International journal of food microbiology,2025 Aug 2,terpene_essential_oil;safety,chemistry,2,title_priority_only
40866456,Chemical profiling and biological assessment of essential oil from Artemisia herba-alba.,Scientific reports,2025 Aug 27,terpene_essential_oil;diterpene_triterpene;safety,chemistry,2,title_priority_only
40631698,"Evaluating the potential of Artemisia annua essential oil for controlling Hyphantria cunea (Lepidoptera: Erebidae): effects on larval development, immune function, and enzymatic activities.",Journal of economic entomology,2025 Aug 29,terpene_essential_oil,chemistry,2,title_priority_only
40871480,"Evaluation of Chemical Composition, Acaricidal, and Repellent Activities of Artemisia vulgaris L. (Asteraceae) Essential Oil Against Gall Mite Aceria pongamiae Keifer (Acarina: Eriophyidae).","Molecules (Basel, Switzerland)",2025 Aug 8,terpene_essential_oil;safety,chemistry,2,title_priority_only
40712687,Discovery of rearranged eudesmane-type sesquiterpenes from Artemisia tournefortiana.,Phytochemistry,2025 Dec,terpene_essential_oil;biosynthesis_genes,chemistry,2,title_priority_only
41235150,"Monoterpene-rich essential oil from Artemisia santonicum L. exerts neuroprotective effects in Aβ-induced SH-SY5Y cells: Modulation of tau pathology, neuroinflammation, oxidative stress, and synaptic-metabolic pathways.",Toxicology research,2025 Dec,terpene_essential_oil,chemistry,2,title_priority_only
41394543,Electrospun Polyvinyl Alcohol/Chitosan Nanofibers Film Loaded With Artemisia Essential Oil: A Strategy for Extending Shelf Life and Enhancing Quality of Minced Beef.,Food science & nutrition,2025 Dec,terpene_essential_oil,chemistry,2,title_priority_only
41438541,"Effects of drying methods on phenolic acids, flavonoids, and essential oils in three cultivars of Artemisia Argyi.",Food chemistry: X,2025 Dec,terpene_essential_oil;safety,chemistry,2,title_priority_only
41427242,Recovery and Economic Aspects of Extraction Methods for Artemisinin and its Precursors from Artemisia annua L. Leaves.,ACS omega,2025 Dec 16,sesquiterpene_lactone,lactone,2,title_priority_only
41130006,Preparation and characterization of artemisia argyi essential oil microcapsule and its application in postharvest preservation of cherry tomatoes.,Food chemistry,2025 Dec 25,terpene_essential_oil,chemistry,2,title_priority_only
41471206,Antiparasitic Activity of Silver Nanoparticles Synthesized from Artemisia cina Aqueous Extract Against Haemonchus contortus.,"Pathogens (Basel, Switzerland)",2025 Dec 7,biosynthesis_genes;antiparasitic,phenotype,2,title_priority_only
39362811,The evolutionary advantage of artemisinin production by Artemisia annua.,Trends in plant science,2025 Feb,terpene_essential_oil;sesquiterpene_lactone;biosynthesis_genes;genomics_phylogenomics;antiparasitic,lactone,2,title_priority_only
39515628,Sesquiterpenes from the aerial parts of Artemisia vachanica krasch. ex poljakov and their anti-inflammatory and anti-diabetic activities.,Phytochemistry,2025 Feb,terpene_essential_oil;biosynthesis_genes,chemistry,2,title_priority_only
39689807,Genome-wide identification of the WD40 protein family and functional characterization of AaTTG1 in Artemisia annua.,International journal of biological macromolecules,2025 Feb,terpene_essential_oil;sesquiterpene_lactone;biosynthesis_genes;genomics_phylogenomics;antiparasitic,genomics,2,title_priority_only
39889474,Concentration-dependent interactive toxicity of cadmium and mercury: Non-negligible effects on phytoremediation by indigenous Artemisia lavandulaefolia.,Ecotoxicology and environmental safety,2025 Feb,biosynthesis_genes;safety,phenotype,2,title_priority_only
39996821,Genome-Wide Identification and Analysis of the JAZ Gene Family in Artemisia argyi.,Current issues in molecular biology,2025 Feb 6,genomics_phylogenomics,genomics,2,title_priority_only
39499482,"3-Oxo-11αH-germacra-1(10) E,4Z-dien-12,6α-olide, a sesquiterpene from Artemisia sieversiana, attenuates lipopolysaccharide-induced inflammation via NF-κB/MAPK pathways and oxidative stress via ROS pathway in RAW264.7 cells.",Journal of natural medicines,2025 Jan,terpene_essential_oil;sesquiterpene_lactone;biosynthesis_genes,chemistry,2,title_priority_only
39861595,"Artemisia herba-alba Essential Oil: Chemical Composition, Phytotoxic Activity and Environmental Safety.","Plants (Basel, Switzerland)",2025 Jan 16,terpene_essential_oil;safety,chemistry,2,title_priority_only
40005840,The Therapeutic Efficacy and Molecular Mechanisms of Artemisia argyi Essential Oil in Treating Feline Herpesvirus Infection via Nasal Drops.,Veterinary sciences,2025 Jan 23,terpene_essential_oil;genomics_phylogenomics,chemistry,2,title_priority_only
39754020,The anthelmintic activity of the white wormwood (Artemisia herba Alba) against Haemonchus contortus in beef cattle.,Scientific reports,2025 Jan 3,antiparasitic,phenotype,2,title_priority_only
40516721,Synergistic effects of glycosylation and ginger essential oils on soy protein isolate - Artemisia sphaerocephala Krasch. gum composite films for chilled grass carp preservation.,International journal of biological macromolecules,2025 Jul,terpene_essential_oil;biosynthesis_genes,chemistry,2,title_priority_only
40779026,Novel quinoline derivative and Artemisia spicigera alleviates against propanil-induced toxicity: the in vitro and in vivo biological evaluation.,Environmental science and pollution research international,2025 Jul,biosynthesis_genes;safety,phenotype,2,title_priority_only
40804211,Synergistic formulation of Artemisia essential oils in beta-cyclodextrin: in vitro and in silico analysis of insecticidal activity against Culex pipiens.,Environmental science and pollution research international,2025 Jul,terpene_essential_oil;safety,chemistry,2,title_priority_only
40733222,Essential Oil from the Aerial Parts of Artemisia serotina Bunge (Winter Wormwood) Growing in Kazakhstan-Phytochemical Profile and Bioactivity.,"Molecules (Basel, Switzerland)",2025 Jul 14,terpene_essential_oil,chemistry,2,title_priority_only
40107365,Synergistic interaction of AaMYC2 and AaMYC2-LIKE enhances artemisinin production in Artemisia annua L.,Journal of biotechnology,2025 Jun,terpene_essential_oil;sesquiterpene_lactone;biosynthesis_genes;antiparasitic,lactone,2,title_priority_only
40228702,"Artemiyrianins A-H, guaiane-type sesquiterpenoids from Artemisia myriantha var. pleiocephala and their antihepatoma activity.",Fitoterapia,2025 Jun,terpene_essential_oil,chemistry,2,title_priority_only
40334823,"Evaluation of cytotoxic effects of capillene and 2,4-pentadiynylbenzene isolated from Artemisia campestris subsp. variabilis (Ten.) Greuter essential oil and identified by NMR studies.",Fitoterapia,2025 Jun,terpene_essential_oil,chemistry,2,title_priority_only
40372204,Essential oil study of Artemisia herba Alba (asso.): antifungal activity against Fusarium oxysporum f. sp. ciceri and phytochemical analysis by gC/mS.,Natural product research,2025 Jun,terpene_essential_oil;safety,chemistry,2,title_priority_only
40375936,Unlocking the potential of Artemisia annua for artemisinin production: current insights and emerging strategies.,3 Biotech,2025 Jun,sesquiterpene_lactone;antiparasitic,lactone,2,title_priority_only
40379160,"Artemisia annua L. essential oil-loaded chitosan nanoparticles: synthesis, characterization, in-vitro release kinetics, and acetylcholinesterase inhibition as a mode of action against plant-parasitic nematodes.",International journal of biological macromolecules,2025 Jun,terpene_essential_oil;biosynthesis_genes;safety,chemistry,2,title_priority_only
40419059,Functional study of an O-methyltransferase in eupatilin biosynthesis in Artemisia argyi by an efficient hairy roots transformation system.,International journal of biological macromolecules,2025 Jun,biosynthesis_genes;genomics_phylogenomics,genomics,2,title_priority_only
40448391,Study on the Application of Zeolitic Imidazolate Framework-8 Loaded With Artemisia Argyi Essential Oil in the Treatment of Bacterial Infected Wounds.,Journal of biomedical materials research. Part A,2025 Jun,terpene_essential_oil,chemistry,2,title_priority_only
40545316,Deciphering the therapeutic potential and mechanisms of Artemisia argyit essential oil on flagellum-mediated Salmonella infections.,Chinese journal of natural medicines,2025 Jun,terpene_essential_oil,chemistry,2,title_priority_only
39918166,"Therapeutic Potential of Artemisia campestris Essential Oil: Antioxidant, Anti-Inflammatory, and Anticancer Insights From In Silico Analysis.",Biomedical chromatography : BMC,2025 Mar,terpene_essential_oil,chemistry,2,title_priority_only
40116969,Engineering scutellarin biosynthesis in Artemisia annua.,Plant cell reports,2025 Mar 21,terpene_essential_oil;sesquiterpene_lactone;biosynthesis_genes;antiparasitic,genomics,2,title_priority_only
40047612,"Artemselenoids A-H, eight guaiane-type sesquiterpenoid dimers from Artemisia selengensis and their antihepatoma activities.",Organic & biomolecular chemistry,2025 Mar 26,terpene_essential_oil;sesquiterpene_lactone;biosynthesis_genes,chemistry,2,title_priority_only
39826810,"Artemyriantholidimers A-G, undescribed guaiane-type sesquiterpenoid dimers from Artemisia myriantha and their antihepatoma activities.",Phytochemistry,2025 May,terpene_essential_oil;biosynthesis_genes,chemistry,2,title_priority_only
40187451,Fabrication and characterization of Artemisia sphaerocephala Krasch. Gum-based active films containing coriander essential oil emulsion for meat preservation.,International journal of biological macromolecules,2025 May,terpene_essential_oil;safety,chemistry,2,title_priority_only
40350417,Assessment of the in vitro activity and selectivity of Artemisia afra and Artemisia annua aqueous extracts against artemisinin-resistant Plasmodium falciparum.,Malaria journal,2025 May 11,terpene_essential_oil;sesquiterpene_lactone;antiparasitic,lactone,2,title_priority_only
40431412,"Artemisiae Iwayomogii Herba Protects Dopaminergic Neurons Against 1-Methyl-4-phenylpyridinium/1-methyl-4-phenyl-1,2,3,6-tetrahydropyridine Neurotoxicity in Models of Parkinson's Disease.",Nutrients,2025 May 14,biosynthesis_genes;safety,phenotype,2,title_priority_only
40372575,Natural sesquiterpene lactones in prostate cancer therapy: mechanisms and sources.,"Medical oncology (Northwood, London, England)",2025 May 15,terpene_essential_oil;sesquiterpene_lactone;safety,chemistry;lactone,2,title_priority_only
40382557,Physiological changes and full-length transcriptome of Artemisia sphaerocephala in response to drought stress.,BMC plant biology,2025 May 17,biosynthesis_genes;genomics_phylogenomics,genomics,2,title_priority_only
40427629,"Chemical Composition, Antioxidant, and Enzyme Inhibitory Activities of Artemisia schmidtiana Maxim. Essential Oil.",Biomolecules,2025 May 19,terpene_essential_oil;diterpene_triterpene;biosynthesis_genes,chemistry,2,title_priority_only
40329327,Ingestion of Artemisia argyit essential oil combats Salmonella pullorum infections by altering gut microbiota composition in chicks.,Veterinary research,2025 May 6,terpene_essential_oil,chemistry,2,title_priority_only
40427237,"The Beneficial Use of Artemisia annua, Artemisinin, and Other Compounds in Animal Health.",Animals : an open access journal from MDPI,2025 May 8,sesquiterpene_lactone;antiparasitic,lactone,2,title_priority_only
40581035,Eleven undescribed bisabolane-type sesquiterpenoids from Artemisia persica.,Phytochemistry,2025 Nov,terpene_essential_oil;biosynthesis_genes,chemistry,2,title_priority_only
40644687,"Unleashing the Potential: Exploring the Chemical Composition, Insecticidal Prowess, and Antibacterial Power of Artemisia gmelinii Essential Oil.",Chemistry & biodiversity,2025 Nov,terpene_essential_oil,chemistry,2,title_priority_only
41033513,Integrated metabolomic and transcriptomic analysis reveals the coordinated regulatory mechanisms of artemisinin and flavonoid mediated by AaMYB8 in Artemisia annua.,International journal of biological macromolecules,2025 Nov,terpene_essential_oil;sesquiterpene_lactone;biosynthesis_genes;genomics_phylogenomics;antiparasitic,lactone,2,title_priority_only
41315747,"Essential oils from Artemisia judaica, Ruta graveolens and Salvia palaestina with antiradical, cytotoxic and AMPA receptor-modulatory activities.",Scientific reports,2025 Nov 28,terpene_essential_oil;biosynthesis_genes,chemistry,2,title_priority_only
41182081,Chemical composition and cytotoxic activity of Saudi Arabia Artemisia sieberi essential oils.,Natural product research,2025 Nov 3,terpene_essential_oil,chemistry,2,title_priority_only
40387081,Exploring Chemical Variability in the Essential Oil of Artemisia absinthium L. in Relation to Different Phenological Stages and Geographical Location.,Chemistry & biodiversity,2025 Oct,terpene_essential_oil,chemistry,2,title_priority_only
40398524,Biotransformation of artemisinin by human intestinal fungi and cytotoxicity against breast cancer cells of its metabolites.,Phytochemistry,2025 Oct,terpene_essential_oil;sesquiterpene_lactone;biosynthesis_genes;antiparasitic;safety,lactone;phenotype,2,title_priority_only
40662660,Monoterpenoids from Artemisia austriaca essential oil disrupt hormone-mediated reserve mobilization to suppress Avena fatua seed germination.,Pest management science,2025 Oct,terpene_essential_oil;diterpene_triterpene;biosynthesis_genes,chemistry,2,title_priority_only
41016651,Phytochemical characterization and insight into the in vitro anthelmintic activity of Artemisia brevifolia Wall ex Dc. against the different life stages of the gastrointestinal nematode of sheep.,Experimental parasitology,2025 Oct,antiparasitic,phenotype,2,title_priority_only
41150090,Standardized Artemisia annua Exhibits Dual Antileishmanial Activity and Immunomodulatory Potential In Vitro.,Veterinary sciences,2025 Oct 1,sesquiterpene_lactone;antiparasitic;safety,phenotype,2,title_priority_only
41157705,Antifungal Activity of Artemisia capillaris Essential Oil Against Alternaria Species Causing Black Spot on Yanbian Pingguoli Pear in China.,"Plants (Basel, Switzerland)",2025 Oct 13,terpene_essential_oil,chemistry,2,title_priority_only
41226142,"GC/MS Analysis, Cytotoxicity, and Antimicrobial Properties of Six Moroccan Essential Oils Traditionally Used for COVID-19 Prevention.","Molecules (Basel, Switzerland)",2025 Oct 25,terpene_essential_oil;safety,chemistry;phenotype,2,title_priority_only
40208317,Toxicological evaluation of Isosecotanapartholide from Artemisia vulgaris L.: oral acute and sub-acute toxicity in BALB/c mice.,Naunyn-Schmiedeberg's archives of pharmacology,2025 Sep,safety,phenotype,2,title_priority_only
40288667,"Artemsieverlides A-M, diverse sesquiterpenoid dimers with antihepatic fibrosis activity isolated from Artemisia sieversiana based on molecular networking.",Phytochemistry,2025 Sep,terpene_essential_oil;biosynthesis_genes,chemistry,2,title_priority_only
40844671,Exploring the Effects of Artemisia absinthium L. Essential Oil on Pseudopregnancy Model in Rats.,Veterinary medicine and science,2025 Sep,terpene_essential_oil,chemistry,2,title_priority_only
41328231,"In vitro and in vivo anthelmintic activity of Artemisia absinthium against gastrointestinal nematodes of free-grazing goats from Ayacucho, Peru.",Journal of advanced veterinary and animal research,2025 Sep,antiparasitic,phenotype,2,title_priority_only
40684821,From network prediction to experimental validation: Multi-Target mechanisms of Artemisia absinthium L. Essential Oil (AAEO) against depression.,Journal of ethnopharmacology,2025 Sep 25,terpene_essential_oil;sesquiterpene_lactone;safety,chemistry,2,title_priority_only
40410819,"Effects of LEDs, macronutrients and culture conditions on biomass and artemisinin production using Artemisia annua L. suspension cultures.",Biotechnology progress,2025 Sep-Oct,terpene_essential_oil;sesquiterpene_lactone;biosynthesis_genes;antiparasitic,lactone,2,title_priority_only
41877968,"Chemical composition and larvicidal efficacy of essential oils from three artemisia species endemic to the Mediterranean region against Culex pipiens (L.), insecticide-resistant vector: in vivo and in silico studies.",Frontiers in plant science,2026,terpene_essential_oil;safety,chemistry,2,title_priority_only
41915655,Predicted antiviral potential of phytochemicals prolific in Cleistanthus bracteosus Jabl. and essential oils of Artemisia scoparia and Thuja orientalis against Nipah virus and Human metapneumovirus: An AI-driven in-silico study.,PloS one,2026,terpene_essential_oil,chemistry,2,title_priority_only
42007177,"Dual PTP1B/DPP4 Inhibitory Potential of Agathosma betulina, Cymbopogon citratus, and Artemisia afra: Structure-Based Modeling of Phytochemical Leads and Essential Oil Bioassays.",Computational and structural biotechnology journal,2026,terpene_essential_oil;safety,chemistry,2,title_priority_only
42139187,Genetic enhancement of Davana (Artemisia pallens Wall. ex DC.) through induced mutagenesis for essential oil yield and its chemical profile.,International journal of radiation biology,2026,terpene_essential_oil;biosynthesis_genes,chemistry,2,title_priority_only
42145959,Resource potential and essential oil composition of Artemisia arenaria DC. in the Northern Aral Sea Region.,PeerJ,2026,terpene_essential_oil,chemistry,2,title_priority_only
42359399,"Optimized extraction, odor modulation, and antioxidant and antimicrobial activities of blue essential oil from Artemisia umbrosa.",Frontiers in plant science,2026,terpene_essential_oil,chemistry,2,title_priority_only
42440909,Essential oil from Artemisia gmelinii extenuates cellular integrity of Sporothrix globosa and its biofilms by steering intracellular ROS and basal ergosterol levels.,Frontiers in fungal biology,2026,terpene_essential_oil,chemistry,2,title_priority_only
42540351,Complete chloroplast genome of Artemisia schmidtiana Maxim. (Asteraceae) and its phylogenetic placement.,"Mitochondrial DNA. Part B, Resources",2026,genomics_phylogenomics,genomics,2,title_priority_only
42625753,Pre-harvest UV irradiation differentially modulates terpenoids and esters in tarragon (Artemisia dracunculus L.) for enhanced essential oil quality.,Frontiers in plant science,2026,terpene_essential_oil;biosynthesis_genes,chemistry,2,title_priority_only
41679004,Anthelmintic effects of Artemisia herba-alba and Artemisia judaica extracts on Ascaridia galli in poultry.,Poultry science,2026 Apr,antiparasitic,phenotype,2,title_priority_only
41998152,The protective role of Artemisia annua against chlorpyrifos toxicity in Nile tilapia.,Scientific reports,2026 Apr 17,biosynthesis_genes;safety,phenotype,2,title_priority_only
41854514,"Artemverlotolides A and B, Two Sesquiterpenes from Artemisia verlotorum Lamotte: Structural Elucidation, Bioinspired Synthesis, and Antineuroinflammatory Activity.",Organic letters,2026 Apr 3,terpene_essential_oil;biosynthesis_genes,chemistry,2,title_priority_only
41823582,Complete genome sequence of Roseomonas sp. WA12 isolated from the rhizosphere of Artemisia ordosica.,Microbiology resource announcements,2026 Apr 9,genomics_phylogenomics,genomics,2,title_priority_only
41655570,Chemical Diversity and Biological Activities of the Artemisia L. Genus Beyond Antimalarial Effects.,Planta medica,2026 Aug,terpene_essential_oil;sesquiterpene_lactone;antiparasitic;safety,phenotype,2,title_priority_only
41990923,Differential synergistic antimalarial effects of an A. annua extract on artemisinin via host pharmacokinetic modulation.,Journal of ethnopharmacology,2026 Aug 10,terpene_essential_oil;sesquiterpene_lactone;biosynthesis_genes;antiparasitic;safety,lactone;phenotype,2,title_priority_only
42572844,Comparison of in vivo anthelmintic efficacy of Artemisia absinthium extract and albendazole in Awassi breed sheep with natural gastrointestinal nematode infection.,Journal of helminthology,2026 Aug 10,antiparasitic;safety,phenotype,2,title_priority_only
42603439,AabHLH140 simultaneously enhances artemisinin and polymethoxylated flavonoid accumulation in Artemisia annua.,Plant physiology and biochemistry : PPB,2026 Aug 12,terpene_essential_oil;sesquiterpene_lactone;biosynthesis_genes,lactone,2,title_priority_only
42652491,Bioactivity of Artemisia dracunculus and A. absinthium Essential Oils Against Stored Product Insect Pests and Root-Knot Nematodes.,Insects,2026 Aug 12,safety,chemistry,2,title_priority_only
42557236,HetCA/STOCSY-Guided Dereplication of Artemisia arborescens Reveals Furofuran Lignans with Antileishmanial Effects.,ChemMedChem,2026 Aug 14,biosynthesis_genes;antiparasitic,phenotype,2,title_priority_only
42599479,"Artemisiyneolides A-K, Guaiane Sesquiterpenoid-Heptatriyne Hybrids through C-C Linkages from Artemisia sieversiana with Antihepatoma Activity.",The Journal of organic chemistry,2026 Aug 14,terpene_essential_oil,chemistry,2,title_priority_only
42482341,Unraveling the Catalytic Promiscuity Mechanism of Triterpene Synthase AaOSC-22030 via Multiscale QM/MM Simulations and Mutagenesis.,The journal of physical chemistry. B,2026 Aug 6,terpene_essential_oil;diterpene_triterpene;biosynthesis_genes,chemistry;genomics,2,title_priority_only
42559808,Mitigation of cadmium phytotoxicity and enhancement of selected nutritional and active components in Artemisia selengensis turcz through co-inoculation with plant growth-promoting and cadmium-tolerant rhizobacteria.,International journal of phytoremediation,2026 Aug 6,safety,phenotype,2,title_priority_only
42653828,"Artemisia annua and A. afra Teas, Artemisinin, and Dihydroartemisinin Differentially Regulate ROS and Fibrosis-Associated Phenotypes in Human Dermal Fibroblasts.","Molecules (Basel, Switzerland)",2026 Aug 7,terpene_essential_oil;sesquiterpene_lactone;biosynthesis_genes;antiparasitic,lactone,2,title_priority_only
41420846,"Cholinesterase Inhibitory Activity, Gas Chromatography-Mass Spectrometry Profiling, and In Silico Studies on the Selected Artemisia Essential Oils.",Chemistry & biodiversity,2026 Feb,terpene_essential_oil;biosynthesis_genes;safety,chemistry,2,title_priority_only
41448490,Augmenting the cytotoxicity and apoptosis induction of green synthesized copper oxide nanoparticles from Artemisia sieberi by combining with tamoxifen: Mechanism involving Bax/Bcl-2 modulation.,Journal of pharmaceutical sciences,2026 Feb,biosynthesis_genes;safety,phenotype,2,title_priority_only
41449125,Quantitative Estimation and Biosynthetic Pathways Study of Artemisinin in Artemisia tournefortiana: An Alternative Source for Artemisinin.,Biomedical chromatography : BMC,2026 Feb,terpene_essential_oil;sesquiterpene_lactone;biosynthesis_genes;antiparasitic,lactone,2,title_priority_only
41643954,Mechanistic insights and functional evaluation of an Artemisia annua essential oil nanoemulsion for antibacterial topical application against Staphylococcus aureus.,International journal of biological macromolecules,2026 Feb,terpene_essential_oil;biosynthesis_genes;safety,chemistry,2,title_priority_only
41684177,"In-silico evaluation of the efficacy of essential oils from Artemisia absinthium, Artemisia herba-alba, and Artemisia annua against SARS-CoV-2.","Cellular and molecular biology (Noisy-le-Grand, France)",2026 Feb 13,terpene_essential_oil;biosynthesis_genes;safety,chemistry,2,title_priority_only
41629517,"Antibacterial activity of essential oils from Brocchia cinerea, Artemisia campestris and Origanum vulgare growing in Algeria against antibiotic-resistant foodborne pathogens.",Scientific reports,2026 Feb 2,terpene_essential_oil;safety,chemistry,2,title_priority_only
41752573,Insecticidal and Sublethal Effects of Artemisia scoparia Essential Oil on Liriomyza sativae.,Insects,2026 Feb 4,terpene_essential_oil;safety,chemistry,2,title_priority_only
41678738,Anti-inflammatory activity and potential anti-inflammatory mechanisms of Artemisia scoparia essential oil.,The Journal of pharmacy and pharmacology,2026 Feb 6,terpene_essential_oil;biosynthesis_genes,chemistry,2,title_priority_only
39015035,Chemical profiling and enzyme inhibitory properties of essential oil isolated from Artemisia judaica grown in Egypt: GC-MS analysis and in-Vitro studies.,Natural product research,2026 Jan,terpene_essential_oil,chemistry,2,title_priority_only
41575886,"Impact of Extended Natural Drying on Yields, Constituents, and Biological Activities of Artemisia monosperma Delile Essential Oils.",Chemistry & biodiversity,2026 Jan,terpene_essential_oil,chemistry,2,title_priority_only
41241305,Artemisinin attenuates quinolinic acid-induced neurotoxicity by suppressing neuroinflammatory and apoptotic gene expression in rats.,Neuroscience letters,2026 Jan 1,terpene_essential_oil;sesquiterpene_lactone;biosynthesis_genes;antiparasitic;safety,lactone;phenotype,2,title_priority_only
41528559,Low phosphorus promotes caryophyllene biosynthesis by regulating AaTPS3 in Artemisia argyi.,Plant cell reports,2026 Jan 13,terpene_essential_oil;biosynthesis_genes,genomics,2,title_priority_only
41076144,Artemisinin-hydroxychloroquine combination from traditional antimalarial medicine attenuates pulmonary fibrosis via PI3K/AKT/GSK3β-mediated inhibition of epithelial-mesenchymal transition.,Journal of ethnopharmacology,2026 Jan 30,terpene_essential_oil;sesquiterpene_lactone;biosynthesis_genes;genomics_phylogenomics;antiparasitic,lactone;phenotype,2,title_priority_only
41600013,Chemical Composition and Antifungal Activity of Artemisia sieversiana Essential Oil Growing in Jilin Against Black Spot on Yanbian Pingguoli Pear in China.,"Plants (Basel, Switzerland)",2026 Jan 9,terpene_essential_oil;safety,chemistry,2,title_priority_only
42483081,Antimalarial Activity of Methoxylated Flavonoid Fraction (Cirsimaritin-Dominated) from Artemisia kopetdaghensis in Plasmodium berghei-Infected Mice with in silico Analysis.,Iranian journal of pharmaceutical research : IJPR,2026 Jan-Dec,antiparasitic,phenotype,2,title_priority_only
41740876,Monomeric and dimeric sesquiterpenoids from Artemisia princeps Pamp and their anti-inflammatory activity.,Phytochemistry,2026 Jul,terpene_essential_oil;sesquiterpene_lactone;biosynthesis_genes,chemistry,2,title_priority_only
42208869,"Sesquiterpene γ-lactones of plants of the Asteraceae family of the flora of Kazakhstan: Search, distribution, biological activity.",Fitoterapia,2026 Jul,terpene_essential_oil;sesquiterpene_lactone;antiparasitic,chemistry;lactone,2,title_priority_only
42427257,Chemical Profiling and ROS-Dependent Antiproliferative Activity of Artemisia nilagirica (C.B.Clarke) Pamp. (Asteraceae) Essential Oil in Human Gastric Adenocarcinoma Cells.,Chemistry & biodiversity,2026 Jul,terpene_essential_oil;biosynthesis_genes,chemistry,2,title_priority_only
42484325,"Artemisia argyi essential oil modulates gut microbiota to influence serum metabolism in rabbits: effects on growth, meat quality, and organ index.",Microbiology spectrum,2026 Jul 22,terpene_essential_oil;biosynthesis_genes,chemistry,2,title_priority_only
42484766,"Biosynthesis, characterization, and antiproliferative activity of gold nanoparticles synthesized using Artemisia chamaemelifolia extract against cisplatin-resistant ovarian cancer cells.","Daru : journal of Faculty of Pharmacy, Tehran University of Medical Sciences",2026 Jul 22,biosynthesis_genes,genomics,2,title_priority_only
42507277,Chemical Profile and Insecticidal Properties of Essential Oil Obtained from Algerian Artemisia herba-alba Leaves.,Acta parasitologica,2026 Jul 27,terpene_essential_oil;safety,chemistry,2,title_priority_only
42506552,Enhanced Antibacterial Activity of Artemisia absinthium Extract Containing Artemisinin and Polyphenols Loaded into Mesoporous Silica Calcium- and Cerium-Doped Nanoparticles.,Journal of functional biomaterials,2026 Jul 6,sesquiterpene_lactone,lactone,2,title_priority_only
41935795,Phytochemical investigation of Artemisia persica: Isolation and characterization of new monoterpenoids.,Fitoterapia,2026 Jun,terpene_essential_oil;biosynthesis_genes,chemistry,2,title_priority_only
42232768,Characterization of high-artemisinin yielding Artemisia annua bioecotypes using gene-specific STS markers and HPLC for quality-oriented selection.,Biochemistry and biophysics reports,2026 Jun,sesquiterpene_lactone;biosynthesis_genes,lactone,2,title_priority_only
42369647,"Comprehensive Analysis of Artemisia argyi H. Lév. & Vaniot Essential Oil: Chemical Composition, Antimicrobial Efficacy, Biofilm Disruption, and Insecticidal Potential.",Food science & nutrition,2026 Jun,terpene_essential_oil;safety,chemistry,2,title_priority_only
42097054,6-Hydroxycoumarin from Artemisia lavandulaefolia Induces Multimodal Toxicity in Solenopsis invicta via behavioral inhibition and mitochondrial disruption.,Ecotoxicology and environmental safety,2026 Jun 15,biosynthesis_genes;safety,phenotype,2,title_priority_only
42452210,Genome-Wide Characterization and Light-Responsive Expression Patterns of B-Box Transcription Factors in Artemisia argyi.,"Plants (Basel, Switzerland)",2026 Jun 28,terpene_essential_oil;biosynthesis_genes;genomics_phylogenomics,genomics,2,title_priority_only
42514884,"Nanoencapsulation of Artemisia annua Essential Oil in Chitosan-Lipid Carriers Enhances Stability, Larvicidal, Antifungal, and Anticancer Efficacy.",Pharmaceutics,2026 Jun 29,terpene_essential_oil;safety,chemistry,2,title_priority_only
41900028,4-Phenylbut-2-yl Esters from the Essential Oil of Artemisia rutifolia from Mongolia.,"Molecules (Basel, Switzerland)",2026 Mar 11,terpene_essential_oil;safety,chemistry,2,title_priority_only
41977170,Genome-Wide Identification of WRKY Gene Family in Artemisia and Its Expression Analysis of Aphid Resistance.,International journal of molecular sciences,2026 Mar 25,biosynthesis_genes;genomics_phylogenomics,genomics,2,title_priority_only
41619671,Artemisia argyi essential oil - loaded β-cyclodextrin/whey protein microcapsules: dual antifungal and disease resistance-inducing effects to enhance blueberry shelf life.,Food chemistry,2026 Mar 30,terpene_essential_oil,chemistry,2,title_priority_only
41892437,"Clinical Potential of Essential Oils: Cytotoxicity, Selectivity Index and Antimicrobial Activity Against Gram-Negative ESKAPEE Pathogens.","Antibiotics (Basel, Switzerland)",2026 Mar 6,safety,chemistry;phenotype,2,title_priority_only
42030805,AaSPATULA synergistically coordinates glandular trichome initiation and vegetative growth to maximize whole-plant artemisinin yield in Artemisia annua.,Plant physiology and biochemistry : PPB,2026 May,terpene_essential_oil;sesquiterpene_lactone;biosynthesis_genes;genomics_phylogenomics;antiparasitic,lactone,2,title_priority_only
42175621,"One-step, two-step: Whole-genome-duplication pathways in Artemisia tridentata and potential consequences for genome evolution.",American journal of botany,2026 May,genomics_phylogenomics,genomics,2,title_priority_only
42346346,Enhanced Synthesis of Polyphenols and Terpenes by UV-A Irradiation in Artemisia argyi Leaves.,Metabolites,2026 May 28,terpene_essential_oil;biosynthesis_genes;genomics_phylogenomics,chemistry,2,title_priority_only
42110730,"Isolation, Antioxidant Activity, and Reaction Mechanism of Chamazulene from Artemisia selengensis Turcz. ex Besser Essential Oil.",ACS omega,2026 May 5,terpene_essential_oil,chemistry,2,title_priority_only
42197106,Low-Thujone A. absinthium L. (Wormwood) Essential Oils and Extracts with Potential Antioxidative/Prooxidant Activity.,"Molecules (Basel, Switzerland)",2026 May 7,terpene_essential_oil;safety,chemistry;phenotype,2,title_priority_only
42419436,"Artemselenolides I-N, sesquiterpenoid trimers from Artemisia selengensis with antihepatoma activity - structural elucidation, molecular docking and dynamics studies.",Phytochemistry,2026 Nov,terpene_essential_oil;sesquiterpene_lactone,chemistry,2,title_priority_only
42372896,Quality-by-design optimized albumin nanoparticles encapsulating Artemisia annua L. phytochemicals using artemisinin as a quantitative marker.,International journal of biological macromolecules,2026 Sep,terpene_essential_oil;sesquiterpene_lactone;biosynthesis_genes;antiparasitic;safety,lactone,2,title_priority_only
42462527,"Capillarisin, a coumarin from Artemisia capillaris, alleviates APAP hepatotoxicity by targeting GSK3β/Nrf2 to suppress ferroptosis.",Phytomedicine : international journal of phytotherapy and phytopharmacology,2026 Sep,biosynthesis_genes;genomics_phylogenomics;safety,phenotype,2,title_priority_only
42468643,Evaluation of the protective effects of Artemisia dracunculus L. against doxorubicin-induced chronic cardio-toxicity in rat.,Fitoterapia,2026 Sep,biosynthesis_genes;safety,phenotype,2,title_priority_only
42470891,Linking the chemical profile of Artemisia herba-alba essential oil to its cytotoxic effects: an in silico and spermatozoa model study.,"Journal of chromatography. B, Analytical technologies in the biomedical and life sciences",2026 Sep 1,terpene_essential_oil;safety,chemistry,2,title_priority_only
