pmid,title,query_families,keyword_domains,abstract_priority_score,manual_status,abstract_status
2255584,Artemisia annua L.: a source of novel antimalarial drugs.,sesquiterpene_lactone;biosynthesis_genes;antiparasitic;safety,chemistry;genomics;antiparasitic;safety;primary_methods,8,pending_manual_review,retrieved
26085047,Antiprotozoal Effect of Artemisia indica Extracts and Essential Oil.,terpene_essential_oil;sesquiterpene_lactone;biosynthesis_genes;antiparasitic,chemistry;genomics;antiparasitic;safety;primary_methods,8,pending_manual_review,retrieved
30942629,Biosynthesis of anti-leishmanial natural products in callus cultures of Artemisia scoparia.,biosynthesis_genes;antiparasitic;safety,chemistry;genomics;antiparasitic;safety;primary_methods,8,pending_manual_review,retrieved
33645121,"[Research advances of biosynthesis, in vivo analysis and pharmacokinetics of chemical constituents in Artemisiae Annuae Herba].",terpene_essential_oil;sesquiterpene_lactone;biosynthesis_genes;antiparasitic;safety,chemistry;genomics;antiparasitic;safety;primary_methods,8,pending_manual_review,retrieved
10996256,Cloning and molecular analysis of two new sesquiterpene cyclases from Artemisia annua L.,sesquiterpene_lactone;genomics_phylogenomics;antiparasitic,chemistry;genomics;antiparasitic;primary_methods,7,pending_manual_review,retrieved
11185551,"Amorpha-4,11-diene synthase of Artemisia annua: cDNA isolation and bacterial expression of a terpene synthase involved in artemisinin biosynthesis.",terpene_essential_oil;sesquiterpene_lactone;biosynthesis_genes;genomics_phylogenomics;antiparasitic;safety,chemistry;genomics;antiparasitic;primary_methods,7,pending_manual_review,retrieved
11289612,"Amorpha-4,11-diene synthase: cloning and functional expression of a key enzyme in the biosynthetic pathway of the novel antimalarial drug artemisinin.",terpene_essential_oil;sesquiterpene_lactone;biosynthesis_genes;antiparasitic;safety,chemistry;genomics;antiparasitic;primary_methods,7,pending_manual_review,retrieved
12709893,"Artemisinin, a novel antimalarial drug: biochemical and molecular approaches for enhanced production.",terpene_essential_oil;sesquiterpene_lactone;biosynthesis_genes;antiparasitic,chemistry;genomics;antiparasitic;primary_methods,7,pending_manual_review,retrieved
15971573,[Advances in molecular regulation of artemisinin biosynthesis].,terpene_essential_oil;sesquiterpene_lactone;biosynthesis_genes;antiparasitic,chemistry;genomics;antiparasitic;primary_methods,7,pending_manual_review,retrieved
16458889,"Artemisia annua L. (Asteraceae) trichome-specific cDNAs reveal CYP71AV1, a cytochrome P450 with a key role in the biosynthesis of the antimalarial sesquiterpene lactone artemisinin.",terpene_essential_oil;sesquiterpene_lactone;biosynthesis_genes;antiparasitic,chemistry;genomics;antiparasitic;primary_methods,7,pending_manual_review,retrieved
17399751,Functional genomics and the biosynthesis of artemisinin.,terpene_essential_oil;sesquiterpene_lactone;biosynthesis_genes;genomics_phylogenomics;antiparasitic,chemistry;genomics;antiparasitic;primary_methods,7,pending_manual_review,retrieved
18257222,[Advances in sesquiterpene synthases cyclases of Artemisia annua].,terpene_essential_oil;sesquiterpene_lactone;biosynthesis_genes;antiparasitic,chemistry;genomics;antiparasitic;primary_methods,7,pending_manual_review,retrieved
20084379,DMSO triggers the generation of ROS leading to an increase in artemisinin and dihydroartemisinic acid in Artemisia annua shoot cultures.,terpene_essential_oil;sesquiterpene_lactone;biosynthesis_genes;antiparasitic,chemistry;genomics;antiparasitic;primary_methods,7,pending_manual_review,retrieved
20724645,Reproductive development modulates gene expression and metabolite levels with possible feedback inhibition of artemisinin in Artemisia annua.,terpene_essential_oil;sesquiterpene_lactone;biosynthesis_genes;antiparasitic,chemistry;genomics;antiparasitic;primary_methods,7,pending_manual_review,retrieved
20874804,Dissection of the phytohormonal regulation of trichome formation and biosynthesis of the antimalarial compound artemisinin in Artemisia annua plants.,terpene_essential_oil;sesquiterpene_lactone;diterpene_triterpene;biosynthesis_genes;genomics_phylogenomics;antiparasitic,chemistry;genomics;antiparasitic;primary_methods,7,pending_manual_review,retrieved
20957501,Methyl jasmonate counteracts boron toxicity by preventing oxidative stress and regulating antioxidant enzyme activities and artemisinin biosynthesis in Artemisia annua L.,terpene_essential_oil;sesquiterpene_lactone;biosynthesis_genes;antiparasitic;safety,chemistry;genomics;antiparasitic;safety,7,pending_manual_review,retrieved
21030913,The biosynthesis of artemisinin (Qinghaosu) and the phytochemistry of Artemisia annua L. (Qinghao).,terpene_essential_oil;sesquiterpene_lactone;biosynthesis_genes;antiparasitic,chemistry;genomics;antiparasitic;primary_methods,7,pending_manual_review,retrieved
21184232,Metabolic engineering of artemisinin biosynthesis in Artemisia annua L.,terpene_essential_oil;sesquiterpene_lactone;biosynthesis_genes;antiparasitic,chemistry;genomics;antiparasitic;primary_methods,7,pending_manual_review,retrieved
21468706,β-Cyclodextrins enhance artemisinin production in Artemisia annua suspension cell cultures.,terpene_essential_oil;sesquiterpene_lactone;biosynthesis_genes;antiparasitic,chemistry;genomics;antiparasitic;primary_methods,7,pending_manual_review,retrieved
21509717,Artemisinin biosynthesis enhancement in transgenic Artemisia annua plants by downregulation of the β-caryophyllene synthase gene.,terpene_essential_oil;sesquiterpene_lactone;biosynthesis_genes;antiparasitic,chemistry;genomics;antiparasitic;primary_methods,7,pending_manual_review,retrieved
22393777,Cloning and characterization of trichome-specific promoter of cpr71av1 gene involved in artemisinin biosynthesis in Artemisia annua L.,terpene_essential_oil;sesquiterpene_lactone;biosynthesis_genes;genomics_phylogenomics;antiparasitic,chemistry;genomics;antiparasitic;primary_methods,7,pending_manual_review,retrieved
23085820,The effect of roots and media constituents on trichomes and artemisinin production in Artemisia annua L.,terpene_essential_oil;sesquiterpene_lactone;biosynthesis_genes;antiparasitic,chemistry;genomics;antiparasitic;primary_methods,7,pending_manual_review,retrieved
24413765,Transgenic approach to increase artemisinin content in Artemisia annua L.,terpene_essential_oil;sesquiterpene_lactone;biosynthesis_genes;genomics_phylogenomics;antiparasitic,chemistry;genomics;antiparasitic;primary_methods,7,pending_manual_review,retrieved
24689216,T-DNA insertion alters the terpenoid content composition and bioactivity of transgenic Artemisia annua.,terpene_essential_oil;diterpene_triterpene;biosynthesis_genes;genomics_phylogenomics;antiparasitic,chemistry;genomics;antiparasitic;primary_methods,7,pending_manual_review,retrieved
25194528,Transcriptome responses involved in artemisinin production in Artemisia annua L. under UV-B radiation.,terpene_essential_oil;sesquiterpene_lactone;biosynthesis_genes;genomics_phylogenomics;antiparasitic,chemistry;genomics;antiparasitic;primary_methods,7,pending_manual_review,retrieved
25576188,OSC2 and CYP716A14v2 catalyze the biosynthesis of triterpenoids for the cuticle of aerial organs of Artemisia annua.,terpene_essential_oil;sesquiterpene_lactone;diterpene_triterpene;biosynthesis_genes;genomics_phylogenomics;antiparasitic,chemistry;genomics;antiparasitic;primary_methods,7,pending_manual_review,retrieved
25616735,The activity of the artemisinic aldehyde Δ11(13) reductase promoter is important for artemisinin yield in different chemotypes of Artemisia annua L.,terpene_essential_oil;sesquiterpene_lactone;biosynthesis_genes;genomics_phylogenomics;antiparasitic,chemistry;genomics;antiparasitic;primary_methods,7,pending_manual_review,retrieved
26444558,Genetic Transformation of Artemisia carvifolia Buch with rol Genes Enhances Artemisinin Accumulation.,terpene_essential_oil;sesquiterpene_lactone;biosynthesis_genes;antiparasitic,chemistry;genomics;antiparasitic;primary_methods,7,pending_manual_review,retrieved
27250562,"Artemisinin-based antimalarial research: application of biotechnology to the production of artemisinin, its mode of action, and the mechanism of resistance of Plasmodium parasites.",terpene_essential_oil;sesquiterpene_lactone;antiparasitic,chemistry;genomics;antiparasitic;primary_methods,7,pending_manual_review,retrieved
28001315,GLANDULAR TRICHOME-SPECIFIC WRKY 1 promotes artemisinin biosynthesis in Artemisia annua.,terpene_essential_oil;sesquiterpene_lactone;diterpene_triterpene;biosynthesis_genes;genomics_phylogenomics;antiparasitic,chemistry;genomics;antiparasitic;primary_methods,7,pending_manual_review,retrieved
28197158,Overexpression and Suppression of Artemisia annua 4-Hydroxy-3-Methylbut-2-enyl Diphosphate Reductase 1 Gene (AaHDR1) Differentially Regulate Artemisinin and Terpenoid Biosynthesis.,terpene_essential_oil;sesquiterpene_lactone;biosynthesis_genes;genomics_phylogenomics;antiparasitic,chemistry;genomics;antiparasitic;primary_methods,7,pending_manual_review,retrieved
28440881,Overexpression of a type-I isopentenyl pyrophosphate isomerase of Artemisia annua in the cytosol leads to high arteannuin B production and artemisinin increase.,terpene_essential_oil;sesquiterpene_lactone;biosynthesis_genes;antiparasitic,chemistry;genomics;antiparasitic;primary_methods,7,pending_manual_review,retrieved
29589124,Biotechnological approaches for artemisinin production in Artemisia.,terpene_essential_oil;sesquiterpene_lactone;biosynthesis_genes;genomics_phylogenomics;antiparasitic,chemistry;genomics;antiparasitic;primary_methods,7,pending_manual_review,retrieved
29936053,A phylogenetic road map to antimalarial Artemisia species.,terpene_essential_oil;sesquiterpene_lactone;genomics_phylogenomics;antiparasitic,chemistry;genomics;antiparasitic;primary_methods,7,pending_manual_review,retrieved
30486546,[Mechanism of high temperature promoting artemisinin biosynthesis in Artemisia annua].,terpene_essential_oil;sesquiterpene_lactone;biosynthesis_genes;genomics_phylogenomics;antiparasitic,chemistry;genomics;antiparasitic;primary_methods,7,pending_manual_review,retrieved
31417596,Flavonoid Versus Artemisinin Anti-malarial Activity in Artemisia annua Whole-Leaf Extracts.,sesquiterpene_lactone;biosynthesis_genes;genomics_phylogenomics;antiparasitic,chemistry;genomics;antiparasitic;primary_methods,7,pending_manual_review,retrieved
31552076,The YABBY Family Transcription Factor AaYABBY5 Directly Targets Cytochrome P450 Monooxygenase (CYP71AV1) and Double-Bond Reductase 2 (DBR2) Involved in Artemisinin Biosynthesis in Artemisia Annua.,sesquiterpene_lactone;biosynthesis_genes;antiparasitic,chemistry;genomics;antiparasitic;primary_methods,7,pending_manual_review,retrieved
31819713,"Identification and characterization of a novel sesquiterpene synthase, 4-amorphen-11-ol synthase, from Artemisia maritima.",sesquiterpene_lactone;biosynthesis_genes;antiparasitic,chemistry;genomics;antiparasitic;primary_methods,7,pending_manual_review,retrieved
31956504,Debottlenecking mevalonate pathway for antimalarial drug precursor amorphadiene biosynthesis in Yarrowia lipolytica.,sesquiterpene_lactone;biosynthesis_genes;antiparasitic,chemistry;genomics;antiparasitic;primary_methods,7,pending_manual_review,retrieved
32311217,Comprehensive Map of the Artemisia annua Proteome and Quantification of Differential Protein Expression in Chemotypes Producing High versus Low Content of Artemisinin.,terpene_essential_oil;sesquiterpene_lactone;biosynthesis_genes;genomics_phylogenomics;antiparasitic,chemistry;genomics;antiparasitic;primary_methods,7,pending_manual_review,retrieved
33260767,Genome-Wide Identification of WRKY Genes in Artemisia annua: Characterization of a Putative Ortholog of AtWRKY40.,terpene_essential_oil;sesquiterpene_lactone;biosynthesis_genes;genomics_phylogenomics;antiparasitic,chemistry;genomics;antiparasitic;primary_methods,7,pending_manual_review,retrieved
34848710,Transcriptional regulation of flavonoid biosynthesis in Artemisia annua by AaYABBY5.,terpene_essential_oil;biosynthesis_genes;antiparasitic,chemistry;genomics;antiparasitic;primary_methods,7,pending_manual_review,retrieved
35554686,"Isolation and characterization of AaZFP1, a C2H2 zinc finger protein that regulates the AaIPPI1 gene involved in artemisinin biosynthesis in Artemisia annua.",terpene_essential_oil;sesquiterpene_lactone;biosynthesis_genes;antiparasitic,chemistry;genomics;antiparasitic;primary_methods,7,pending_manual_review,retrieved
36119604,MADS-box gene AaSEP4 promotes artemisinin biosynthesis in Artemisia annua.,sesquiterpene_lactone;biosynthesis_genes;antiparasitic,chemistry;genomics;antiparasitic;primary_methods,7,pending_manual_review,retrieved
36271612,AabHLH113 integrates jasmonic acid and abscisic acid signaling to positively regulate artemisinin biosynthesis in Artemisia annua.,terpene_essential_oil;sesquiterpene_lactone;diterpene_triterpene;biosynthesis_genes;antiparasitic,chemistry;genomics;antiparasitic;primary_methods,7,pending_manual_review,retrieved
36311056,Artemisia annua L. plants lacking Bornyl diPhosphate Synthase reallocate carbon from monoterpenes to sesquiterpenes except artemisinin.,sesquiterpene_lactone;biosynthesis_genes;genomics_phylogenomics;antiparasitic,chemistry;genomics;antiparasitic;primary_methods,7,pending_manual_review,retrieved
36499227,A Discovery-Based Metabolomic Approach Using UPLC-Q-TOF-MS/MS Reveals Potential Antimalarial Compounds Present in Artemisia annua L.,terpene_essential_oil;sesquiterpene_lactone;biosynthesis_genes;antiparasitic,chemistry;genomics;antiparasitic;primary_methods,7,pending_manual_review,retrieved
37731862,Promoter variations in DBR2-like affect artemisinin production in different chemotypes of Artemisia annua.,terpene_essential_oil;sesquiterpene_lactone;biosynthesis_genes;genomics_phylogenomics;antiparasitic;safety,chemistry;genomics;antiparasitic;primary_methods,7,pending_manual_review,retrieved
39368573,Increased artemisinin production in Artemisia annua L. by co-overexpression of six key biosynthetic enzymes.,terpene_essential_oil;sesquiterpene_lactone;biosynthesis_genes;antiparasitic,chemistry;genomics;antiparasitic;primary_methods,7,pending_manual_review,retrieved
41147465,Jasmonate-Activated AaWRKY9-AabHLH93/AabHLH93-AaMYB7 Complexes Balance Artemisinin Biosynthesis in Artemisia annua.,terpene_essential_oil;sesquiterpene_lactone;biosynthesis_genes;antiparasitic,chemistry;genomics;antiparasitic;primary_methods,7,pending_manual_review,retrieved
10665980,Current status of artemisinin and its derivatives as antimalarial drugs.,terpene_essential_oil;sesquiterpene_lactone;biosynthesis_genes;antiparasitic;safety,genomics;antiparasitic;safety;primary_methods,6,pending_manual_review,retrieved
11784134,Structure-activity relationships of the antimalarial agent artemisinin. 6. The development of predictive in vitro potency models using CoMFA and HQSAR methodologies.,terpene_essential_oil;sesquiterpene_lactone;antiparasitic,chemistry;antiparasitic;safety;primary_methods,6,pending_manual_review,retrieved
11833740,Simple and rapid physico-chemical methods to examine action of antimalarial drugs with hemin: its application to Artemisia annua constituents.,terpene_essential_oil;sesquiterpene_lactone;antiparasitic;safety,chemistry;antiparasitic;safety;primary_methods,6,pending_manual_review,retrieved
15595609,Progress in the research of artemisinin and its analogues as antimalarials: an update.,terpene_essential_oil;sesquiterpene_lactone;antiparasitic;safety,chemistry;antiparasitic;safety;primary_methods,6,pending_manual_review,retrieved
15678372,Identification of intermediates and enzymes involved in the early steps of artemisinin biosynthesis in Artemisia annua.,terpene_essential_oil;sesquiterpene_lactone;biosynthesis_genes;antiparasitic,chemistry;genomics;antiparasitic,6,pending_manual_review,retrieved
16488585,Simultaneous analysis of artemisinin and flavonoids of several extracts of Artemisia annua L. obtained from a commercial sample and a selected cultivar.,terpene_essential_oil;sesquiterpene_lactone;antiparasitic;safety,chemistry;antiparasitic;safety;primary_methods,6,pending_manual_review,retrieved
16724836,"Cyclization mechanism of amorpha-4,11-diene synthase, a key enzyme in artemisinin biosynthesis.",terpene_essential_oil;sesquiterpene_lactone;biosynthesis_genes;antiparasitic,chemistry;genomics;antiparasitic,6,pending_manual_review,retrieved
17236047,"Artemisinin, Related Sesquiterpenes, and Essential Oil in Artemisia annua During a Vegetation Period in Vietnam.",terpene_essential_oil;sesquiterpene_lactone;antiparasitic,chemistry;genomics;antiparasitic,6,pending_manual_review,retrieved
17578608,Effects of arbuscular mycorrhiza and phosphorus application on artemisinin concentration in Artemisia annua L.,terpene_essential_oil;sesquiterpene_lactone;biosynthesis_genes;antiparasitic,chemistry;genomics;antiparasitic,6,pending_manual_review,retrieved
18576826,Natural sesquiterpene lactones are active against Leishmania mexicana.,terpene_essential_oil;sesquiterpene_lactone;antiparasitic,chemistry;antiparasitic;safety;primary_methods,6,pending_manual_review,retrieved
19007951,Sesquiterpene lactones from the endemic Cape Verdean Artemisia gorgonum.,terpene_essential_oil;sesquiterpene_lactone;biosynthesis_genes,chemistry;antiparasitic;safety;primary_methods,6,pending_manual_review,retrieved
19548188,Secondary metabolic profiling and artemisinin biosynthesis of two genotypes of Artemisia annua.,terpene_essential_oil;sesquiterpene_lactone;biosynthesis_genes;antiparasitic,chemistry;genomics;antiparasitic,6,pending_manual_review,retrieved
20397218,"Essential-oil composition, antileishmanial, and toxicity study of Artemisia abyssinica and Satureja punctata ssp. punctata from Ethiopia.",terpene_essential_oil;antiparasitic;safety,chemistry;antiparasitic;safety;primary_methods,6,pending_manual_review,retrieved
20486073,The molecular cloning of dihydroartemisinic aldehyde reductase and its implication in artemisinin biosynthesis in Artemisia annua.,terpene_essential_oil;sesquiterpene_lactone;biosynthesis_genes;genomics_phylogenomics;antiparasitic,chemistry;genomics;antiparasitic,6,pending_manual_review,retrieved
20491066,"Computational analysis of the evolution of 1-deoxy-D-xylulose-5-phosphate Reductoisomerase, an important enzyme in plant terpene biosynthesis.",terpene_essential_oil;sesquiterpene_lactone;biosynthesis_genes;genomics_phylogenomics;antiparasitic,chemistry;genomics;antiparasitic,6,pending_manual_review,retrieved
21360406,Artemisinin evaluation in Romanian Artemisia annua wild plants using a new HPLC/MS method.,terpene_essential_oil;sesquiterpene_lactone;antiparasitic;safety,chemistry;antiparasitic;safety;primary_methods,6,pending_manual_review,retrieved
21480507,In vitro evaluation of antileishmanial activity and toxicity of essential oils of Artemisia absinthium and Echinops kebericho.,terpene_essential_oil;sesquiterpene_lactone;antiparasitic;safety,chemistry;antiparasitic;safety;primary_methods,6,pending_manual_review,retrieved
21643453,Artemisinin production in Artemisia annua: studies in planta and results of a novel delivery method for treating malaria and other neglected diseases.,sesquiterpene_lactone;biosynthesis_genes;antiparasitic,chemistry;genomics;antiparasitic,6,pending_manual_review,retrieved
21831619,Cytotoxic activity of secondary metabolites derived from Artemisia annua L. towards cancer cells in comparison to its designated active constituent artemisinin.,terpene_essential_oil;sesquiterpene_lactone;antiparasitic,chemistry;antiparasitic;safety;primary_methods,6,pending_manual_review,retrieved
22315701,Antimalarial Effects of Iranian Flora Artemisia sieberi on Plasmodium berghei In Vivo in Mice and Phytochemistry Analysis of Its Herbal Extracts.,antiparasitic;safety,chemistry;antiparasitic;safety;primary_methods,6,pending_manual_review,retrieved
22347230,In Vivo Antimalarial Effects of Iranian Flora Artemisia khorassanica against Plasmodium berghei and Pharmacochemistry of its Natural Components.,antiparasitic;safety,chemistry;antiparasitic;safety;primary_methods,6,pending_manual_review,retrieved
22928313,Fumigant toxicity of plant essential oils against Camptomyia corticalis (Diptera: Cecidomyiidae).,terpene_essential_oil;antiparasitic;safety,chemistry;antiparasitic;safety;primary_methods,6,pending_manual_review,retrieved
23575629,High-level semi-synthetic production of the potent antimalarial artemisinin.,terpene_essential_oil;sesquiterpene_lactone;biosynthesis_genes;antiparasitic,chemistry;genomics;antiparasitic,6,pending_manual_review,retrieved
23607933,"Toxic essential oils. Part II: chemical, toxicological, pharmacological and microbiological profiles of Artemisia annua L. volatiles.",terpene_essential_oil;sesquiterpene_lactone;antiparasitic;safety,chemistry;antiparasitic;safety;primary_methods,6,pending_manual_review,retrieved
23703440,Comparison of antimalarial activity of Artemisia turanica extract with current drugs in vivo.,antiparasitic;safety,chemistry;antiparasitic;safety;primary_methods,6,pending_manual_review,retrieved
25505453,Leishmanicidal activities of Artemisia annua leaf essential oil against Visceral Leishmaniasis.,terpene_essential_oil;antiparasitic;safety,chemistry;antiparasitic;safety;primary_methods,6,pending_manual_review,retrieved
25632489,Chemistry and leishmanicidal activity of the essential oil from Artemisia absinthium from Cuba.,terpene_essential_oil;antiparasitic,chemistry;antiparasitic;safety;primary_methods,6,pending_manual_review,retrieved
27085357,Effect of Rol Genes on Polyphenols Biosynthesis in Artemisia annua and Their Effect on Antioxidant and Cytotoxic Potential of the Plant.,biosynthesis_genes;genomics_phylogenomics,chemistry;genomics;safety;primary_methods,6,pending_manual_review,retrieved
27273626,"Functional Analysis of Amorpha-4,11-Diene Synthase (ADS) Homologs from Non-Artemisinin-Producing Artemisia Species: The Discovery of Novel Koidzumiol and (+)-α-Bisabolol Synthases.",terpene_essential_oil;sesquiterpene_lactone;biosynthesis_genes;genomics_phylogenomics;antiparasitic,chemistry;genomics;antiparasitic,6,pending_manual_review,retrieved
27930305,Artemisia annua mutant impaired in artemisinin synthesis demonstrates importance of nonenzymatic conversion in terpenoid metabolism.,terpene_essential_oil;sesquiterpene_lactone;biosynthesis_genes;antiparasitic;safety,chemistry;genomics;safety;primary_methods,6,pending_manual_review,retrieved
28642094,Investigation of the component in Artemisia annua L. leading to enhanced antiplasmodial potency of artemisinin via regulation of its metabolism.,terpene_essential_oil;sesquiterpene_lactone;biosynthesis_genes;antiparasitic;safety,chemistry;antiparasitic;safety;primary_methods,6,pending_manual_review,retrieved
30529847,"Artemisianins A-D, new stereoisomers of seco-guaianolide involved heterodimeric [4+2] adducts from Artemisia argyi induce apoptosis via enhancement of endoplasmic reticulum stress.",terpene_essential_oil;sesquiterpene_lactone;biosynthesis_genes,chemistry;genomics;safety;primary_methods,6,pending_manual_review,retrieved
32302133,"Bioactive seco-Sativene Sesquiterpenoids from an Artemisia desertorum Endophytic Fungus, Cochliobolus sativus.",terpene_essential_oil,chemistry;genomics;safety;primary_methods,6,pending_manual_review,retrieved
32545512,Pharmacological Evaluation of Artemisia cina Crude CO(2) Subcritical Extract after the Removal of Santonin by Means of High Speed Countercurrent Chromatography.,terpene_essential_oil;sesquiterpene_lactone;antiparasitic;safety,chemistry;antiparasitic;safety;primary_methods,6,pending_manual_review,retrieved
32670352,Insecticidal Activity of Artemisia vulgaris Essential Oil and Transcriptome Analysis of Tribolium castaneum in Response to Oil Exposure.,terpene_essential_oil;biosynthesis_genes;genomics_phylogenomics;safety,chemistry;genomics;safety;primary_methods,6,pending_manual_review,retrieved
33089682,Artatrovirenols A and B: Two Cagelike Sesquiterpenoids from Artemisia atrovirens.,terpene_essential_oil,chemistry;genomics;safety;primary_methods,6,pending_manual_review,retrieved
35856479,Phytochemical study of Seriphidium khorassanicum (syn. Artemisia khorassanica) aerial parts: sesquiterpene lactones with anti-protozoal activity.,terpene_essential_oil;sesquiterpene_lactone;safety,chemistry;antiparasitic;safety;primary_methods,6,pending_manual_review,retrieved
36014318,Sesquiterpenes from Artemisia annua and Their Cytotoxic Activities.,terpene_essential_oil;antiparasitic,chemistry;antiparasitic;safety;primary_methods,6,pending_manual_review,retrieved
38135228,"Targeted screening of the synergistic components in Artemisia annua L. leading to enhanced antiplasmodial potency of artemisinin based on a ""top down"" PD-PK approach.",terpene_essential_oil;sesquiterpene_lactone;biosynthesis_genes;antiparasitic;safety,chemistry;antiparasitic;safety;primary_methods,6,pending_manual_review,retrieved
38143104,Artemdubinoids A-N: novel sesquiterpenoids with antihepatoma cytotoxicity from Artemisia dubia.,terpene_essential_oil;sesquiterpene_lactone,chemistry;genomics;safety;primary_methods,6,pending_manual_review,retrieved
38414837,Advanced metabolic engineering strategies for increasing artemisinin yield in Artemisia annua L.,sesquiterpene_lactone;biosynthesis_genes;antiparasitic,chemistry;genomics;antiparasitic,6,pending_manual_review,retrieved
39330912,Antimalarial Mechanisms and Resistance Status of Artemisinin and Its Derivatives.,sesquiterpene_lactone;antiparasitic;safety,chemistry;antiparasitic;safety;primary_methods,6,pending_manual_review,retrieved
39366156,Artemisia Argyi essential oil ameliorates acetaminophen-induced hepatotoxicity via CYP2E1 and γ-glutamyl cycle reprogramming.,terpene_essential_oil;biosynthesis_genes;safety,chemistry;genomics;safety;primary_methods,6,pending_manual_review,retrieved
40116969,Engineering scutellarin biosynthesis in Artemisia annua.,terpene_essential_oil;sesquiterpene_lactone;biosynthesis_genes;antiparasitic,chemistry;genomics;antiparasitic,6,pending_manual_review,retrieved
40223241,Mechanistic Insights into the Nonenzymatic Biosynthesis of Artemisinin and Related Natural Products: A Quantum Chemical Study.,terpene_essential_oil;sesquiterpene_lactone;biosynthesis_genes;antiparasitic,chemistry;genomics;antiparasitic,6,pending_manual_review,retrieved
40451013,"Discovery of antileishmanial compounds from Artemisia umbelliformis subsp. eriantha using HeteroCovariance Approach, HetCA.",antiparasitic;safety,chemistry;antiparasitic;safety;primary_methods,6,pending_manual_review,retrieved
40712687,Discovery of rearranged eudesmane-type sesquiterpenes from Artemisia tournefortiana.,terpene_essential_oil;biosynthesis_genes,chemistry;genomics;safety;primary_methods,6,pending_manual_review,retrieved
40804211,Synergistic formulation of Artemisia essential oils in beta-cyclodextrin: in vitro and in silico analysis of insecticidal activity against Culex pipiens.,terpene_essential_oil;safety,chemistry;antiparasitic;safety;primary_methods,6,pending_manual_review,retrieved
40901832,Cadinapyridine sesquiterpene alkaloids from Artemisia annua and in vitro cytotoxicity and antiplasmodial activities.,terpene_essential_oil;sesquiterpene_lactone;antiparasitic,chemistry;antiparasitic;safety;primary_methods,6,pending_manual_review,retrieved
41028755,Single-nucleus transcriptomics reveal the morphogenesis and artemisinin biosynthesis in Artemisia annua glandular trichomes.,terpene_essential_oil;sesquiterpene_lactone;biosynthesis_genes;genomics_phylogenomics;antiparasitic,chemistry;genomics;antiparasitic,6,pending_manual_review,retrieved
41241305,Artemisinin attenuates quinolinic acid-induced neurotoxicity by suppressing neuroinflammatory and apoptotic gene expression in rats.,terpene_essential_oil;sesquiterpene_lactone;biosynthesis_genes;antiparasitic;safety,chemistry;antiparasitic;safety;primary_methods,6,pending_manual_review,retrieved
41643954,Mechanistic insights and functional evaluation of an Artemisia annua essential oil nanoemulsion for antibacterial topical application against Staphylococcus aureus.,terpene_essential_oil;biosynthesis_genes;safety,chemistry;genomics;safety;primary_methods,6,pending_manual_review,retrieved
41655570,Chemical Diversity and Biological Activities of the Artemisia L. Genus Beyond Antimalarial Effects.,terpene_essential_oil;sesquiterpene_lactone;antiparasitic;safety,chemistry;antiparasitic;safety;primary_methods,6,pending_manual_review,retrieved
41877968,"Chemical composition and larvicidal efficacy of essential oils from three artemisia species endemic to the Mediterranean region against Culex pipiens (L.), insecticide-resistant vector: in vivo and in silico studies.",terpene_essential_oil;safety,chemistry;antiparasitic;safety;primary_methods,6,pending_manual_review,retrieved
42507277,Chemical Profile and Insecticidal Properties of Essential Oil Obtained from Algerian Artemisia herba-alba Leaves.,terpene_essential_oil;safety,chemistry;antiparasitic;safety;primary_methods,6,pending_manual_review,retrieved
42652491,Bioactivity of Artemisia dracunculus and A. absinthium Essential Oils Against Stored Product Insect Pests and Root-Knot Nematodes.,safety,chemistry;antiparasitic;safety;primary_methods,6,pending_manual_review,retrieved
7951130,Progress in the research of artemisinin-related antimalarials: an update.,terpene_essential_oil;sesquiterpene_lactone;biosynthesis_genes;antiparasitic;safety,chemistry;antiparasitic;safety;primary_methods,6,pending_manual_review,retrieved
10096851,Isolation and identification of dihydroartemisinic acid from artemisia annua and its possible role in the biosynthesis of artemisinin.,sesquiterpene_lactone;biosynthesis_genes,chemistry;genomics;primary_methods,5,pending_manual_review,retrieved
10479327,Isolation and identification of dihydroartemisinic acid hydroperoxide from artemisia annua: A novel biosynthetic precursor of artemisinin.,sesquiterpene_lactone,chemistry;genomics;primary_methods,5,pending_manual_review,retrieved
10486140,"Cloning, expression, and characterization of epi-cedrol synthase, a sesquiterpene cyclase from Artemisia annua L.",terpene_essential_oil;sesquiterpene_lactone;biosynthesis_genes;antiparasitic,chemistry;genomics;primary_methods,5,pending_manual_review,retrieved
11032404,"Molecular cloning, expression, and characterization of amorpha-4,11-diene synthase, a key enzyme of artemisinin biosynthesis in Artemisia annua L.",terpene_essential_oil;sesquiterpene_lactone;biosynthesis_genes;genomics_phylogenomics;antiparasitic,chemistry;genomics;primary_methods,5,pending_manual_review,retrieved
12135497,"Fusion of farnesyldiphosphate synthase and epi-aristolochene synthase, a sesquiterpene cyclase involved in capsidiol biosynthesis in Nicotiana tabacum.",terpene_essential_oil;biosynthesis_genes;genomics_phylogenomics,chemistry;genomics;primary_methods,5,pending_manual_review,retrieved
12889030,Scale-up of Artemisia annua L. hairy root cultures produces complex patterns of terpenoid gene expression.,terpene_essential_oil;sesquiterpene_lactone;biosynthesis_genes;antiparasitic,chemistry;genomics;primary_methods,5,pending_manual_review,retrieved
1431937,Stereoselective synthesis and antimalarial activity of alpha-artelinic acid from artemisinin.,terpene_essential_oil;sesquiterpene_lactone;antiparasitic,chemistry;antiparasitic;primary_methods,5,pending_manual_review,retrieved
15381410,"Biosynthesis of the irregular monoterpene artemisia ketone, the sesquiterpene germacrene D and other isoprenoids in Tanacetum vulgare L. (Asteraceae).",terpene_essential_oil;diterpene_triterpene;biosynthesis_genes;safety,chemistry;genomics;safety,5,pending_manual_review,retrieved
16579958,Isoprenoid biosynthesis in Artemisia annua: cloning and heterologous expression of a germacrene A synthase from a glandular trichome cDNA library.,terpene_essential_oil;sesquiterpene_lactone;biosynthesis_genes;antiparasitic,chemistry;genomics;primary_methods,5,pending_manual_review,retrieved
16719805,"From artemisinin to new artemisinin antimalarials: biosynthesis, extraction, old and new derivatives, stereochemistry and medicinal chemistry requirements.",terpene_essential_oil;sesquiterpene_lactone;biosynthesis_genes;antiparasitic,genomics;antiparasitic;safety,5,pending_manual_review,retrieved
16773335,Artemisinin: current state and perspectives for biotechnological production of an antimalarial drug.,terpene_essential_oil;sesquiterpene_lactone;biosynthesis_genes;antiparasitic,genomics;antiparasitic;primary_methods,5,pending_manual_review,retrieved
16787028,Chemical composition of the essential oils of serbian wild-growing Artemisia absinthium and Artemisia vulgaris.,terpene_essential_oil,chemistry;genomics;primary_methods,5,pending_manual_review,retrieved
16908191,Improved conditions for production of recombinant plant sesquiterpene synthases in Escherichia coli.,biosynthesis_genes,chemistry;genomics;primary_methods,5,pending_manual_review,retrieved
17342606,"Artemisitene, a New Sesquiterpene Lactone Endoperoxide from Artemisia annua.",sesquiterpene_lactone;antiparasitic,chemistry;antiparasitic;primary_methods,5,pending_manual_review,retrieved
18336574,Engineering triterpene production in Saccharomyces cerevisiae-beta-amyrin synthase from Artemisia annua.,terpene_essential_oil;diterpene_triterpene;biosynthesis_genes,chemistry;genomics;primary_methods,5,pending_manual_review,retrieved
18495659,The molecular cloning of artemisinic aldehyde Delta11(13) reductase and its role in glandular trichome-dependent biosynthesis of artemisinin in Artemisia annua.,terpene_essential_oil;sesquiterpene_lactone;biosynthesis_genes;genomics_phylogenomics;antiparasitic,genomics;antiparasitic;primary_methods,5,pending_manual_review,retrieved
18564056,"Development of transgenic Artemisia annua (Chinese wormwood) plants with an enhanced content of artemisinin, an effective anti-malarial drug, by hairpin-RNA-mediated gene silencing.",terpene_essential_oil;sesquiterpene_lactone;diterpene_triterpene;biosynthesis_genes;antiparasitic,chemistry;genomics;primary_methods,5,pending_manual_review,retrieved
19066864,Development of a sensitive monoclonal antibody-based enzyme-linked immunosorbent assay for the antimalaria active ingredient artemisinin in the Chinese herb Artemisia annua L.,terpene_essential_oil;sesquiterpene_lactone;antiparasitic,chemistry;antiparasitic;primary_methods,5,pending_manual_review,retrieved
19551612,Isolation and identification of novel genes involved in artemisinin production from flowers of Artemisia annua using suppression subtractive hybridization and metabolite analysis.,terpene_essential_oil;sesquiterpene_lactone;biosynthesis_genes;genomics_phylogenomics;antiparasitic,genomics;antiparasitic;primary_methods,5,pending_manual_review,retrieved
19551613,Overexpression of the HMG-CoA reductase gene leads to enhanced artemisinin biosynthesis in transgenic Artemisia annua plants.,terpene_essential_oil;sesquiterpene_lactone;biosynthesis_genes;genomics_phylogenomics;antiparasitic,genomics;antiparasitic;primary_methods,5,pending_manual_review,retrieved
19664791,Localization of enzymes of artemisinin biosynthesis to the apical cells of glandular secretory trichomes of Artemisia annua L.,terpene_essential_oil;sesquiterpene_lactone;biosynthesis_genes;antiparasitic,genomics;antiparasitic;primary_methods,5,pending_manual_review,retrieved
19818120,Global characterization of Artemisia annua glandular trichome transcriptome using 454 pyrosequencing.,terpene_essential_oil;sesquiterpene_lactone;biosynthesis_genes;genomics_phylogenomics;antiparasitic,chemistry;genomics;primary_methods,5,pending_manual_review,retrieved
19880398,"Isolation and characterization of AaWRKY1, an Artemisia annua transcription factor that regulates the amorpha-4,11-diene synthase gene, a key gene of artemisinin biosynthesis.",terpene_essential_oil;sesquiterpene_lactone;biosynthesis_genes;genomics_phylogenomics;antiparasitic,genomics;antiparasitic;primary_methods,5,pending_manual_review,retrieved
19932496,Artemisinin biosynthesis in growing plants of Artemisia annua. A 13CO2 study.,terpene_essential_oil;sesquiterpene_lactone;biosynthesis_genes;antiparasitic,chemistry;genomics;primary_methods,5,pending_manual_review,retrieved
19941257,Senescent leaves of Artemisia annua are one of the most active organs for overexpression of artemisinin biosynthesis responsible genes upon burst of singlet oxygen.,terpene_essential_oil;sesquiterpene_lactone;biosynthesis_genes;antiparasitic,chemistry;genomics;primary_methods,5,pending_manual_review,retrieved
20050663,"Drying affects artemisinin, dihydroartemisinic acid, artemisinic acid, and the antioxidant capacity of Artemisia annua L. leaves.",terpene_essential_oil;sesquiterpene_lactone;biosynthesis_genes;antiparasitic,genomics;antiparasitic;primary_methods,5,pending_manual_review,retrieved
20621795,A glandular trichome-specific monoterpene alcohol dehydrogenase from Artemisia annua.,terpene_essential_oil;biosynthesis_genes,chemistry;genomics;primary_methods,5,pending_manual_review,retrieved
20943323,Effects of artemisinin and Artemisia extracts on Haemonchus contortus in gerbils (Meriones unguiculatus).,terpene_essential_oil;sesquiterpene_lactone;antiparasitic,chemistry;antiparasitic;safety,5,pending_manual_review,retrieved
21267809,Chemotype-dependent metabolic response to methyl jasmonate elicitation in Artemisia annua.,terpene_essential_oil;sesquiterpene_lactone;diterpene_triterpene;biosynthesis_genes;antiparasitic,chemistry;genomics;primary_methods,5,pending_manual_review,retrieved
21341725,"Stereolability of dihydroartemisinin, an antimalarial drug: a comprehensive thermodynamic investigation. Part 1.",terpene_essential_oil;sesquiterpene_lactone;antiparasitic,chemistry;antiparasitic;primary_methods,5,pending_manual_review,retrieved
21388533,Relative expression of genes of terpene metabolism in different tissues of Artemisia annua L.,terpene_essential_oil;sesquiterpene_lactone;biosynthesis_genes;genomics_phylogenomics;antiparasitic,chemistry;genomics;primary_methods,5,pending_manual_review,retrieved
21614500,Characterization of development and artemisinin biosynthesis in self-pollinated Artemisia annua plants.,terpene_essential_oil;sesquiterpene_lactone;biosynthesis_genes;antiparasitic,chemistry;genomics;primary_methods,5,pending_manual_review,retrieved
21655998,"Over-expression of HMG-CoA reductase and amorpha-4,11-diene synthase genes in Artemisia annua L. and its influence on artemisinin content.",terpene_essential_oil;sesquiterpene_lactone;biosynthesis_genes;genomics_phylogenomics;antiparasitic,chemistry;antiparasitic;primary_methods,5,pending_manual_review,retrieved
21710305,"Arsenic-induced changes in morphological, physiological, and biochemical attributes and artemisinin biosynthesis in Artemisia annua, an antimalarial plant.",terpene_essential_oil;sesquiterpene_lactone;biosynthesis_genes;antiparasitic;safety,genomics;antiparasitic;safety,5,pending_manual_review,retrieved
22019553,UV-B and UV-C pre-treatments induce physiological changes and artemisinin biosynthesis in Artemisia annua L. - an antimalarial plant.,terpene_essential_oil;sesquiterpene_lactone;biosynthesis_genes;antiparasitic,genomics;antiparasitic;primary_methods,5,pending_manual_review,retrieved
22104293,The jasmonate-responsive AP2/ERF transcription factors AaERF1 and AaERF2 positively regulate artemisinin biosynthesis in Artemisia annua L.,terpene_essential_oil;sesquiterpene_lactone;biosynthesis_genes;genomics_phylogenomics;antiparasitic,chemistry;genomics;primary_methods,5,pending_manual_review,retrieved
22195571,Trichome isolation with and without fixation using laser microdissection and pressure catapulting followed by RNA amplification: expression of genes of terpene metabolism in apical and sub-apical trichome cells of Artemisia annua L.,terpene_essential_oil;sesquiterpene_lactone;biosynthesis_genes;genomics_phylogenomics;antiparasitic,chemistry;genomics;primary_methods,5,pending_manual_review,retrieved
22247290,"Production of amorphadiene in yeast, and its conversion to dihydroartemisinic acid, precursor to the antimalarial agent artemisinin.",terpene_essential_oil;sesquiterpene_lactone;biosynthesis_genes;genomics_phylogenomics;antiparasitic,chemistry;antiparasitic;primary_methods,5,pending_manual_review,retrieved
22565787,Functional expression and characterization of sesquiterpene synthases from Artemisia annua L. using transient expression system in Nicotiana benthamiana.,terpene_essential_oil;sesquiterpene_lactone;biosynthesis_genes,chemistry;genomics;primary_methods,5,pending_manual_review,retrieved
22978232,Cytokinin and auxin effect on the terpenoid profile of the essential oil and morphological characteristics of shoot cultures of Artemisia alba.,terpene_essential_oil;biosynthesis_genes,chemistry;genomics;primary_methods,5,pending_manual_review,retrieved
22986092,First-time comparison of the in vitro antimalarial activity of Artemisia annua herbal tea and artemisinin.,terpene_essential_oil;sesquiterpene_lactone;antiparasitic,chemistry;antiparasitic;primary_methods,5,pending_manual_review,retrieved
23351974,In vitro ovicidal and larvicidal activity of the essential oil of Artemisia lancea against Haemonchus contortus (Strongylida).,terpene_essential_oil;antiparasitic,chemistry;antiparasitic;primary_methods,5,pending_manual_review,retrieved
23573249,Differentially expressed genes during contrasting growth stages of Artemisia annua for artemisinin content.,terpene_essential_oil;sesquiterpene_lactone;biosynthesis_genes;genomics_phylogenomics;antiparasitic,genomics;antiparasitic;primary_methods,5,pending_manual_review,retrieved
23638869,The metabolite chemotype of Nicotiana benthamiana transiently expressing artemisinin biosynthetic pathway genes is a function of CYP71AV1 type and relative gene dosage.,terpene_essential_oil;sesquiterpene_lactone;diterpene_triterpene;biosynthesis_genes;antiparasitic,chemistry;genomics;primary_methods,5,pending_manual_review,retrieved
23698765,Transcriptome analysis of Thapsia laciniata Rouy provides insights into terpenoid biosynthesis and diversity in Apiaceae.,terpene_essential_oil;sesquiterpene_lactone;biosynthesis_genes;genomics_phylogenomics,chemistry;genomics;primary_methods,5,pending_manual_review,retrieved
23744425,"Effects of sesquiterpene, flavonoid and coumarin types of compounds from Artemisia annua L. on production of mediators of angiogenesis.",terpene_essential_oil;sesquiterpene_lactone;biosynthesis_genes;antiparasitic,chemistry;antiparasitic;primary_methods,5,pending_manual_review,retrieved
24213368,Antimalarial activity of Artemisia annua flavonoids from whole plants and cell cultures.,sesquiterpene_lactone;antiparasitic,chemistry;antiparasitic;primary_methods,5,pending_manual_review,retrieved
24278301,Studies on the expression of sesquiterpene synthases using promoter-β-glucuronidase fusions in transgenic Artemisia annua L.,terpene_essential_oil;sesquiterpene_lactone;biosynthesis_genes;genomics_phylogenomics,chemistry;genomics;primary_methods,5,pending_manual_review,retrieved
24359620,Differential transcriptome analysis of glandular and filamentous trichomes in Artemisia annua.,terpene_essential_oil;sesquiterpene_lactone;biosynthesis_genes;genomics_phylogenomics,chemistry;genomics;primary_methods,5,pending_manual_review,retrieved
24367814,"Arsenic, chromium and NaCl induced artemisinin biosynthesis in Artemisia annua L.: a valuable antimalarial plant.",terpene_essential_oil;sesquiterpene_lactone;biosynthesis_genes;antiparasitic,genomics;antiparasitic;primary_methods,5,pending_manual_review,retrieved
24500733,Potential ecological roles of artemisinin produced by Artemisia annua L.,terpene_essential_oil;sesquiterpene_lactone;biosynthesis_genes;antiparasitic;safety,chemistry;antiparasitic;safety,5,pending_manual_review,retrieved
24642483,Overexpression of allene oxide cyclase improves the biosynthesis of artemisinin in Artemisia annua L.,terpene_essential_oil;sesquiterpene_lactone;biosynthesis_genes;antiparasitic,chemistry;genomics;primary_methods,5,pending_manual_review,retrieved
24914289,Stereo and region-selective biosynthesis of two new dihydroartemisinic acid glycosides by suspension-cultured cells of Artemisia annua.,biosynthesis_genes,chemistry;genomics;primary_methods,5,pending_manual_review,retrieved
25022207,Natural sesquiterpene lactones induce programmed cell death in Trypanosoma cruzi: a new therapeutic target?,terpene_essential_oil;sesquiterpene_lactone;antiparasitic,chemistry;antiparasitic;primary_methods,5,pending_manual_review,retrieved
25127023,Chemical composition and biological effects of Artemisia maritima and Artemisia nilagirica essential oils from wild plants of western Himalaya.,terpene_essential_oil,chemistry;antiparasitic;primary_methods,5,pending_manual_review,retrieved
25136654,Inducing effect of dihydroartemisinic acid in the biosynthesis of artemisinins with cultured cells of Artemisia annua by enhancing the expression of genes.,terpene_essential_oil;sesquiterpene_lactone;biosynthesis_genes;antiparasitic,chemistry;genomics;primary_methods,5,pending_manual_review,retrieved
25210306,New Sesquiterpene and Polymethoxy-Flavonoids from Artemisia annua L.,sesquiterpene_lactone;antiparasitic,chemistry;antiparasitic;primary_methods,5,pending_manual_review,retrieved
25518337,[Enhancement of artemisinin biosynthesis in transgenic Artemisia annua L. by overexpressed HDR and ADS genes].,terpene_essential_oil;sesquiterpene_lactone;biosynthesis_genes;genomics_phylogenomics;antiparasitic,chemistry;genomics;primary_methods,5,pending_manual_review,retrieved
25578280,"A basic leucine zipper transcription factor, AabZIP1, connects abscisic acid signaling with artemisinin biosynthesis in Artemisia annua.",terpene_essential_oil;sesquiterpene_lactone;biosynthesis_genes;genomics_phylogenomics;antiparasitic,chemistry;genomics;primary_methods,5,pending_manual_review,retrieved
25705665,Engineering isoprenoid biosynthesis in Artemisia annua L. for the production of taxadiene: a key intermediate of taxol.,terpene_essential_oil;sesquiterpene_lactone;diterpene_triterpene;biosynthesis_genes,chemistry;genomics;primary_methods,5,pending_manual_review,retrieved
25983739,The bZIP transcription factor HY5 interacts with the promoter of the monoterpene synthase gene QH6 in modulating its rhythmic expression.,genomics_phylogenomics,chemistry;genomics;primary_methods,5,pending_manual_review,retrieved
26107187,"Trypanocidal, trichomonacidal and cytotoxic components of cultivated Artemisia absinthium Linnaeus (Asteraceae) essential oil.",terpene_essential_oil;antiparasitic,chemistry;antiparasitic;safety,5,pending_manual_review,retrieved
26156581,Proteomic analysis of Artemisia annua--towards elucidating the biosynthetic pathways of the antimalarial pro-drug artemisinin.,terpene_essential_oil;sesquiterpene_lactone;biosynthesis_genes;genomics_phylogenomics;antiparasitic,genomics;antiparasitic;primary_methods,5,pending_manual_review,retrieved
26192869,A Genome-Wide Scenario of Terpene Pathways in Self-pollinated Artemisia annua.,terpene_essential_oil;sesquiterpene_lactone;diterpene_triterpene;biosynthesis_genes;genomics_phylogenomics;antiparasitic,chemistry;genomics;primary_methods,5,pending_manual_review,retrieved
26340706,T-shaped trichome-specific expression of monoterpene synthase ADH2 using promoter-β-GUS fusion in transgenic Artemisia annua L.,terpene_essential_oil;sesquiterpene_lactone;biosynthesis_genes;genomics_phylogenomics,chemistry;genomics;primary_methods,5,pending_manual_review,retrieved
26360801,Expression of β-glucosidase increases trichome density and artemisinin content in transgenic Artemisia annua plants.,terpene_essential_oil;sesquiterpene_lactone;biosynthesis_genes;genomics_phylogenomics;antiparasitic,genomics;antiparasitic;primary_methods,5,pending_manual_review,retrieved
26476297,Multivariate data analysis and metabolic profiling of artemisinin and related compounds in high yielding varieties of Artemisia annua field-grown in Madagascar.,sesquiterpene_lactone;biosynthesis_genes,chemistry;genomics;primary_methods,5,pending_manual_review,retrieved
26495156,Sesquiterpene Lactones from Artemisia Genus: Biological Activities and Methods of Analysis.,sesquiterpene_lactone;antiparasitic,chemistry;antiparasitic;primary_methods,5,pending_manual_review,retrieved
26510528,Enhanced artemisinin yield by expression of rol genes in Artemisia annua.,terpene_essential_oil;sesquiterpene_lactone;biosynthesis_genes;genomics_phylogenomics;antiparasitic,chemistry;genomics;primary_methods,5,pending_manual_review,retrieved
26745979,Dual symbiosis between Piriformospora indica and Azotobacter chroococcum enhances the artemisinin content in Artemisia annua L.,terpene_essential_oil;sesquiterpene_lactone;biosynthesis_genes;antiparasitic,genomics;antiparasitic;primary_methods,5,pending_manual_review,retrieved
26864531,The jasmonate-responsive AaMYC2 transcription factor positively regulates artemisinin biosynthesis in Artemisia annua.,terpene_essential_oil;sesquiterpene_lactone;diterpene_triterpene;biosynthesis_genes;genomics_phylogenomics;antiparasitic,chemistry;genomics;primary_methods,5,pending_manual_review,retrieved
27142388,Cellular engineering of Artemisia annua and Artemisia dubia with the rol ABC genes for enhanced production of potent anti-malarial drug artemisinin.,terpene_essential_oil;sesquiterpene_lactone;biosynthesis_genes;genomics_phylogenomics;antiparasitic,chemistry;genomics;primary_methods,5,pending_manual_review,retrieved
27242840,Isolation and Characterization of Three New Monoterpene Synthases from Artemisia annua.,sesquiterpene_lactone;biosynthesis_genes;genomics_phylogenomics,chemistry;genomics;primary_methods,5,pending_manual_review,retrieved
27630101,Artemisia absinthium-borne compounds as novel larvicides: effectiveness against six mosquito vectors and acute toxicity on non-target aquatic organisms.,terpene_essential_oil;safety,chemistry;antiparasitic;safety,5,pending_manual_review,retrieved
27773616,Compartmentalized Metabolic Engineering for Artemisinin Biosynthesis and Effective Malaria Treatment by Oral Delivery of Plant Cells.,terpene_essential_oil;sesquiterpene_lactone;biosynthesis_genes;antiparasitic,genomics;antiparasitic;primary_methods,5,pending_manual_review,retrieved
27807464,Asteraceae Artemisia campestris and Artemisia herba-alba Essential Oils Trigger Apoptosis and Cell Cycle Arrest in Leishmania infantum Promastigotes.,terpene_essential_oil;antiparasitic,chemistry;antiparasitic;primary_methods,5,pending_manual_review,retrieved
27980595,Flavonoids and Sesquiterpene Lactones from Artemisia absinthium and Tanacetum parthenium against Schistosoma mansoni Worms.,sesquiterpene_lactone;antiparasitic,chemistry;antiparasitic;primary_methods,5,pending_manual_review,retrieved
28207974,AaMYB1 and its orthologue AtMYB61 affect terpene metabolism and trichome development in Artemisia annua and Arabidopsis thaliana.,terpene_essential_oil;sesquiterpene_lactone;diterpene_triterpene;biosynthesis_genes;genomics_phylogenomics;antiparasitic,chemistry;genomics;primary_methods,5,pending_manual_review,retrieved
28642777,Transcriptome Analysis of Genes Associated with the Artemisinin Biosynthesis by Jasmonic Acid Treatment under the Light in Artemisia annua.,sesquiterpene_lactone;biosynthesis_genes;genomics_phylogenomics,chemistry;genomics;primary_methods,5,pending_manual_review,retrieved
28861412,Stable Production of the Antimalarial Drug Artemisinin in the Moss Physcomitrella patens.,sesquiterpene_lactone;biosynthesis_genes;antiparasitic,genomics;antiparasitic;primary_methods,5,pending_manual_review,retrieved
28864166,Artemisinin permeability via Caco-2 cells increases after simulated digestion of Artemisia annua leaves.,terpene_essential_oil;sesquiterpene_lactone;biosynthesis_genes;antiparasitic;safety,chemistry;antiparasitic;primary_methods,5,pending_manual_review,retrieved
28930253,In Vitro and In Vivo Evaluation of Essential Oil from Artemisia absinthium L. Formulated in Nanocochleates against Cutaneous Leishmaniasis.,terpene_essential_oil;antiparasitic,chemistry;antiparasitic;primary_methods,5,pending_manual_review,retrieved
29476116,HMG-CoA reductase from Camphor Tulsi (Ocimum kilimandscharicum) regulated MVA dependent biosynthesis of diverse terpenoids in homologous and heterologous plant systems.,terpene_essential_oil;biosynthesis_genes;genomics_phylogenomics,chemistry;genomics;primary_methods,5,pending_manual_review,retrieved
29518326,Nitric Oxide Inhibitory Sesquiterpenoids and Its Dimers from Artemisia freyniana.,terpene_essential_oil,chemistry;genomics;primary_methods,5,pending_manual_review,retrieved
29643397,De novo assembly and analysis of the Artemisia argyi transcriptome and identification of genes involved in terpenoid biosynthesis.,terpene_essential_oil;biosynthesis_genes;genomics_phylogenomics,chemistry;genomics;primary_methods,5,pending_manual_review,retrieved
29857558,Red and Blue Light Promote the Accumulation of Artemisinin in Artemisia Annua L.,terpene_essential_oil;sesquiterpene_lactone;biosynthesis_genes;genomics_phylogenomics;antiparasitic,genomics;antiparasitic;primary_methods,5,pending_manual_review,retrieved
29971081,Overexpression of Artemisia annua Cinnamyl Alcohol Dehydrogenase Increases Lignin and Coumarin and Reduces Artemisinin and Other Sesquiterpenes.,sesquiterpene_lactone;biosynthesis_genes,chemistry;genomics;primary_methods,5,pending_manual_review,retrieved
30030948,Influence of abiotic elicitors on improvement production of artemisinin in cell culture of Artemisia annua L.,terpene_essential_oil;sesquiterpene_lactone;diterpene_triterpene;biosynthesis_genes;antiparasitic,chemistry;antiparasitic;primary_methods,5,pending_manual_review,retrieved
30139985,Expression of key genes affecting artemisinin content in five Artemisia species.,terpene_essential_oil;sesquiterpene_lactone;biosynthesis_genes;antiparasitic,chemistry;genomics;primary_methods,5,pending_manual_review,retrieved
30366267,Ecotoxicity of a novel biopesticide from Artemisia absinthium on non-target aquatic organisms.,terpene_essential_oil;safety,chemistry;antiparasitic;safety,5,pending_manual_review,retrieved
30389026,Chemical analyses and anthelmintic effects of Artemisia campestris essential oil.,terpene_essential_oil;antiparasitic,chemistry;antiparasitic;primary_methods,5,pending_manual_review,retrieved
30520605,Methyl 3-(5-(prop-1-yn-1-yl)thiophen-2-yl)propanoate: A Rare Acetylene Derivative from Artemisia absinthium Root Essential Oil.,terpene_essential_oil,chemistry;genomics;primary_methods,5,pending_manual_review,retrieved
30546379,"AaABF3, an Abscisic Acid-Responsive Transcription Factor, Positively Regulates Artemisinin Biosynthesis in Artemisia annua.",sesquiterpene_lactone;biosynthesis_genes,chemistry;genomics;primary_methods,5,pending_manual_review,retrieved
30555086,The jasmonate-responsive transcription factor CbWRKY24 regulates terpenoid biosynthetic genes to promote saponin biosynthesis in Conyza blinii H. Lév.,terpene_essential_oil;sesquiterpene_lactone;biosynthesis_genes;genomics_phylogenomics,chemistry;genomics;primary_methods,5,pending_manual_review,retrieved
30556010,Evaluation of the Leaf Essential Oil from Artemisia vulgaris and Its Larvicidal and Repellent Activity against Dengue Fever Vector Aedes aegypti-An Experimental and Molecular Docking Investigation.,terpene_essential_oil,chemistry;antiparasitic;primary_methods,5,pending_manual_review,retrieved
30627665,Jasmonate promotes artemisinin biosynthesis by activating the TCP14-ORA complex in Artemisia annua.,terpene_essential_oil;sesquiterpene_lactone;biosynthesis_genes;antiparasitic,chemistry;genomics;primary_methods,5,pending_manual_review,retrieved
30719762,Jasmonic acid-responsive AabHLH1 positively regulates artemisinin biosynthesis in Artemisia annua.,terpene_essential_oil;sesquiterpene_lactone;biosynthesis_genes;antiparasitic,chemistry;genomics;primary_methods,5,pending_manual_review,retrieved
30939762,Chemical Profile and Biological Activities of Essential Oil from Artemisia vulgaris L. Cultivated in Brazil.,terpene_essential_oil;antiparasitic,chemistry;antiparasitic;primary_methods,5,pending_manual_review,retrieved
31076768,Light-Induced Artemisinin Biosynthesis Is Regulated by the bZIP Transcription Factor AaHY5 in Artemisia annua.,terpene_essential_oil;sesquiterpene_lactone;biosynthesis_genes;antiparasitic,chemistry;genomics;primary_methods,5,pending_manual_review,retrieved
31120500,Interaction of bZIP transcription factor TGA6 with salicylic acid signaling modulates artemisinin biosynthesis in Artemisia annua.,terpene_essential_oil;sesquiterpene_lactone;biosynthesis_genes;antiparasitic,chemistry;genomics;primary_methods,5,pending_manual_review,retrieved
31504880,Lipid Transfer Proteins (AaLTP3 and AaLTP4) Are Involved in Sesquiterpene Lactone Secretion from Glandular Trichomes in Artemisia annua.,terpene_essential_oil;sesquiterpene_lactone;biosynthesis_genes;genomics_phylogenomics,chemistry;genomics;primary_methods,5,pending_manual_review,retrieved
31581691,Chemical Composition and Biological Activities of Artemisia pedemontana subsp. assoana Essential Oils and Hydrolate.,terpene_essential_oil;antiparasitic,chemistry;antiparasitic;safety,5,pending_manual_review,retrieved
31652784,Insights into Heterologous Biosynthesis of Arteannuin B and Artemisinin in Physcomitrella patens.,terpene_essential_oil;sesquiterpene_lactone;biosynthesis_genes;antiparasitic,chemistry;genomics;primary_methods,5,pending_manual_review,retrieved
31733071,Simultaneous determination of artemisinin and its analogs and flavonoids in Artemisia annua crude extracts with the use of NMR spectroscopy.,terpene_essential_oil;sesquiterpene_lactone;antiparasitic,chemistry;antiparasitic;primary_methods,5,pending_manual_review,retrieved
31930540,Artemisinin-derived antimalarial endoperoxides from bench-side to bed-side: Chronological advancements and future challenges.,terpene_essential_oil;sesquiterpene_lactone;antiparasitic,chemistry;antiparasitic;primary_methods,5,pending_manual_review,retrieved
32119077,Sparse Epistatic Patterns in the Evolution of Terpene Synthases.,terpene_essential_oil;biosynthesis_genes,chemistry;genomics;primary_methods,5,pending_manual_review,retrieved
32326167,Agrobacterium-Mediated Transformation of Chrysanthemum with Artemisinin Biosynthesis Pathway Genes.,sesquiterpene_lactone;biosynthesis_genes;genomics_phylogenomics,chemistry;genomics;primary_methods,5,pending_manual_review,retrieved
32339306,Overexpression of blue light receptor AaCRY1 improves artemisinin content in Artemisia annua L. .,terpene_essential_oil;sesquiterpene_lactone;biosynthesis_genes;antiparasitic,genomics;antiparasitic;primary_methods,5,pending_manual_review,retrieved
32372353,"Essential oils from three Algerian medicinal plants (Artemisia campestris, Pulicaria arabica, and Saccocalyx satureioides) as new botanical insecticides?",terpene_essential_oil;safety,chemistry;antiparasitic;safety,5,pending_manual_review,retrieved
32589757,TRICHOME AND ARTEMISININ REGULATOR 2 positively regulates trichome development and artemisinin biosynthesis in Artemisia annua.,terpene_essential_oil;sesquiterpene_lactone;diterpene_triterpene;biosynthesis_genes;genomics_phylogenomics;antiparasitic,genomics;antiparasitic;primary_methods,5,pending_manual_review,retrieved
32621255,"Isolation and evaluation of trypanocidal activity of sesquiterpenoids, flavonoids, and lignans in Artemisia sieversiana collected in Mongolia.",terpene_essential_oil,chemistry;antiparasitic;primary_methods,5,pending_manual_review,retrieved
32758575,Ethanolic extract of Artemisia campestris subsp. glutinosa (Besser) Batt. inhibits HIV-1 replication in vitro through the activity of terpenes and flavonoids on viral entry and NF-κB pathway.,terpene_essential_oil;biosynthesis_genes;genomics_phylogenomics,chemistry;genomics;primary_methods,5,pending_manual_review,retrieved
32980062,Toxicity and deleterious effects of Artemisia annua essential oil extracts on mulberry pyralid (Glyphodes pyloalis).,terpene_essential_oil;antiparasitic;safety,chemistry;antiparasitic;safety,5,pending_manual_review,retrieved
33539631,Jasmonate- and abscisic acid-activated AaGSW1-AaTCP15/AaORA transcriptional cascade promotes artemisinin biosynthesis in Artemisia annua.,terpene_essential_oil;sesquiterpene_lactone;biosynthesis_genes;antiparasitic,chemistry;genomics;primary_methods,5,pending_manual_review,retrieved
33893998,Phytochemistry and pharmacological activity of the genus artemisia.,terpene_essential_oil;antiparasitic;safety,chemistry;antiparasitic;safety,5,pending_manual_review,retrieved
33911989,It is not just artemisinin: Artemisia sp. for treating diseases including malaria and schistosomiasis.,terpene_essential_oil;sesquiterpene_lactone,chemistry;antiparasitic;primary_methods,5,pending_manual_review,retrieved
33973259,AaWRKY9 contributes to light- and jasmonate-mediated to regulate the biosynthesis of artemisinin in Artemisia annua.,terpene_essential_oil;sesquiterpene_lactone;diterpene_triterpene;biosynthesis_genes;genomics_phylogenomics;antiparasitic,chemistry;genomics;primary_methods,5,pending_manual_review,retrieved
34034870,"AaMYB15, an R2R3-MYB TF in Artemisia annua, acts as a negative regulator of artemisinin biosynthesis.",terpene_essential_oil;sesquiterpene_lactone;biosynthesis_genes;genomics_phylogenomics;antiparasitic,genomics;antiparasitic;primary_methods,5,pending_manual_review,retrieved
34239538,Full-Length Transcriptome Analysis Reveals Candidate Genes Involved in Terpenoid Biosynthesis in Artemisia argyi.,terpene_essential_oil;biosynthesis_genes;genomics_phylogenomics,chemistry;genomics;primary_methods,5,pending_manual_review,retrieved
34263417,"Enhancing artemisinin content in and delivery from Artemisia annua: a review of alternative, classical, and transgenic approaches.",terpene_essential_oil;sesquiterpene_lactone;biosynthesis_genes;antiparasitic,chemistry;genomics;primary_methods,5,pending_manual_review,retrieved
34659300,Genome-Wide Analysis of Light-Regulated Alternative Splicing in Artemisia annua L.,sesquiterpene_lactone;biosynthesis_genes;genomics_phylogenomics;safety,chemistry;genomics;primary_methods,5,pending_manual_review,retrieved
35111184,Integrated Analysis of Basic Helix Loop Helix Transcription Factor Family and Targeted Terpenoids Reveals Candidate AarbHLH Genes Involved in Terpenoid Biosynthesis in Artemisia argyi.,terpene_essential_oil;biosynthesis_genes;genomics_phylogenomics;safety,chemistry;genomics;primary_methods,5,pending_manual_review,retrieved
35150378,Phytochemical analysis and anti-microbial activities of Artemisia spp. and rapid isolation methods of artemisinin.,sesquiterpene_lactone;antiparasitic,chemistry;antiparasitic;primary_methods,5,pending_manual_review,retrieved
35351963,Repellency and insecticidal activity of seven Mugwort (Artemisia argyi) essential oils against the malaria vector Anopheles sinensis.,terpene_essential_oil;diterpene_triterpene;safety,chemistry;antiparasitic;safety,5,pending_manual_review,retrieved
35355415,The transcription factors TLR1 and TLR2 negatively regulate trichome density and artemisinin levels in Artemisia annua.,terpene_essential_oil;sesquiterpene_lactone;diterpene_triterpene;biosynthesis_genes;antiparasitic,genomics;antiparasitic;primary_methods,5,pending_manual_review,retrieved
35568110,Integrated metabolite profiling and transcriptome analysis reveals tissue-specific regulation of terpenoid biosynthesis in Artemisia argyi.,terpene_essential_oil;biosynthesis_genes;genomics_phylogenomics,chemistry;genomics;primary_methods,5,pending_manual_review,retrieved
35644103,The truncated AaActin1 promoter is a candidate tool for metabolic engineering of artemisinin biosynthesis in Artemisia annua L.,terpene_essential_oil;sesquiterpene_lactone;biosynthesis_genes;genomics_phylogenomics;antiparasitic,chemistry;genomics;primary_methods,5,pending_manual_review,retrieved
36119570,"AabHLH112, a bHLH transcription factor, positively regulates sesquiterpenes biosynthesis in Artemisia annua.",biosynthesis_genes,chemistry;genomics;primary_methods,5,pending_manual_review,retrieved
36144681,Full-Length Transcriptomic Sequencing and Temporal Transcriptome Expression Profiling Analyses Offer Insights into Terpenoid Biosynthesis in Artemisia argyi.,terpene_essential_oil;biosynthesis_genes;genomics_phylogenomics,chemistry;genomics;primary_methods,5,pending_manual_review,retrieved
36197084,Chromosome-level genome of a leaf vegetable Glebionis coronaria provides insights into the biosynthesis of monoterpenoids contributing to its special aroma.,biosynthesis_genes;genomics_phylogenomics,chemistry;genomics;primary_methods,5,pending_manual_review,retrieved
36303880,"Amorpha-4,11-diene synthase: a key enzyme in artemisinin biosynthesis and engineering.",sesquiterpene_lactone;biosynthesis_genes,chemistry;genomics;primary_methods,5,pending_manual_review,retrieved
36541391,Artemisinin as a therapeutic vs. its more complex Artemisia source material.,terpene_essential_oil;sesquiterpene_lactone;antiparasitic,chemistry;antiparasitic;primary_methods,5,pending_manual_review,retrieved
36555036,"Insecticidal Activity of a Component, (-)-4-Terpineol, Isolated from the Essential Oil of Artemisia lavandulaefolia DC. against Plutella xylostella (L.).",terpene_essential_oil,chemistry;antiparasitic;primary_methods,5,pending_manual_review,retrieved
36564967,AaMYB108 is the core factor integrating light and jasmonic acid signaling to regulate artemisinin biosynthesis in Artemisia annua.,terpene_essential_oil;sesquiterpene_lactone;diterpene_triterpene;biosynthesis_genes;genomics_phylogenomics;antiparasitic,chemistry;genomics;primary_methods,5,pending_manual_review,retrieved
36636815,Synergistic interaction of two bHLH transcription factors positively regulates artemisinin biosynthetic pathway in Artemisia annua L.,terpene_essential_oil;sesquiterpene_lactone;biosynthesis_genes;antiparasitic,chemistry;genomics;primary_methods,5,pending_manual_review,retrieved
36807538,Metabolic engineering of the anthocyanin biosynthetic pathway in Artemisia annua and relation to the expression of the artemisinin biosynthetic pathway.,terpene_essential_oil;sesquiterpene_lactone;biosynthesis_genes;antiparasitic,chemistry;genomics;primary_methods,5,pending_manual_review,retrieved
37021639,Future antimalarials from Artemisia? A rationale for natural product mining against drug-refractory Plasmodium stages.,terpene_essential_oil;sesquiterpene_lactone;antiparasitic;safety,chemistry;antiparasitic;safety,5,pending_manual_review,retrieved
37098222,JA-Regulated AaGSW1-AaYABBY5/AaWRKY9 Complex Regulates Artemisinin Biosynthesis in Artemisia annua.,terpene_essential_oil;sesquiterpene_lactone;biosynthesis_genes;genomics_phylogenomics;antiparasitic,chemistry;genomics;primary_methods,5,pending_manual_review,retrieved
37239820,Trichome-Specific Analysis and Weighted Gene Co-Expression Correlation Network Analysis (WGCNA) Reveal Potential Regulation Mechanism of Artemisinin Biosynthesis in Artemisia annua.,terpene_essential_oil;sesquiterpene_lactone;biosynthesis_genes;genomics_phylogenomics;antiparasitic,chemistry;genomics;primary_methods,5,pending_manual_review,retrieved
37424116,"Effects of exogenous indole-3-acetic acid on the density of trichomes, expression of artemisinin biosynthetic genes, and artemisinin biosynthesis in Artemisia annua.",terpene_essential_oil;sesquiterpene_lactone;biosynthesis_genes;antiparasitic,chemistry;genomics;primary_methods,5,pending_manual_review,retrieved
37668683,"Molecular understanding of anthocyanin biosynthesis activated by PAP1 and regulated by 2, 4-dichlorophenoxyacetic acid in engineered red Artemisia annua cells.",biosynthesis_genes;genomics_phylogenomics;antiparasitic,genomics;antiparasitic;primary_methods,5,pending_manual_review,retrieved
37711006,"Traditional uses, Phytochemistry, Pharmacology, and Toxicology of the Genus Artemisia L. (Asteraceae): A High-value Medicinal Plant.",terpene_essential_oil;sesquiterpene_lactone;antiparasitic;safety,chemistry;antiparasitic;safety,5,pending_manual_review,retrieved
37849964,"Chemical Composition and Larvicidal Properties of Essential Oils from Wild and Cultivated Artemisia campestris L., an Endemic Plant in Morocco.",terpene_essential_oil;safety,chemistry;antiparasitic;safety,5,pending_manual_review,retrieved
38023498,Autofluorescent antimalarials by hybridization of artemisinin and coumarin: in vitro/in vivo studies and live-cell imaging.,sesquiterpene_lactone;antiparasitic,chemistry;antiparasitic;primary_methods,5,pending_manual_review,retrieved
38114108,[Genome-wide identification of bZIP family genes and screening of candidate AarbZIPs involved in terpenoid biosynthesis in Artemisia argyi].,terpene_essential_oil;sesquiterpene_lactone;biosynthesis_genes;genomics_phylogenomics;safety,chemistry;genomics;primary_methods,5,pending_manual_review,retrieved
38129947,Genomic-wide identification and expression analysis of AP2/ERF transcription factors in Zanthoxylum armatum reveals the candidate genes for the biosynthesis of terpenoids.,terpene_essential_oil;biosynthesis_genes;genomics_phylogenomics,chemistry;genomics;primary_methods,5,pending_manual_review,retrieved
38136596,Functions of Representative Terpenoids and Their Biosynthesis Mechanisms in Medicinal Plants.,terpene_essential_oil;biosynthesis_genes;genomics_phylogenomics,chemistry;genomics;primary_methods,5,pending_manual_review,retrieved
38413638,Bioprospecting of Artemisia genus: from artemisinin to other potentially bioactive compounds.,terpene_essential_oil;sesquiterpene_lactone;biosynthesis_genes;antiparasitic,chemistry;genomics;primary_methods,5,pending_manual_review,retrieved
38538562,"Serbian Artemisia species - chemical composition, acute toxicity and larvicidal activity of the essential oils.",terpene_essential_oil;safety,chemistry;antiparasitic;safety,5,pending_manual_review,retrieved
38561770,In vivo assessment of the antiparasitic effects of Allium sativum L. and Artemisia absinthium L. against gastrointestinal parasites in swine from low-input farms.,sesquiterpene_lactone;diterpene_triterpene;antiparasitic,chemistry;antiparasitic;primary_methods,5,pending_manual_review,retrieved
38576787,Functional analysis of CYP71AV1 reveals the evolutionary landscape of artemisinin biosynthesis.,terpene_essential_oil;sesquiterpene_lactone;biosynthesis_genes;genomics_phylogenomics,chemistry;genomics;primary_methods,5,pending_manual_review,retrieved
38735012,Functional characterisation of Artemisia annua jasmonic acid carboxyl methyltransferase: a key enzyme enhancing artemisinin biosynthesis.,terpene_essential_oil;sesquiterpene_lactone;biosynthesis_genes;genomics_phylogenomics;antiparasitic,chemistry;genomics;primary_methods,5,pending_manual_review,retrieved
38754641,Chemical composition of Artemisia argyi essential oil and its antifungal activity against dermatophytes by inhibiting oxidative phosphorylation and causing oxidative damage.,terpene_essential_oil;biosynthesis_genes;genomics_phylogenomics,chemistry;genomics;primary_methods,5,pending_manual_review,retrieved
38865346,Bio-guided isolation of a new sesquiterpene from Artemisia cina with anthelmintic activity against Haemonchus contortus L3 infective larvae.,terpene_essential_oil;antiparasitic,chemistry;antiparasitic;primary_methods,5,pending_manual_review,retrieved
3887571,Qinghaosu (artemisinin): an antimalarial drug from China.,terpene_essential_oil;sesquiterpene_lactone;biosynthesis_genes;antiparasitic;safety,chemistry;antiparasitic;primary_methods,5,pending_manual_review,retrieved
38980203,The AaBBX21-AaHY5 module mediates light-regulated artemisinin biosynthesis in Artemisia annua L.,terpene_essential_oil;sesquiterpene_lactone;biosynthesis_genes;genomics_phylogenomics;antiparasitic,chemistry;genomics;primary_methods,5,pending_manual_review,retrieved
39142249,Artemisinin and deoxyartemisinin isolated from Artemisia annua L. promote distinct antinociceptive and anti-inflammatory effects in an animal model.,terpene_essential_oil;sesquiterpene_lactone;antiparasitic,chemistry;antiparasitic;primary_methods,5,pending_manual_review,retrieved
39362811,The evolutionary advantage of artemisinin production by Artemisia annua.,terpene_essential_oil;sesquiterpene_lactone;biosynthesis_genes;genomics_phylogenomics;antiparasitic,genomics;antiparasitic;safety,5,pending_manual_review,retrieved
39538287,"Optimization of in vivo antimalarial efficacy of combinations of aqueous leaf extracts of Artemisia annua L., Vernonia amygdalina Del, and Microglossa pyrifolia (Lam.) Kuntze using factorial design.",terpene_essential_oil;sesquiterpene_lactone;antiparasitic,chemistry;antiparasitic;primary_methods,5,pending_manual_review,retrieved
39669181,"Phytochemical profiling and in silico evaluation of Artemisia absinthium compounds targeting Leishmania N-myristoyltransferase: molecular docking, drug-likeness, and toxicity analyses.",antiparasitic;safety,chemistry;antiparasitic;safety,5,pending_manual_review,retrieved
40017590,Exploring Ternary Essential Oil Mixtures of Moroccan Artemisia Species for Larvicidal Effectiveness Against Culex pipiens Mosquitoes: A Mixture Design Approach.,terpene_essential_oil;safety,chemistry;antiparasitic;safety,5,pending_manual_review,retrieved
40141085,"AaMYB121, a Novel R2-MYB-like Transcription Factor, Regulates Artemisinin Biosynthesis in Artemisia annua.",terpene_essential_oil;sesquiterpene_lactone;biosynthesis_genes;genomics_phylogenomics;antiparasitic,genomics;antiparasitic;primary_methods,5,pending_manual_review,retrieved
40177011,Genome-wide identification and expression analysis of the ADH gene family in Artemisia annua L. under UV-B stress.,sesquiterpene_lactone;genomics_phylogenomics;antiparasitic,genomics;antiparasitic;primary_methods,5,pending_manual_review,retrieved
40251470,Genome-wide identification and expression profiling of MYB transcription factors in Artemisia argyi.,biosynthesis_genes;genomics_phylogenomics,chemistry;genomics;primary_methods,5,pending_manual_review,retrieved
40379160,"Artemisia annua L. essential oil-loaded chitosan nanoparticles: synthesis, characterization, in-vitro release kinetics, and acetylcholinesterase inhibition as a mode of action against plant-parasitic nematodes.",terpene_essential_oil;biosynthesis_genes;safety,chemistry;antiparasitic;primary_methods,5,pending_manual_review,retrieved
40729014,"Genome-Wide Analysis of Oxidosqualene Cyclase Genes in Artemisia annua: Evolution, Expression, and Potential Roles in Triterpenoid Biosynthesis.",sesquiterpene_lactone;biosynthesis_genes;genomics_phylogenomics,chemistry;genomics;primary_methods,5,pending_manual_review,retrieved
40835905,Genome-wide analysis of the AarPDR gene family in Artemisia argyi and its potential role in regulating terpenoids transport.,terpene_essential_oil;biosynthesis_genes;genomics_phylogenomics,chemistry;genomics;primary_methods,5,pending_manual_review,retrieved
41016651,Phytochemical characterization and insight into the in vitro anthelmintic activity of Artemisia brevifolia Wall ex Dc. against the different life stages of the gastrointestinal nematode of sheep.,antiparasitic,chemistry;antiparasitic;primary_methods,5,pending_manual_review,retrieved
41033513,Integrated metabolomic and transcriptomic analysis reveals the coordinated regulatory mechanisms of artemisinin and flavonoid mediated by AaMYB8 in Artemisia annua.,terpene_essential_oil;sesquiterpene_lactone;biosynthesis_genes;genomics_phylogenomics;antiparasitic,chemistry;genomics;primary_methods,5,pending_manual_review,retrieved
41344119,"Identification and quantification of sesquiterpenes, alkaloids, flavonoids and coumarins in Artemisia annua L: Potential artemisinin activity-enhancing compounds.",terpene_essential_oil;sesquiterpene_lactone;antiparasitic,chemistry;antiparasitic;primary_methods,5,pending_manual_review,retrieved
41383933,Transcriptome and metabolome analyses revealed the main profiles contributing the mild aroma characteristics of Artemisia stolonifera.,terpene_essential_oil;biosynthesis_genes;genomics_phylogenomics,chemistry;genomics;primary_methods,5,pending_manual_review,retrieved
41528559,Low phosphorus promotes caryophyllene biosynthesis by regulating AaTPS3 in Artemisia argyi.,terpene_essential_oil;biosynthesis_genes,chemistry;genomics;primary_methods,5,pending_manual_review,retrieved
41644687,Differential effects of biologically and chemically synthesized copper oxide nanoparticles on artemisinin biosynthesis gene expression in Artemisia absinthium.,terpene_essential_oil;sesquiterpene_lactone;biosynthesis_genes;antiparasitic,genomics;antiparasitic;primary_methods,5,pending_manual_review,retrieved
42208869,"Sesquiterpene γ-lactones of plants of the Asteraceae family of the flora of Kazakhstan: Search, distribution, biological activity.",terpene_essential_oil;sesquiterpene_lactone;antiparasitic,chemistry;antiparasitic;primary_methods,5,pending_manual_review,retrieved
42346346,Enhanced Synthesis of Polyphenols and Terpenes by UV-A Irradiation in Artemisia argyi Leaves.,terpene_essential_oil;biosynthesis_genes;genomics_phylogenomics,chemistry;genomics;primary_methods,5,pending_manual_review,retrieved
42452210,Genome-Wide Characterization and Light-Responsive Expression Patterns of B-Box Transcription Factors in Artemisia argyi.,terpene_essential_oil;biosynthesis_genes;genomics_phylogenomics,chemistry;genomics;primary_methods,5,pending_manual_review,retrieved
42483081,Antimalarial Activity of Methoxylated Flavonoid Fraction (Cirsimaritin-Dominated) from Artemisia kopetdaghensis in Plasmodium berghei-Infected Mice with in silico Analysis.,antiparasitic,chemistry;antiparasitic;primary_methods,5,pending_manual_review,retrieved
42514884,"Nanoencapsulation of Artemisia annua Essential Oil in Chitosan-Lipid Carriers Enhances Stability, Larvicidal, Antifungal, and Anticancer Efficacy.",terpene_essential_oil;safety,chemistry;antiparasitic;safety,5,pending_manual_review,retrieved
42557236,HetCA/STOCSY-Guided Dereplication of Artemisia arborescens Reveals Furofuran Lignans with Antileishmanial Effects.,biosynthesis_genes;antiparasitic,chemistry;antiparasitic;primary_methods,5,pending_manual_review,retrieved
42599479,"Artemisiyneolides A-K, Guaiane Sesquiterpenoid-Heptatriyne Hybrids through C-C Linkages from Artemisia sieversiana with Antihepatoma Activity.",terpene_essential_oil,chemistry;genomics;primary_methods,5,pending_manual_review,retrieved
42603439,AabHLH140 simultaneously enhances artemisinin and polymethoxylated flavonoid accumulation in Artemisia annua.,terpene_essential_oil;sesquiterpene_lactone;biosynthesis_genes,chemistry;genomics;primary_methods,5,pending_manual_review,retrieved
10626375,"Amorpha-4,11-diene synthase catalyses the first probable step in artemisinin biosynthesis.",terpene_essential_oil;sesquiterpene_lactone;biosynthesis_genes;antiparasitic,chemistry;genomics,4,pending_manual_review,retrieved
10630114,Seasonal variations of Artemisinin and its biosynthetic precursors in tetraploid Artemisia annua plants compared with the diploid wild-type.,terpene_essential_oil;sesquiterpene_lactone;antiparasitic,chemistry;genomics,4,pending_manual_review,retrieved
10705736,Seasonal variation of artemisinin and its biosynthetic precursors in plants of Artemisia annua of different geographical origin: proof for the existence of chemotypes.,terpene_essential_oil;sesquiterpene_lactone;antiparasitic,chemistry;genomics,4,pending_manual_review,retrieved
10780563,The sesquiterpene lactone dehydroleucodine (DhL) affects the growth of cultured epimastigotes of Trypanosoma cruzi.,terpene_essential_oil;sesquiterpene_lactone,chemistry;antiparasitic,4,pending_manual_review,retrieved
11217106,Triterpenes and lignans from Artemisia caruifolia and their cytotoxic effects on meth-A and LLC tumor cell lines.,terpene_essential_oil;diterpene_triterpene,chemistry;safety;primary_methods,4,pending_manual_review,retrieved
12789527,Tetraploid Artemisia annua hairy roots produce more artemisinin than diploids.,terpene_essential_oil;sesquiterpene_lactone;biosynthesis_genes;antiparasitic,chemistry;antiparasitic,4,pending_manual_review,retrieved
12967596,Central properties of the essential oil and the crude ethanol extract from aerial parts of Artemisia annua L.,terpene_essential_oil;sesquiterpene_lactone;safety,chemistry;safety;primary_methods,4,pending_manual_review,retrieved
15030924,Antimicrobial activity of Artemisia douglasiana leaf essential oil.,terpene_essential_oil;safety,chemistry;safety;primary_methods,4,pending_manual_review,retrieved
15975845,Cytotoxicity and gene induction by some essential oils in the yeast Saccharomyces cerevisiae.,terpene_essential_oil;biosynthesis_genes;safety,chemistry;safety;primary_methods,4,pending_manual_review,retrieved
16131103,Analysis of artemisinin in Artemisia annua L. by LC-MS with selected ion monitoring.,terpene_essential_oil;sesquiterpene_lactone;antiparasitic,chemistry;antiparasitic,4,pending_manual_review,retrieved
16557475,Trichome dynamics and artemisinin accumulation during development and senescence of Artemisia annua leaves.,terpene_essential_oil;sesquiterpene_lactone;biosynthesis_genes;antiparasitic,chemistry;antiparasitic,4,pending_manual_review,retrieved
17368686,"The effect of essential oils of dietary wormwood (Artemisia princeps), with and without added vitamin E, on oxidative stress and some genes involved in cholesterol metabolism.",terpene_essential_oil;diterpene_triterpene;biosynthesis_genes;safety,chemistry;safety;primary_methods,4,pending_manual_review,retrieved
17390897,Chemical composition and antifungal activity of the essential oils of three species of Artemisia on some soil-borne phytopathogens.,terpene_essential_oil;safety,chemistry;safety;primary_methods,4,pending_manual_review,retrieved
17611929,"Preparation of a novel monoclonal antibody against the antimalarial drugs, artemisinin and artesunate.",terpene_essential_oil;sesquiterpene_lactone;biosynthesis_genes;antiparasitic;safety,antiparasitic;safety;primary_methods,4,pending_manual_review,retrieved
17628838,Artemisinin and sesquiterpene precursors in dead and green leaves of Artemisia annua L. crops.,terpene_essential_oil;sesquiterpene_lactone;biosynthesis_genes;antiparasitic,chemistry;antiparasitic,4,pending_manual_review,retrieved
17894898,Antiherpevirus activity of Artemisia arborescens essential oil and inhibition of lateral diffusion in Vero cells.,terpene_essential_oil,chemistry;safety;primary_methods,4,pending_manual_review,retrieved
18054484,Bioactivity of two major constituents isolated from the essential oil of Artemisia judaica L.,terpene_essential_oil;safety,chemistry;safety;primary_methods,4,pending_manual_review,retrieved
18197598,Quantification of artemisinin in Artemisia annua extracts by 1H-NMR.,terpene_essential_oil;sesquiterpene_lactone;antiparasitic,chemistry;antiparasitic,4,pending_manual_review,retrieved
18397765,Mass propagation and essential oil analysis of Artemisia vulgaris.,terpene_essential_oil;biosynthesis_genes;safety,chemistry;safety;primary_methods,4,pending_manual_review,retrieved
18417176,"Screening of chemical composition, antimicrobial and antioxidant activities of Artemisia essential oils.",terpene_essential_oil;safety,chemistry;safety;primary_methods,4,pending_manual_review,retrieved
18670120,A cytotoxic and apoptosis-inducing sesquiterpenoid isolated from the aerial parts of Artemisia princeps PAMPANINI (Sajabalssuk).,terpene_essential_oil;safety,chemistry;safety;primary_methods,4,pending_manual_review,retrieved
19053512,"Genepolide, a sesterpene gamma-lactone with a novel carbon skeleton from mountain wormwood (Artemisia umbelliformis).",terpene_essential_oil;sesquiterpene_lactone;safety,chemistry;safety;primary_methods,4,pending_manual_review,retrieved
19194753,Essential oil of Artemisia scoparia inhibits plant growth by generating reactive oxygen species and causing oxidative damage.,terpene_essential_oil;biosynthesis_genes;safety,chemistry;safety;primary_methods,4,pending_manual_review,retrieved
19429377,MAPK activation is necessary to the apoptotic death of KB cells induced by the essential oil isolated from Artemisia iwayomogi.,terpene_essential_oil;biosynthesis_genes,chemistry;safety;primary_methods,4,pending_manual_review,retrieved
19483202,Enhancement of artemisinin concentration and yield in response to optimization of nitrogen and potassium supply to Artemisia annua.,terpene_essential_oil;sesquiterpene_lactone;biosynthesis_genes;antiparasitic,genomics;antiparasitic,4,pending_manual_review,retrieved
19634335,Compositional variation of the essential oils of Artemisia afra Jacq. from three provinces in South Africa--a case study of its safety.,terpene_essential_oil;safety,chemistry;safety;primary_methods,4,pending_manual_review,retrieved
19768995,"Analysis of essential oils of Artemisia absinthium L. from Lithuania by CC, GC(RI), GC-MS and 13C NMR.",terpene_essential_oil;diterpene_triterpene;safety,chemistry;safety;primary_methods,4,pending_manual_review,retrieved
19811407,The essential oil isolated from Artemisia capillaris prevents LPS-induced production of NO and PGE(2) by inhibiting MAPK-mediated pathways in RAW 264.7 macrophages.,terpene_essential_oil;biosynthesis_genes,chemistry;safety;primary_methods,4,pending_manual_review,retrieved
20000780,Dimeric guaianolides and sesquiterpenoids from Artemisia anomala.,terpene_essential_oil;sesquiterpene_lactone,chemistry;safety;primary_methods,4,pending_manual_review,retrieved
20020464,Chemical composition of hydrodistilled essential oil of Artemisia incana (L.) Druce and antimicrobial activity against foodborne microorganisms.,terpene_essential_oil;safety,chemistry;safety;primary_methods,4,pending_manual_review,retrieved
20075252,The genetic map of Artemisia annua L. identifies loci affecting yield of the antimalarial drug artemisinin.,terpene_essential_oil;sesquiterpene_lactone;biosynthesis_genes;genomics_phylogenomics;antiparasitic,genomics;antiparasitic,4,pending_manual_review,retrieved
20085186,Antibacterial and antioxidant activities of the essential oil of Artemisia echegarayi Hieron. (Asteraceae).,terpene_essential_oil;safety,chemistry;safety;primary_methods,4,pending_manual_review,retrieved
20156520,Artemisia fukudo essential oil attenuates LPS-induced inflammation by suppressing NF-kappaB and MAPK activation in RAW 264.7 macrophages.,terpene_essential_oil;biosynthesis_genes;genomics_phylogenomics;safety,chemistry;safety;primary_methods,4,pending_manual_review,retrieved
20362422,Inhibition of tumor cell proliferation and induction of apoptosis in human lung carcinoma 95-D cells by a new sesquiterpene from hairy root cultures of Artemisia annua.,terpene_essential_oil;biosynthesis_genes,chemistry;safety;primary_methods,4,pending_manual_review,retrieved
20428043,Effect of sugars on artemisinin production in Artemisia annua L.: transcription and metabolite measurements.,terpene_essential_oil;sesquiterpene_lactone;biosynthesis_genes;antiparasitic,chemistry;genomics,4,pending_manual_review,retrieved
20486075,Highly oxygenated guaianolides from Artemisia dubia.,terpene_essential_oil;sesquiterpene_lactone,chemistry;safety;primary_methods,4,pending_manual_review,retrieved
20492133,Essential oil of Artemisia capillaris induces apoptosis in KB cells via mitochondrial stress and caspase activation mediated by MAPK-stimulated signaling pathway.,terpene_essential_oil;biosynthesis_genes,chemistry;safety;primary_methods,4,pending_manual_review,retrieved
21072770,Composition and intraspecific chemical variability of the essential oil from Artemisia herba-alba growing wild in a Tunisian arid zone.,terpene_essential_oil;safety,chemistry;safety;primary_methods,4,pending_manual_review,retrieved
21188586,Chemical composition and antibacterial potential of Artemisia arborescens L. essential oil.,terpene_essential_oil;safety,chemistry;safety;primary_methods,4,pending_manual_review,retrieved
21299136,Caryophyllene oxide-rich essential oils of Lithuanian Artemisia campestris ssp. campestris and their toxicity.,terpene_essential_oil;safety,chemistry;safety;primary_methods,4,pending_manual_review,retrieved
21666770,Trichomes + roots + ROS = artemisinin: regulating artemisinin biosynthesis in Artemisia annua L.,sesquiterpene_lactone;biosynthesis_genes,chemistry;genomics,4,pending_manual_review,retrieved
22076766,Effects of vegetative and flowering stages on the biosynthesis of artemisinin in Artemisia species.,terpene_essential_oil;sesquiterpene_lactone;biosynthesis_genes;antiparasitic,chemistry;genomics,4,pending_manual_review,retrieved
22279377,Artemisinin biosynthesis and its regulatory enzymes: Progress and perspective.,sesquiterpene_lactone;biosynthesis_genes;antiparasitic,chemistry;genomics,4,pending_manual_review,retrieved
22484051,Microbial transformation of antimalarial terpenoids.,terpene_essential_oil;sesquiterpene_lactone;biosynthesis_genes;antiparasitic;safety,chemistry;antiparasitic,4,pending_manual_review,retrieved
22556530,Anthelmintic activity of the essential oil of artemisia pallens wall.,terpene_essential_oil;antiparasitic,chemistry;antiparasitic,4,pending_manual_review,retrieved
22999168,Automating gene library synthesis by structure-based combinatorial protein engineering: examples from plant sesquiterpene synthases.,terpene_essential_oil;biosynthesis_genes;genomics_phylogenomics,chemistry;genomics,4,pending_manual_review,retrieved
23148700,Facile preparation of bioactive seco-guaianolides and guaianolides from Artemisia gorgonum and evaluation of their phytotoxicity.,terpene_essential_oil;sesquiterpene_lactone,chemistry;safety;primary_methods,4,pending_manual_review,retrieved
23263328,Chemical composition and larvicidal activity of essential oil of Artemisia gilvescens against Anopheles anthropophagus.,terpene_essential_oil,chemistry;antiparasitic,4,pending_manual_review,retrieved
23265542,"Chemical composition, antimicrobial, cytotoxic and antioxidant activities of the essential oil of Artemisia indica Willd.",terpene_essential_oil,chemistry;safety;primary_methods,4,pending_manual_review,retrieved
23438177,Rational engineering of plasticity residues of sesquiterpene synthases from Artemisia annua: product specificity and catalytic efficiency.,terpene_essential_oil;sesquiterpene_lactone;biosynthesis_genes;antiparasitic,chemistry;genomics,4,pending_manual_review,retrieved
23570523,"Volatile composition and antimicrobial activity of the essential oil of Artemisia absinthium growing in Western Ghats region of North West Karnataka, India.",terpene_essential_oil;antiparasitic,chemistry;antiparasitic,4,pending_manual_review,retrieved
23597248,Quantitative structure-activity relationships of the antimalarial agent artemisinin and some of its derivatives - a DFT approach.,terpene_essential_oil;sesquiterpene_lactone;antiparasitic,chemistry;antiparasitic,4,pending_manual_review,retrieved
23678823,Chemical composition and biological activities of the essential oil from Artemisia herba-alba growing wild in Tunisia.,terpene_essential_oil;safety,chemistry;safety;primary_methods,4,pending_manual_review,retrieved
23939794,"Chemopreventive and antioxidant activity of the chamazulene-rich essential oil obtained from Artemisia arborescens L. growing on the Isle of La Maddalena, Sardinia, Italy.",terpene_essential_oil;safety,chemistry;safety;primary_methods,4,pending_manual_review,retrieved
23979886,Genotoxic evaluation of the antimalarial drugs artemisinin and artesunate in human HepG2 cells and effects on CASP3 and SOD1 gene expressions.,terpene_essential_oil;sesquiterpene_lactone;biosynthesis_genes;antiparasitic;safety,antiparasitic;safety;primary_methods,4,pending_manual_review,retrieved
24005967,Identification of repellent and insecticidal constituents of the essential oil of Artemisia rupestris L. aerial parts against Liposcelis bostrychophila Badonnel.,terpene_essential_oil;safety,chemistry;safety;primary_methods,4,pending_manual_review,retrieved
24148842,"Isolation, cytotoxicity evaluation and HPLC-quantification of the chemical constituents from Artemisia amygdalina Decne.",terpene_essential_oil;diterpene_triterpene,chemistry;safety;primary_methods,4,pending_manual_review,retrieved
24304352,Considerations on the mechanism of action of artemisinin antimalarials: part 1--the 'carbon radical' and 'heme' hypotheses.,terpene_essential_oil;sesquiterpene_lactone;biosynthesis_genes;antiparasitic,antiparasitic;safety;primary_methods,4,pending_manual_review,retrieved
24459478,Chemical composition and general toxicity of essential oils extracted from the aerial parts of Artemisia armeniaca Lam. and A. incana (L.) Druce growing in Iran.,terpene_essential_oil;safety,chemistry;safety;primary_methods,4,pending_manual_review,retrieved
24499850,Antimalarial properties of Artemisia vulgaris L. ethanolic leaf extract in a Plasmodium berghei murine malaria model.,sesquiterpene_lactone;antiparasitic;safety,antiparasitic;safety;primary_methods,4,pending_manual_review,retrieved
24645495,TLC-direct bioautography for determination of antibacterial activity of Artemisia adamsii essential oil.,terpene_essential_oil;biosynthesis_genes;safety,chemistry;safety;primary_methods,4,pending_manual_review,retrieved
24862063,Two new sesquiterpenes from Artemisia sieversiana.,terpene_essential_oil,chemistry;safety;primary_methods,4,pending_manual_review,retrieved
25002129,In vitro cytotoxicity of Artemisia vulgaris L. essential oil is mediated by a mitochondria-dependent apoptosis in HL-60 leukemic cell line.,terpene_essential_oil;biosynthesis_genes;safety,chemistry;safety;primary_methods,4,pending_manual_review,retrieved
25017866,Bioactivity of essential oil of Artemisia argyi Lévl. et Van. and its main compounds against Lasioderma serricorne.,terpene_essential_oil;safety,chemistry;safety;primary_methods,4,pending_manual_review,retrieved
25199920,Efficiency of Artemisia nilagirica (Clarke) Pamp. essential oil as a mycotoxicant against postharvest mycobiota of table grapes.,terpene_essential_oil;biosynthesis_genes;safety,chemistry;safety;primary_methods,4,pending_manual_review,retrieved
25317772,"Antimicrobial, antioxidative, and insect repellent effects of Artemisia absinthium essential oil.",terpene_essential_oil;safety,chemistry;safety;primary_methods,4,pending_manual_review,retrieved
25644758,Emergence of terpene cyclization in Artemisia annua.,terpene_essential_oil;biosynthesis_genes,chemistry;genomics,4,pending_manual_review,retrieved
25657784,Chemical composition and antiprolifrative activity of Artemisia persica Boiss. and Artemisia turcomanica Gand. essential oils.,terpene_essential_oil;safety,chemistry;safety;primary_methods,4,pending_manual_review,retrieved
25735374,Anti-cancer properties of a sesquiterpene lactone-bearing fraction from Artemisia khorassanica.,terpene_essential_oil;sesquiterpene_lactone;biosynthesis_genes;safety,chemistry;safety;primary_methods,4,pending_manual_review,retrieved
25757434,Bioactivity of essential oil from Artemisia stolonifera (Maxim.) Komar. and its main compounds against two stored-product insects.,terpene_essential_oil;safety,chemistry;safety;primary_methods,4,pending_manual_review,retrieved
25981920,"Capillin, a major constituent of Artemisia capillaris Thunb. flower essential oil, induces apoptosis through the mitochondrial pathway in human leukemia HL-60 cells.",terpene_essential_oil;biosynthesis_genes,chemistry;safety;primary_methods,4,pending_manual_review,retrieved
26259564,"Essential oil of Artemisia vestita exhibits potent in vitro and in vivo antibacterial activity: Investigation of the effect of oil on biofilm formation, leakage of potassium ions and survival curve measurement.",terpene_essential_oil;biosynthesis_genes;safety,chemistry;safety;primary_methods,4,pending_manual_review,retrieved
26269111,Transcriptome Analysis of Invasive Plants in Response to Mineral Toxicity of Reclaimed Coal-Mine Soil in the Appalachian Region.,genomics_phylogenomics;safety,genomics;safety;primary_methods,4,pending_manual_review,retrieved
26277492,Artemisia herba-alba essential oil from Buseirah (South Jordan): Chemical characterization and assessment of safe antifungal and anti-inflammatory doses.,terpene_essential_oil;safety,chemistry;safety;primary_methods,4,pending_manual_review,retrieved
26404704,"Chemical composition and antimicrobial activity of essential oils from Acantholippia deserticola, Artemisia proceriformis, Achillea micrantha and Libanotis buchtormensis against phytopathogenic bacteria and fungi.",terpene_essential_oil;safety,chemistry;safety;primary_methods,4,pending_manual_review,retrieved
26441938,Corrigendum: Leishmanicidal activities of Artemisia annua leaf essential oil against Visceral Leishmaniasis.,terpene_essential_oil,chemistry;antiparasitic,4,pending_manual_review,retrieved
26444350,Selective nematocidal effects of essential oils from two cultivated Artemisia absinthium populations.,safety,chemistry;safety;primary_methods,4,pending_manual_review,retrieved
26822789,Development of a Specific Monoclonal Antibody for the Quantification of Artemisinin in Artemisia annua and Rat Serum.,terpene_essential_oil;sesquiterpene_lactone;antiparasitic;safety,antiparasitic;safety;primary_methods,4,pending_manual_review,retrieved
26894818,Anti-inflammatory and blood stasis activities of essential oil extracted from Artemisia argyi leaf in animals.,terpene_essential_oil,chemistry;safety;primary_methods,4,pending_manual_review,retrieved
27263081,Prolonged exposure to salt stress affects specialized metabolites-artemisinin and essential oil accumulation in Artemisia annua L.: metabolic acclimation in preferential favour of enhanced terpenoid accumulation accompanying vegetative to reproductive phase transition.,terpene_essential_oil;sesquiterpene_lactone;biosynthesis_genes;antiparasitic,chemistry;antiparasitic,4,pending_manual_review,retrieved
27286334,Vapour and Liquid-Phase Artemisia annua Essential Oil Activities against Several Clinical Strains of Candida.,terpene_essential_oil;safety,chemistry;safety;primary_methods,4,pending_manual_review,retrieved
27318275,Chemical composition and biological activities of Artemisia judaica essential oil from southern desert of Jordan.,terpene_essential_oil;biosynthesis_genes;safety,chemistry;safety;primary_methods,4,pending_manual_review,retrieved
27339275,Root regulation of artemisinin production in Artemisia annua: trichome and metabolite evidence.,terpene_essential_oil;sesquiterpene_lactone;biosynthesis_genes;antiparasitic,chemistry;genomics,4,pending_manual_review,retrieved
27340104,Effect of leaf digestion and artemisinin solubility for use in oral consumption of dried Artemisia annua leaves to treat malaria.,terpene_essential_oil;sesquiterpene_lactone;biosynthesis_genes;antiparasitic;safety,chemistry;antiparasitic,4,pending_manual_review,retrieved
27523085,Lethal and Sublethal Effects of Essential Oils From Artemisia khorassanica and Vitex pseudo-negundo Against Plodia interpunctella (Lepidoptera: Pyralidae).,terpene_essential_oil;safety,chemistry;safety;primary_methods,4,pending_manual_review,retrieved
27980582,"Chemical Constituents, Antimicrobial, Cytotoxicity, Mutagenic and Antimutagenic Effects of Artemisia ciniformis.",terpene_essential_oil,chemistry;safety;primary_methods,4,pending_manual_review,retrieved
28129684,The Effect of Artemisia fragrans Willd: Essential Oil on Inducible Nitric Oxide Synthase Gene Expression and Nitric Oxide Production in Lipopolysaccharide-stimulated Murine Macrophage Cell Line.,terpene_essential_oil;biosynthesis_genes;safety,chemistry;safety;primary_methods,4,pending_manual_review,retrieved
28193253,Artemisia spp. essential oils against the disease-carrying blowfly Calliphora vomitoria.,terpene_essential_oil;safety,chemistry;safety;primary_methods,4,pending_manual_review,retrieved
28254675,From ancient herb to modern drug: Artemisia annua and artemisinin for cancer therapy.,terpene_essential_oil;sesquiterpene_lactone;biosynthesis_genes;antiparasitic;safety,antiparasitic;safety;primary_methods,4,pending_manual_review,retrieved
28327802,In vitro and in vivo antileishmanial activity of Artemisia annua L. leaf powder and its potential usefulness in the treatment of uncomplicated cutaneous leishmaniasis in humans.,antiparasitic;safety,antiparasitic;safety;primary_methods,4,pending_manual_review,retrieved
28346993,Artemisia sieberi Besser essential oil and treatment of fungal infections.,terpene_essential_oil;safety,chemistry;safety;primary_methods,4,pending_manual_review,retrieved
28378196,"Eco-friendly control of the poultry red mite, Dermanyssus gallinae (Dermanyssidae), using the α-thujone-rich essential oil of Artemisia sieberi (Asteraceae): toxic and repellent potential.",terpene_essential_oil;safety,chemistry;safety;primary_methods,4,pending_manual_review,retrieved
28472675,"Toxic essential oils. Part V: Behaviour modulating and toxic properties of thujones and thujone-containing essential oils of Salvia officinalis L., Artemisia absinthium L., Thuja occidentalis L. and Tanacetum vulgare L.",terpene_essential_oil;safety,chemistry;safety;primary_methods,4,pending_manual_review,retrieved
28488391,Essential Oil Variability in Natural Populations of Artemisia campestris (L.) and Artemisia herba-alba (Asso) and Incidence on Antiacetylcholinesterase and Antioxidant Activities.,terpene_essential_oil;biosynthesis_genes;safety,chemistry;safety;primary_methods,4,pending_manual_review,retrieved
28510956,"Essential oil variation in wild populations of Artemisia saharae (Asteraceae) from Tunisia: chemical composition, antibacterial and antioxidant properties.",terpene_essential_oil;safety,chemistry;safety;primary_methods,4,pending_manual_review,retrieved
28532258,Fumigant and repellent activities of essential oil extracted from Artemisia dubia and its main compounds against two stored product pests.,terpene_essential_oil;safety,chemistry;safety;primary_methods,4,pending_manual_review,retrieved
28635610,"Chemical components, antioxidant potential and hepatoprotective effects of Artemisia campestris essential oil against deltamethrin-induced genotoxicity and oxidative damage in rats.",terpene_essential_oil;biosynthesis_genes;safety,chemistry;safety;primary_methods,4,pending_manual_review,retrieved
28719862,Green biosynthesis of silver nanoparticles using leaves extract of Artemisia vulgaris and their potential biomedical applications.,biosynthesis_genes,genomics;safety;primary_methods,4,pending_manual_review,retrieved
28914025,[Sesquiterpenoids from aerial parts of Artemisia myriantha].,terpene_essential_oil,chemistry;safety;primary_methods,4,pending_manual_review,retrieved
28942674,Two new guaiane sesquiterpene lactones from the aerial parts of Artemisia vulgaris.,terpene_essential_oil;sesquiterpene_lactone,chemistry;safety;primary_methods,4,pending_manual_review,retrieved
28945019,[Molecular mechanism of artemisinin biosynthesis and regulation in Artemisia annua].,terpene_essential_oil;sesquiterpene_lactone;biosynthesis_genes;antiparasitic,genomics;antiparasitic,4,pending_manual_review,retrieved
29111190,"Chemical composition, antioxidant and antibacterial activities of essential oil and methanol extract of Artemisia vulgaris and Gaultheria fragrantissima collected from Nepal.",terpene_essential_oil;safety,chemistry;safety;primary_methods,4,pending_manual_review,retrieved
29414844,"Efficacy of Compounds Isolated from the Essential Oil of Artemisia lavandulaefolia in Control of the Cigarette Beetle, Lasioderma serricorne.",terpene_essential_oil;safety,chemistry;safety;primary_methods,4,pending_manual_review,retrieved
29467423,Transcriptome changes induced by abiotic stresses in Artemisia annua.,sesquiterpene_lactone;genomics_phylogenomics;antiparasitic,genomics;antiparasitic,4,pending_manual_review,retrieved
29491554,Antimalarial activity of Artemisia nilagirica against Plasmodium falciparum.,antiparasitic,chemistry;antiparasitic,4,pending_manual_review,retrieved
29656410,Combination of artemisinin-based natural compounds from Artemisia annua L. for the treatment of malaria: Pharmacodynamic and pharmacokinetic studies.,terpene_essential_oil;sesquiterpene_lactone;antiparasitic;safety,antiparasitic;safety;primary_methods,4,pending_manual_review,retrieved
29681192,"In vitro assessment of cytotoxic, genotoxic and mutagenic effects of antimalarial drugs artemisinin and artemether in human lymphocytes.",terpene_essential_oil;sesquiterpene_lactone;antiparasitic;safety,antiparasitic;safety;primary_methods,4,pending_manual_review,retrieved
29703587,The Genome of Artemisia annua Provides Insight into the Evolution of Asteraceae Family and Artemisinin Biosynthesis.,terpene_essential_oil;sesquiterpene_lactone;biosynthesis_genes;genomics_phylogenomics;antiparasitic,chemistry;genomics,4,pending_manual_review,retrieved
29945382,[Guaianolides from aerial parts of Artemisia myriantha].,terpene_essential_oil;sesquiterpene_lactone,chemistry;safety;primary_methods,4,pending_manual_review,retrieved
30263682,Antiviral activities of Artemisia princeps var. orientalis essential oil and its α-thujone against norovirus surrogates.,terpene_essential_oil;safety,chemistry;safety;primary_methods,4,pending_manual_review,retrieved
30689407,Toxicity effects of Eriocephalus africanus L. leaf essential oil against some molecularly identified phytopathogenic bacterial strains.,terpene_essential_oil;safety,chemistry;safety;primary_methods,4,pending_manual_review,retrieved
30700013,"Chemical Composition and Antimicrobial Activities of Artemisia argyi Lévl. et Vant Essential Oils Extracted by Simultaneous Distillation-Extraction, Subcritical Extraction and Hydrodistillation.",terpene_essential_oil;safety,chemistry;safety;primary_methods,4,pending_manual_review,retrieved
30807041,Compositional Variability and Toxic Activity of Mugwort (Artemisia vulgaris) Essential Oils.,terpene_essential_oil;safety,chemistry;safety;primary_methods,4,pending_manual_review,retrieved
30822491,Substrate promiscuity of enzymes from the sesquiterpene biosynthetic pathways from Artemisia annua and Tanacetum parthenium allows for novel combinatorial sesquiterpene production.,terpene_essential_oil;sesquiterpene_lactone;biosynthesis_genes,chemistry;genomics,4,pending_manual_review,retrieved
30864526,Analysis of the Essential Oils of Five Artemisia Species and Evaluation of their Cytotoxic and Proapoptotic Effects.,terpene_essential_oil;biosynthesis_genes,chemistry;safety;primary_methods,4,pending_manual_review,retrieved
30878087,"Comment on the paper ""Chemical analyses and anthelmintic effects of Artemisia campestris essential oil"".",terpene_essential_oil;antiparasitic,chemistry;antiparasitic,4,pending_manual_review,no_abstract
30989898,[~1H-NMR-based metabonomics analysis of the acute hepatotoxicity mechanism of Artemisia argyi essential oil].,terpene_essential_oil;biosynthesis_genes,chemistry;safety;primary_methods,4,pending_manual_review,retrieved
31238388,Optimisation of artemisinin and scopoletin extraction from Artemisia annua with a new modern pressurised cyclic solid-liquid (PCSL) extraction technique.,terpene_essential_oil;sesquiterpene_lactone;antiparasitic,chemistry;antiparasitic,4,pending_manual_review,retrieved
31264475,Three new sesquiterpenoids with cytotoxic activity from Artemisia argyi.,terpene_essential_oil;sesquiterpene_lactone,chemistry;safety;primary_methods,4,pending_manual_review,retrieved
31404264,The Essential Oils and Eucalyptol From Artemisia vulgaris L. Prevent Acetaminophen-Induced Liver Injury by Activating Nrf2-Keap1 and Enhancing APAP Clearance Through Non-Toxic Metabolic Pathway.,terpene_essential_oil;biosynthesis_genes;safety,chemistry;safety;primary_methods,4,pending_manual_review,retrieved
31464436,"Preparation and Phytotoxicity Evaluation of 11,13-Dehydro seco-Guaianolides.",terpene_essential_oil;sesquiterpene_lactone;safety,chemistry;safety;primary_methods,4,pending_manual_review,retrieved
31516509,Sesquiterpene lactones from shoot culture of Artemisia aucheri with cytotoxicity against prostate and breast cancer cells.,sesquiterpene_lactone,chemistry;safety;primary_methods,4,pending_manual_review,retrieved
31534022,Catalytic Plasticity of Germacrene A Oxidase Underlies Sesquiterpene Lactone Diversification.,terpene_essential_oil;sesquiterpene_lactone;biosynthesis_genes;antiparasitic,chemistry;genomics,4,pending_manual_review,retrieved
31698834,Chemical Composition and Antimicrobial Activity of Artemisia herba-alba and Origanum majorana Essential Oils from Morocco.,terpene_essential_oil;safety,chemistry;safety;primary_methods,4,pending_manual_review,retrieved
31760374,"Biosynthesis and characterization of zinc oxide nanoparticles from Artemisia annua and investigate their effect on proliferation, osteogenic differentiation and mineralization in human osteoblast-like MG-63 Cells.",biosynthesis_genes;safety,genomics;safety;primary_methods,4,pending_manual_review,retrieved
31767459,Bioactivity and efficacy of essential oils extracted from Artemisia annua against Tribolium casteneum (Herbst. 1797) (Coleoptera: Tenebrionidae): An eco-friendly approach.,terpene_essential_oil;biosynthesis_genes;safety,chemistry;safety;primary_methods,4,pending_manual_review,retrieved
31911301,Polyhydroxyl guaianolide terpenoids as potential NF-кB inhibitors induced cytotoxicity in human gastric adenocarcinoma cell line.,terpene_essential_oil;sesquiterpene_lactone,chemistry;safety;primary_methods,4,pending_manual_review,retrieved
32304658,Parallel Transcriptional Regulation of Artemisinin and Flavonoid Biosynthesis.,terpene_essential_oil;sesquiterpene_lactone;biosynthesis_genes;antiparasitic,genomics;antiparasitic,4,pending_manual_review,retrieved
32373299,Sesquiterpene fractions of Artemisia plants as potent inhibitors of inducible nitric oxide synthase and cyclooxygenase-2 expression.,sesquiterpene_lactone,chemistry;safety;primary_methods,4,pending_manual_review,retrieved
32411422,In Vitro Anthelmintic Activity of Crude Extracts of Artemisia herba-alba and Punica granatum against Haemonchus contortus.,antiparasitic,antiparasitic;safety;primary_methods,4,pending_manual_review,retrieved
32665907,Transformation of Amorphadiene Synthase and Antisilencing P19 Genes into Artemisia annua L. and its Effect on Antimalarial Artemisinin Production.,sesquiterpene_lactone;biosynthesis_genes;antiparasitic,genomics;antiparasitic,4,pending_manual_review,retrieved
32745752,Cytotoxic sesquiterpenoids against hepatic stellate cell line LX2 from Artemisia lavandulaefolia.,terpene_essential_oil,chemistry;safety;primary_methods,4,pending_manual_review,retrieved
32781664,RETRACTED: Chamazulene-Rich Artemisia arborescens Essential Oils Affect the Cell Growth of Human Melanoma Cells.,terpene_essential_oil,chemistry;safety;primary_methods,4,pending_manual_review,retrieved
32842729,"Artemyrianolides A-S, Cytotoxic Sesquiterpenoids from Artemisia myriantha.",terpene_essential_oil;sesquiterpene_lactone,chemistry;safety;primary_methods,4,pending_manual_review,retrieved
32982763,"Odorant-Binding Proteins Contribute to the Defense of the Red Flour Beetle, Tribolium castaneum, Against Essential Oil of Artemisia vulgaris.",terpene_essential_oil;genomics_phylogenomics;safety,chemistry;safety;primary_methods,4,pending_manual_review,retrieved
3307655,"The chemotherapy of rodent malaria, XL. The action of artemisinin and related sesquiterpenes.",terpene_essential_oil;sesquiterpene_lactone;antiparasitic,chemistry;antiparasitic,4,pending_manual_review,retrieved
33399891,"Antibacterial, anti-biofilm and anti-quorum sensing activities of Artemisia dracunculus essential oil (EO): a study against Salmonella enterica serovar Typhimurium and Staphylococcus aureus.",terpene_essential_oil;safety,chemistry;safety;primary_methods,4,pending_manual_review,retrieved
33498594,"Mulberry Protection through Flowering-Stage Essential Oil of Artemisia annua against the Lesser Mulberry Pyralid, Glyphodes pyloalis Walker.",terpene_essential_oil;safety,chemistry;safety;primary_methods,4,pending_manual_review,retrieved
33588649,Essential oils from Artemisia species inhibit biofilm formation and the virulence of Escherichia coli EPEC 2348/69.,terpene_essential_oil;safety,chemistry;safety;primary_methods,4,pending_manual_review,retrieved
33614607,High-Level Patchoulol Biosynthesis in Artemisia annua L.,terpene_essential_oil;biosynthesis_genes,chemistry;genomics,4,pending_manual_review,retrieved
33694172,Artemisia dracunculus L. essential oil phytochemical components trigger the activity of cellular antioxidant enzymes.,terpene_essential_oil,chemistry;safety;primary_methods,4,pending_manual_review,retrieved
33740256,"Discovery and modulation of diterpenoid metabolism improves glandular trichome formation, artemisinin production and stress resilience in Artemisia annua.",terpene_essential_oil;sesquiterpene_lactone;diterpene_triterpene;biosynthesis_genes;genomics_phylogenomics;antiparasitic,chemistry;genomics,4,pending_manual_review,retrieved
33781859,Cytotoxic guaianolides and seco-guaianolides from Artemisia atrovirens.,terpene_essential_oil;sesquiterpene_lactone;diterpene_triterpene,chemistry;safety;primary_methods,4,pending_manual_review,retrieved
33818725,Carrageenan oligomers and salicylic acid act in tandem to escalate artemisinin production by suppressing arsenic uptake and oxidative stress in Artemisia annua (sweet wormwood) cultivated in high arsenic soil.,terpene_essential_oil;sesquiterpene_lactone;biosynthesis_genes;antiparasitic;safety,chemistry;safety;primary_methods,4,pending_manual_review,retrieved
33925212,Sesquiterpene Lactones from Artemisia absinthium. Biotransformation and Rearrangement of the Insect Antifeedant 3α-hydroxypelenolide.,sesquiterpene_lactone,chemistry;safety;primary_methods,4,pending_manual_review,retrieved
33932510,Chemical characterization and bioactive potential of Artemisia campestris L. subsp. maritima (DC) Arcang. essential oil and hydrodistillation residual water.,terpene_essential_oil;safety,chemistry;safety;primary_methods,4,pending_manual_review,retrieved
33934282,Acaricidal activity of Artemisia herba-alba and Melia azedarach oil nanoemulsion against Hyalomma dromedarii and their toxicity on Swiss albino mice.,terpene_essential_oil;safety,chemistry;safety;primary_methods,4,pending_manual_review,retrieved
33973783,Engineering Nootkatone Biosynthesis in Artemisia annua.,terpene_essential_oil;sesquiterpene_lactone;biosynthesis_genes;antiparasitic,chemistry;genomics,4,pending_manual_review,retrieved
34068826,"Phytochemical Profile and In Vitro Antioxidant, Antimicrobial, Vital Physiological Enzymes Inhibitory and Cytotoxic Effects of Artemisia jordanica Leaves Essential Oil from Palestine.",terpene_essential_oil,chemistry;safety;primary_methods,4,pending_manual_review,retrieved
34144276,"Artematrovirenins A-P, guaiane-type sesquiterpenoids with cytotoxicities against two hepatoma cell lines from Artemisia atrovirens.",terpene_essential_oil,chemistry;safety;primary_methods,4,pending_manual_review,retrieved
34221874,New guaiane-type sesquiterpenoid dimers from Artemisia atrovirens and their antihepatoma activity.,sesquiterpene_lactone,chemistry;safety;primary_methods,4,pending_manual_review,retrieved
34268303,Artemisia argyi Essential Oil Inhibits Hepatocellular Carcinoma Metastasis via Suppression of DEPDC1 Dependent Wnt/β-Catenin Signaling Pathway.,terpene_essential_oil;safety,chemistry;safety;primary_methods,4,pending_manual_review,retrieved
34297325,"The karyotype, genome survey, and assembly of Mud artemisia (Artemisia selengensis).",genomics_phylogenomics,chemistry;genomics,4,pending_manual_review,retrieved
34479182,Pharmacokinetic and tissue distribution study of eight volatile constituents in rats orally administrated with the essential oil of Artemisiae argyi Folium by GC-MS/MS.,terpene_essential_oil;biosynthesis_genes;safety,chemistry;safety;primary_methods,4,pending_manual_review,retrieved
34546358,Knockdown of Uridine Diphosphate Glucosyltransferase 86Dg Enhances Susceptibility of Tribolium castaneum (Coleoptera: Tenebrionidae) to Artemisia vulgaris (Asterales: Asteraceae) Essential Oil.,terpene_essential_oil;biosynthesis_genes;safety,chemistry;safety;primary_methods,4,pending_manual_review,retrieved
34619470,Evaluation of the phytotoxic effect of the essential oil from Artemisia absinthium.,terpene_essential_oil;safety,chemistry;safety;primary_methods,4,pending_manual_review,retrieved
34669255,"New Insights into the Chemical Composition, Pro-Inflammatory Cytokine Inhibition Profile of Davana (Artemisia pallens Wall. ex DC.) Essential Oil and cis-Davanone in Primary Macrophage Cells.",terpene_essential_oil;biosynthesis_genes,chemistry;safety;primary_methods,4,pending_manual_review,retrieved
34802531,"Fumigant toxicity and biochemical effects of selected essential oils toward the red flour beetle, Tribolium castaneum (Coleoptera: Tenebrionidae).",terpene_essential_oil;safety,chemistry;safety;primary_methods,4,pending_manual_review,retrieved
34833872,"Thymus algeriensis and Artemisia herba-alba Essential Oils: Chemical Analysis, Antioxidant Potential and In Vivo Anti-Inflammatory, Analgesic Activities, and Acute Toxicity.",terpene_essential_oil;biosynthesis_genes;safety,chemistry;safety;primary_methods,4,pending_manual_review,retrieved
34941680,Isolation and Insecticidal Activity of Essential Oil from Artemisia lavandulaefolia DC. against Plutella xylostella.,terpene_essential_oil;safety,chemistry;safety;primary_methods,4,pending_manual_review,retrieved
35001767,Two new eudesmane sesquiterpene glucosides from the aerial parts of Artemisia vulgaris.,terpene_essential_oil,chemistry;safety;primary_methods,4,pending_manual_review,retrieved
35023612,"Essential Oils of Six Achillea Species: Chemical Profiles, Antimicrobial Potential and Toxicity toward Crustaceans.",terpene_essential_oil;safety,chemistry;safety;primary_methods,4,pending_manual_review,retrieved
3509293,Analysis of the antimalarial sesquiterpene artemisinin in Artemisia annua by high-performance liquid chromatography (HPLC) with postcolumn derivatization and ultraviolet detection.,terpene_essential_oil;sesquiterpene_lactone;antiparasitic,chemistry;antiparasitic,4,pending_manual_review,no_abstract
35137924,Inhibitory effects and underlying mechanisms of Artemisia capillaris essential oil on melanogenesis in the B16F10 cell line.,terpene_essential_oil;biosynthesis_genes;safety,chemistry;safety;primary_methods,4,pending_manual_review,retrieved
35164360,Chemical Composition and Synergistic Potential of Mentha pulegium L. and Artemisia herba alba Asso. Essential Oils and Antibiotic against Multi-Drug Resistant Bacteria.,terpene_essential_oil;safety,chemistry;safety;primary_methods,4,pending_manual_review,retrieved
35268647,"Chemical Composition, Insecticidal, Persistence and Detoxification Enzyme Inhibition Activities of Essential Oil of Artemisia maritima against the Pulse Beetle.",terpene_essential_oil;biosynthesis_genes;safety,chemistry;safety;primary_methods,4,pending_manual_review,retrieved
35313811,Variation in terpenoids in leaves of Artemisia annua grown under different LED spectra resulting in diverse antimalarial activities against Plasmodium falciparum.,terpene_essential_oil;sesquiterpene_lactone;antiparasitic,chemistry;antiparasitic,4,pending_manual_review,retrieved
35431419,"Exogenous Strigolactone (GR24) Positively Regulates Growth, Photosynthesis, and Improves Glandular Trichome Attributes for Enhanced Artemisinin Production in Artemisia annua.",sesquiterpene_lactone,chemistry;antiparasitic,4,pending_manual_review,retrieved
35448756,"Phytochemical Analysis, Antioxidant Potential, and Cytotoxicity Evaluation of Traditionally Used Artemisia absinthium L. (Wormwood) Growing in the Central Region of Saudi Arabia.",terpene_essential_oil;safety,chemistry;safety;primary_methods,4,pending_manual_review,retrieved
35491411,"Artemyrianosins A-J, cytotoxic germacrane-type sesquiterpene lactones from Artemisia myriantha.",sesquiterpene_lactone,chemistry;safety;primary_methods,4,pending_manual_review,retrieved
35566390,"Biotechnological Approaches for Production of Artemisinin, an Anti-Malarial Drug from Artemisia annua L.",terpene_essential_oil;sesquiterpene_lactone;biosynthesis_genes;antiparasitic,chemistry;genomics,4,pending_manual_review,retrieved
35689517,Genome sequencing reveals chromosome fusion and extensive expansion of genes related to secondary metabolism in Artemisia argyi.,terpene_essential_oil;biosynthesis_genes;genomics_phylogenomics,chemistry;genomics,4,pending_manual_review,retrieved
35693441,"Study on chemical constituents of Folium Artemisiae argyi Carbonisatum, toxicity evaluation on zebrafish and intestinal hemostasis.",safety,chemistry;safety;primary_methods,4,pending_manual_review,retrieved
35734250,Basic Helix-Loop-Helix Transcription Factors AabHLH2 and AabHLH3 Function Antagonistically With AaMYC2 and Are Negative Regulators in Artemisinin Biosynthesis.,sesquiterpene_lactone;biosynthesis_genes,chemistry;genomics,4,pending_manual_review,retrieved
35745350,Biosynthesis of Iron Oxide Nanoparticles: Physico-Chemical Characterization and Their In Vitro Cytotoxicity on Healthy and Tumorigenic Cell Lines.,biosynthesis_genes;safety,genomics;safety;primary_methods,4,pending_manual_review,retrieved
35807578,Chemical Diversity and Anti-Insect Activity Evaluation of Essential Oils Extracted from Five Artemisia Species.,terpene_essential_oil;safety,chemistry;safety;primary_methods,4,pending_manual_review,retrieved
35809862,"Artemidubolides A-T, cytotoxic unreported guaiane-type sesquiterpenoid dimers against three hepatoma cell lines from Artemisia dubia.",terpene_essential_oil;sesquiterpene_lactone,chemistry;safety;primary_methods,4,pending_manual_review,retrieved
35908354,"Artemzhongdianolides A1-A21, antihepatic fibrosis guaiane-type sesquiterpenoid dimers from Artemisia zhongdianensis.",terpene_essential_oil;sesquiterpene_lactone,chemistry;safety;primary_methods,4,pending_manual_review,retrieved
35962444,Nanoemulsion and nanogel containing Artemisia dracunculus essential oil; larvicidal effect and antibacterial activity.,terpene_essential_oil;safety,chemistry;antiparasitic,4,pending_manual_review,retrieved
36037907,Phytochemical analysis of Artemisia kopetdaghensis: Sesquiterpene lactones with proapoptotic activity against prostate cancer cells.,terpene_essential_oil;sesquiterpene_lactone,chemistry;safety;primary_methods,4,pending_manual_review,retrieved
36558030,Chemical Composition and Antioxidant and Antibacterial Potencies of the Artemisia ordosica Aerial Parts Essential Oil during the Vegetative Period.,terpene_essential_oil;safety,chemistry;safety;primary_methods,4,pending_manual_review,retrieved
36597358,A chromosome-scale genome assembly of Artemisia argyi reveals unbiased subgenome evolution and key contributions of gene duplication to volatile terpenoid diversity.,terpene_essential_oil;sesquiterpene_lactone;biosynthesis_genes;genomics_phylogenomics,chemistry;genomics,4,pending_manual_review,retrieved
36601986,"Artemongolides A-F, undescribed sesquiterpenoid dimers from Artemisia mongolica and their antihepatic fibrosis activities.",terpene_essential_oil;sesquiterpene_lactone,chemistry;safety;primary_methods,4,pending_manual_review,retrieved
36974406,"Recent Trends on Production Sources, Biosynthesis Pathways and Antiviral Efficacies of Artemisinin: A Candidate Phytomedicine against SARS-CoV-2.",terpene_essential_oil;sesquiterpene_lactone;biosynthesis_genes;antiparasitic,chemistry;genomics,4,pending_manual_review,retrieved
36986977,"Chemical Diversity of Artemisia rutifolia Essential Oil, Antimicrobial and Antiradical Activity.",terpene_essential_oil;safety,chemistry;safety;primary_methods,4,pending_manual_review,retrieved
37059248,"Artemisia sieberi Besser essential oil inhibits the growth and migration of breast cancer cells via induction of S-phase arrest, caspase-independent cell death and downregulation of ERK.",terpene_essential_oil;biosynthesis_genes,chemistry;safety;primary_methods,4,pending_manual_review,retrieved
37156434,"Artemiprinolides A-M, thirteen undescribed sesquiterpenoid dimers from Artemisia princeps and their antihepatoma activity.",terpene_essential_oil,chemistry;safety;primary_methods,4,pending_manual_review,retrieved
37163901,In vivo anti-hepatitis B activity of Artemisia argyi essential oil-loaded nanostructured lipid carriers. Study of its mechanism of action by network pharmacology and molecular docking.,terpene_essential_oil;safety,chemistry;safety;primary_methods,4,pending_manual_review,retrieved
37193491,Isolation of potent antileishmanial agents from Artemisia kermanensis Podlech using bioguided fractionation.,antiparasitic;safety,antiparasitic;safety;primary_methods,4,pending_manual_review,retrieved
37233098,Identification of Terpenoid Compounds and Toxicity Assays of Essential Oil Microcapsules from Artemisia stechmanniana.,terpene_essential_oil;safety,chemistry;safety;primary_methods,4,pending_manual_review,retrieved
37347548,Hepatoprotective effect of Artemisia Argyi essential oil on bisphenol A-induced hepatotoxicity via inhibition of ferroptosis in mice.,terpene_essential_oil;biosynthesis_genes,chemistry;safety;primary_methods,4,pending_manual_review,retrieved
37370564,"Phytochemistry, Pharmacology and Mode of Action of the Anti-Bacterial Artemisia Plants.",terpene_essential_oil,chemistry;safety;primary_methods,4,pending_manual_review,retrieved
37420038,Nanoliposomes containing three essential oils from the Artemisia genus as effective larvicides against Aedes aegypti and Anopheles stephensi.,terpene_essential_oil,chemistry;antiparasitic,4,pending_manual_review,retrieved
37449571,Two novel sesquiterpenes and one new monoterpene from the aerial part of Artemisia tournefortiana.,terpene_essential_oil,chemistry;safety;primary_methods,4,pending_manual_review,retrieved
37578619,Sesquiterpene from Artemisia argyi seed extracts: A new anti-acute peritonitis agent that suppresses the MAPK pathway and promotes autophagy.,terpene_essential_oil,chemistry;safety;primary_methods,4,pending_manual_review,retrieved
37666615,Efficiency of Artemisia annua L. essential oil and its chitosan/tripolyphosphate or zeolite encapsulated form in controlling Sitophilus oryzae L.,terpene_essential_oil;safety,chemistry;safety;primary_methods,4,pending_manual_review,retrieved
37918620,Sesquiterpenoids from aged Artemisia argyi and their 3D-QSAR for anti-HBV activity.,terpene_essential_oil;sesquiterpene_lactone;safety,chemistry;safety;primary_methods,4,pending_manual_review,retrieved
37969984,"Biosynthesis of Artemisia abyssinica Leaf Extract-Mediated Bimetallic ZnO-CuO Nanoparticles: Antioxidant, Anticancer, and Molecular Docking Studies.",biosynthesis_genes,genomics;safety;primary_methods,4,pending_manual_review,retrieved
38000518,Predictive toxicological effects of Artemisia absinthium essential oil on hepatic stellate cells.,terpene_essential_oil;biosynthesis_genes;safety,chemistry;safety;primary_methods,4,pending_manual_review,retrieved
38073506,Phytochemical analysis of carotenoid profile in Mentha piperita and Artemisia vulgaris: cytotoxicity in tumoral cells and evaluation of plasmid DNA cleavage.,terpene_essential_oil;safety,chemistry;safety;primary_methods,4,pending_manual_review,retrieved
38439855,Comparison of phytochemical properties and expressional profiling of artemisinin synthesis-related genes in various Artemisia species.,sesquiterpene_lactone;biosynthesis_genes;genomics_phylogenomics;safety,chemistry;safety;primary_methods,4,pending_manual_review,retrieved
38542997,"Chemical Composition of Essential Oils from Natural Populations of Artemisia scoparia Collected at Different Altitudes: Antibacterial, Mosquito Repellent, and Larvicidal Effects.",terpene_essential_oil,chemistry;antiparasitic,4,pending_manual_review,retrieved
38592817,"Artemisia arborescens (Vaill.) L.: Micromorphology, Essential Oil Composition, and Its Potential as an Alternative Biocontrol Product.",terpene_essential_oil;safety,chemistry;safety;primary_methods,4,pending_manual_review,retrieved
38705265,Anti-inflammatory discovery of sesquiterpenoids and a jasmonic acid derivative from Artemisia stolonifera.,terpene_essential_oil;biosynthesis_genes,chemistry;safety;primary_methods,4,pending_manual_review,retrieved
38714088,Physiology and transcriptome analysis of Artemisia argyi adaptation and accumulation to soil cadmium.,terpene_essential_oil;genomics_phylogenomics;safety,chemistry;genomics,4,pending_manual_review,retrieved
38764794,HPLC separation and in vitro antimalarial studies of Artemisia annua plants from two different origins: Cameroon versus Luxembourg.,sesquiterpene_lactone;antiparasitic,antiparasitic;safety;primary_methods,4,pending_manual_review,retrieved
39006964,The reference genome sequence of Artemisia argyi provides insights into secondary metabolism biosynthesis.,terpene_essential_oil;biosynthesis_genes;genomics_phylogenomics,chemistry;genomics,4,pending_manual_review,retrieved
39170770,Exploring sesquiterpene lactone as a dual therapeutic agent for diabetes and oxidative stress: insights into PI3K/AKT modulation.,sesquiterpene_lactone;biosynthesis_genes;genomics_phylogenomics;safety,chemistry;safety;primary_methods,4,pending_manual_review,retrieved
39206258,A comparative analysis of chloroplast genomes revealed the chloroplast heteroplasmy of Artemisia annua.,sesquiterpene_lactone;genomics_phylogenomics;antiparasitic,genomics;antiparasitic,4,pending_manual_review,retrieved
39471916,Dynamic interactions and inhibitory mechanisms of Artemisia annua terpenoids with carbonic anhydrase IX.,terpene_essential_oil;biosynthesis_genes;safety,chemistry;safety;primary_methods,4,pending_manual_review,retrieved
39498451,Efficient biosynthesis of β-caryophyllene in Saccharomyces cerevisiae by β-caryophyllene synthase from Artemisia argyi.,terpene_essential_oil;biosynthesis_genes,chemistry;genomics,4,pending_manual_review,retrieved
39598372,Phytochemical Characterization Utilizing HS-SPME/GC-MS: Exploration of the Antioxidant and Enzyme Inhibition Properties of Essential Oil from Saudi Artemisia absinthium L.,terpene_essential_oil;safety,chemistry;safety;primary_methods,4,pending_manual_review,retrieved
39671784,Sesquiterpene lactone from Artemisia argyi inhibited cancer proliferation by inducing apoptosis and ferroptosis via key cell metabolism enzyme NDUFA4.,terpene_essential_oil;sesquiterpene_lactone;biosynthesis_genes;safety,chemistry;safety;primary_methods,4,pending_manual_review,retrieved
39717220,"Chemical composition, antimicrobial, and antioxidant properties of essential oils from Artemisia herba-alba asso. and Artemisia huguetii caball. from Morocco: in vitro and in silico evaluation.",terpene_essential_oil;safety,chemistry;safety;primary_methods,4,pending_manual_review,retrieved
39889862,"Sesquiterpene lactones from Artemisia porrecta Krasch.ex Poljakov and their anti-inflammatory, cytotoxic and anti-vitiligo activities.",terpene_essential_oil;sesquiterpene_lactone;biosynthesis_genes,chemistry;safety;primary_methods,4,pending_manual_review,retrieved
40005840,The Therapeutic Efficacy and Molecular Mechanisms of Artemisia argyi Essential Oil in Treating Feline Herpesvirus Infection via Nasal Drops.,terpene_essential_oil;genomics_phylogenomics,chemistry;safety;primary_methods,4,pending_manual_review,retrieved
40187451,Fabrication and characterization of Artemisia sphaerocephala Krasch. Gum-based active films containing coriander essential oil emulsion for meat preservation.,terpene_essential_oil;safety,chemistry;safety;primary_methods,4,pending_manual_review,retrieved
40274872,Dihydroartemisinic acid dehydrogenase-mediated alternative route for artemisinin biosynthesis.,terpene_essential_oil;sesquiterpene_lactone;biosynthesis_genes;antiparasitic,genomics;antiparasitic,4,pending_manual_review,retrieved
40334823,"Evaluation of cytotoxic effects of capillene and 2,4-pentadiynylbenzene isolated from Artemisia campestris subsp. variabilis (Ten.) Greuter essential oil and identified by NMR studies.",terpene_essential_oil,chemistry;safety;primary_methods,4,pending_manual_review,retrieved
40350417,Assessment of the in vitro activity and selectivity of Artemisia afra and Artemisia annua aqueous extracts against artemisinin-resistant Plasmodium falciparum.,terpene_essential_oil;sesquiterpene_lactone;antiparasitic,antiparasitic;safety;primary_methods,4,pending_manual_review,retrieved
40372575,Natural sesquiterpene lactones in prostate cancer therapy: mechanisms and sources.,terpene_essential_oil;sesquiterpene_lactone;safety,chemistry;safety;primary_methods,4,pending_manual_review,retrieved
40398524,Biotransformation of artemisinin by human intestinal fungi and cytotoxicity against breast cancer cells of its metabolites.,terpene_essential_oil;sesquiterpene_lactone;biosynthesis_genes;antiparasitic;safety,antiparasitic;safety;primary_methods,4,pending_manual_review,retrieved
40581035,Eleven undescribed bisabolane-type sesquiterpenoids from Artemisia persica.,terpene_essential_oil;biosynthesis_genes,chemistry;safety;primary_methods,4,pending_manual_review,retrieved
40662660,Monoterpenoids from Artemisia austriaca essential oil disrupt hormone-mediated reserve mobilization to suppress Avena fatua seed germination.,terpene_essential_oil;diterpene_triterpene;biosynthesis_genes,chemistry;safety;primary_methods,4,pending_manual_review,retrieved
40684821,From network prediction to experimental validation: Multi-Target mechanisms of Artemisia absinthium L. Essential Oil (AAEO) against depression.,terpene_essential_oil;sesquiterpene_lactone;safety,chemistry;safety;primary_methods,4,pending_manual_review,retrieved
40733222,Essential Oil from the Aerial Parts of Artemisia serotina Bunge (Winter Wormwood) Growing in Kazakhstan-Phytochemical Profile and Bioactivity.,terpene_essential_oil,chemistry;safety;primary_methods,4,pending_manual_review,retrieved
40866456,Chemical profiling and biological assessment of essential oil from Artemisia herba-alba.,terpene_essential_oil;diterpene_triterpene;safety,chemistry;safety;primary_methods,4,pending_manual_review,retrieved
40870612,Toxicity and Detoxification Enzyme Inhibition in the Two-Spotted Spider Mite (Tetranychus urticae Koch) by Artemisia annua L. Essential Oil and Its Major Monoterpenoids.,terpene_essential_oil;safety,chemistry;safety;primary_methods,4,pending_manual_review,retrieved
40871480,"Evaluation of Chemical Composition, Acaricidal, and Repellent Activities of Artemisia vulgaris L. (Asteraceae) Essential Oil Against Gall Mite Aceria pongamiae Keifer (Acarina: Eriophyidae).",terpene_essential_oil;safety,chemistry;safety;primary_methods,4,pending_manual_review,retrieved
40933602,"Gold nanoparticles from Artemisia absinthium, Morus nigra, and Peganum harmala: biosynthesis, characterization, and their biological evaluations against cancer cells.",biosynthesis_genes,genomics;safety;primary_methods,4,pending_manual_review,retrieved
41150090,Standardized Artemisia annua Exhibits Dual Antileishmanial Activity and Immunomodulatory Potential In Vitro.,sesquiterpene_lactone;antiparasitic;safety,antiparasitic;safety;primary_methods,4,pending_manual_review,retrieved
41226142,"GC/MS Analysis, Cytotoxicity, and Antimicrobial Properties of Six Moroccan Essential Oils Traditionally Used for COVID-19 Prevention.",terpene_essential_oil;safety,chemistry;safety;primary_methods,4,pending_manual_review,retrieved
41315747,"Essential oils from Artemisia judaica, Ruta graveolens and Salvia palaestina with antiradical, cytotoxic and AMPA receptor-modulatory activities.",terpene_essential_oil;biosynthesis_genes,chemistry;safety;primary_methods,4,pending_manual_review,retrieved
41358348,Chemical variability for authenticated and commercial Artemisia absinthium L. essential oils with thujones on tephritid fruit flies: Mediterranean fruit fly Ceratitis capitata (Wiedemann) and Caribbean fruit fly Anastrepha suspensa (Loew).,terpene_essential_oil;safety,chemistry;safety;primary_methods,4,pending_manual_review,retrieved
41391185,Comparative genomic analysis of Artemisia argyi reveals asymmetric expansion of terpene synthases and conservation of artemisinin biosynthesis.,terpene_essential_oil;sesquiterpene_lactone;biosynthesis_genes;genomics_phylogenomics;antiparasitic,chemistry;genomics,4,pending_manual_review,retrieved
41420846,"Cholinesterase Inhibitory Activity, Gas Chromatography-Mass Spectrometry Profiling, and In Silico Studies on the Selected Artemisia Essential Oils.",terpene_essential_oil;biosynthesis_genes;safety,chemistry;safety;primary_methods,4,pending_manual_review,retrieved
41449125,Quantitative Estimation and Biosynthetic Pathways Study of Artemisinin in Artemisia tournefortiana: An Alternative Source for Artemisinin.,terpene_essential_oil;sesquiterpene_lactone;biosynthesis_genes;antiparasitic,genomics;antiparasitic,4,pending_manual_review,retrieved
41629517,"Antibacterial activity of essential oils from Brocchia cinerea, Artemisia campestris and Origanum vulgare growing in Algeria against antibiotic-resistant foodborne pathogens.",terpene_essential_oil;safety,chemistry;safety;primary_methods,4,pending_manual_review,retrieved
41684177,"In-silico evaluation of the efficacy of essential oils from Artemisia absinthium, Artemisia herba-alba, and Artemisia annua against SARS-CoV-2.",terpene_essential_oil;biosynthesis_genes;safety,chemistry;safety;primary_methods,4,pending_manual_review,retrieved
41752573,Insecticidal and Sublethal Effects of Artemisia scoparia Essential Oil on Liriomyza sativae.,terpene_essential_oil;safety,chemistry;safety;primary_methods,4,pending_manual_review,retrieved
41900028,4-Phenylbut-2-yl Esters from the Essential Oil of Artemisia rutifolia from Mongolia.,terpene_essential_oil;safety,chemistry;safety;primary_methods,4,pending_manual_review,retrieved
41935795,Phytochemical investigation of Artemisia persica: Isolation and characterization of new monoterpenoids.,terpene_essential_oil;biosynthesis_genes,chemistry;safety;primary_methods,4,pending_manual_review,retrieved
41990923,Differential synergistic antimalarial effects of an A. annua extract on artemisinin via host pharmacokinetic modulation.,terpene_essential_oil;sesquiterpene_lactone;biosynthesis_genes;antiparasitic;safety,antiparasitic;safety;primary_methods,4,pending_manual_review,retrieved
42007177,"Dual PTP1B/DPP4 Inhibitory Potential of Agathosma betulina, Cymbopogon citratus, and Artemisia afra: Structure-Based Modeling of Phytochemical Leads and Essential Oil Bioassays.",terpene_essential_oil;safety,chemistry;safety;primary_methods,4,pending_manual_review,retrieved
42369647,"Comprehensive Analysis of Artemisia argyi H. Lév. & Vaniot Essential Oil: Chemical Composition, Antimicrobial Efficacy, Biofilm Disruption, and Insecticidal Potential.",terpene_essential_oil;safety,chemistry;safety;primary_methods,4,pending_manual_review,retrieved
42372896,Quality-by-design optimized albumin nanoparticles encapsulating Artemisia annua L. phytochemicals using artemisinin as a quantitative marker.,terpene_essential_oil;sesquiterpene_lactone;biosynthesis_genes;antiparasitic;safety,chemistry;safety;primary_methods,4,pending_manual_review,retrieved
42427257,Chemical Profiling and ROS-Dependent Antiproliferative Activity of Artemisia nilagirica (C.B.Clarke) Pamp. (Asteraceae) Essential Oil in Human Gastric Adenocarcinoma Cells.,terpene_essential_oil;biosynthesis_genes,chemistry;safety;primary_methods,4,pending_manual_review,retrieved
42470891,Linking the chemical profile of Artemisia herba-alba essential oil to its cytotoxic effects: an in silico and spermatozoa model study.,terpene_essential_oil;safety,chemistry;safety;primary_methods,4,pending_manual_review,retrieved
42482341,Unraveling the Catalytic Promiscuity Mechanism of Triterpene Synthase AaOSC-22030 via Multiscale QM/MM Simulations and Mutagenesis.,terpene_essential_oil;diterpene_triterpene;biosynthesis_genes,chemistry;genomics,4,pending_manual_review,retrieved
42484766,"Biosynthesis, characterization, and antiproliferative activity of gold nanoparticles synthesized using Artemisia chamaemelifolia extract against cisplatin-resistant ovarian cancer cells.",biosynthesis_genes,genomics;safety;primary_methods,4,pending_manual_review,retrieved
42572844,Comparison of in vivo anthelmintic efficacy of Artemisia absinthium extract and albendazole in Awassi breed sheep with natural gastrointestinal nematode infection.,antiparasitic;safety,antiparasitic;safety;primary_methods,4,pending_manual_review,retrieved
4847771,"New monoterpenes from Artemisia filifolia (Torrey). Structure, synthesis, rearrangements, and biosynthesis.",terpene_essential_oil;biosynthesis_genes,chemistry;genomics,4,pending_manual_review,no_abstract
5532413,"Terpene biosynthesis. 3. Biosynthesis of (+)- and (-)-camphor in Artemisia, Salvia, and Chrysanthemum species.",terpene_essential_oil;biosynthesis_genes,chemistry;genomics,4,pending_manual_review,no_abstract
8134418,Cytotoxic terpenoids and flavonoids from Artemisia annua.,terpene_essential_oil;sesquiterpene_lactone,chemistry;safety;primary_methods,4,pending_manual_review,retrieved
8264720,Fungitoxicity of essential oils against dermatophytes.,terpene_essential_oil,chemistry;safety;primary_methods,4,pending_manual_review,retrieved
8374514,"In vitro biological activities of arglabin, a sesquiterpene lactone from the Chinese herb Artemisia myriantha Wall. (Asteraceae).",terpene_essential_oil;sesquiterpene_lactone;biosynthesis_genes,chemistry;safety;primary_methods,4,pending_manual_review,retrieved
10083848,Mono- and sesquiterpenes and antifungal constituents from Artemisia species.,terpene_essential_oil;sesquiterpene_lactone,chemistry;primary_methods,3,pending_manual_review,retrieved
10212442,"Comparative evaluation of the antimicrobial activities of essential oils of Artemisia afra, Pteronia incana and Rosmarinus officinalis on selected bacteria and yeast strains.",terpene_essential_oil,chemistry;primary_methods,3,pending_manual_review,retrieved
10865468,Terpenoids and flavonoids from Artemisia species.,terpene_essential_oil;sesquiterpene_lactone,chemistry;primary_methods,3,pending_manual_review,retrieved
11233109,Acaricidal properties of Artemisia absinthium and Tanacetum vulgare (Asteraceae) essential oils obtained by three methods of extraction.,terpene_essential_oil;safety,chemistry;safety,3,pending_manual_review,retrieved
11254028,New guaianolides from Artemisia selengensis.,terpene_essential_oil;sesquiterpene_lactone;diterpene_triterpene,chemistry;primary_methods,3,pending_manual_review,retrieved
11268106,"The antioxidant activity of the essential oils of Artemisia afra, Artemisia abyssinica and Juniperus procera.",terpene_essential_oil;biosynthesis_genes,chemistry;primary_methods,3,pending_manual_review,retrieved
11578659,Artemisinin and its derivatives: an important new class of antimalarial agents.,terpene_essential_oil;sesquiterpene_lactone;antiparasitic;safety,antiparasitic;primary_methods,3,pending_manual_review,retrieved
11809456,"The monoterpenes of Artemisia tridentata ssp. vaseyana, Artemisia cana ssp. viscidula and Artemisia tridentata ssp. spiciformis.",terpene_essential_oil;diterpene_triterpene,chemistry;primary_methods,3,pending_manual_review,retrieved
11926070,Sesquiterpene lactone dehydroleucodine selectively induces transient arrest in G2 in Allium cepa root meristematic cells.,terpene_essential_oil;sesquiterpene_lactone,chemistry;primary_methods,3,pending_manual_review,retrieved
12094294,Antiulcerogenic activity of some sesquiterpene lactones isolated from Artemisia annua.,terpene_essential_oil;sesquiterpene_lactone;diterpene_triterpene;antiparasitic,chemistry;primary_methods,3,pending_manual_review,retrieved
12391550,"Synergistic induction of 1,25-dihydroxyvitamin D(3)- and all-trans-retinoic acid-induced differentiation of HL-60 leukemia cells by yomogin, a sesquiterpene lactone from Artemisia princeps.",terpene_essential_oil;sesquiterpene_lactone;diterpene_triterpene,chemistry;primary_methods,3,pending_manual_review,retrieved
12428948,Antifungal constituents of the essential oil fraction of Artemisia dracunculus L. Var. dracunculus.,terpene_essential_oil,chemistry;primary_methods,3,pending_manual_review,retrieved
12624823,Composition and antimicrobial activity of the essential oil of Artemisia absinthium from Croatia and France.,terpene_essential_oil;safety,chemistry;safety,3,pending_manual_review,retrieved
12713410,Sesquiterpenoids from Artemisia gilvescens and an anti-MRSA compound.,terpene_essential_oil,chemistry;primary_methods,3,pending_manual_review,retrieved
12946429,Terpenoids from the seeds of Artemisia annua.,terpene_essential_oil;sesquiterpene_lactone;diterpene_triterpene;biosynthesis_genes;antiparasitic,chemistry;primary_methods,3,pending_manual_review,retrieved
14611181,Seasonal and phenological variations of the essential oil from the narrow endemic species Artemisia molinieri and its biological activities.,terpene_essential_oil,chemistry;primary_methods,3,pending_manual_review,retrieved
14658510,Repellency and toxicity of oil from Artemisia annua to certain stored-product beetles.,terpene_essential_oil;safety,chemistry;safety,3,pending_manual_review,retrieved
14993622,Pharmacokinetic study of artemisinin after oral intake of a traditional preparation of Artemisia annua L. (annual wormwood).,terpene_essential_oil;sesquiterpene_lactone;biosynthesis_genes;antiparasitic;safety,antiparasitic;safety,3,pending_manual_review,retrieved
15095151,Studies on the effects of fpf1 gene on Artemisia annua flowering time and on the linkage between flowering and artemisinin biosynthesis.,terpene_essential_oil;sesquiterpene_lactone;biosynthesis_genes;genomics_phylogenomics;antiparasitic,genomics;primary_methods,3,pending_manual_review,retrieved
15134519,Recent advances in artemisinin and its derivatives as antimalarial and antitumor agents.,terpene_essential_oil;sesquiterpene_lactone;antiparasitic,antiparasitic;primary_methods,3,pending_manual_review,retrieved
15234763,Anthelmintic activity of Artemisia brevifolia in sheep.,antiparasitic,antiparasitic;primary_methods,3,pending_manual_review,retrieved
15497944,Polyol monoterpenes and sesquiterpene lactones from the Pacific Northwest plant Artemisia suksdorfii.,terpene_essential_oil;sesquiterpene_lactone,chemistry;primary_methods,3,pending_manual_review,retrieved
15554256,A new sesquiterpene lactone from Artemisia rubripes nakai.,terpene_essential_oil;sesquiterpene_lactone,chemistry;primary_methods,3,pending_manual_review,retrieved
15567314,Liposomal incorporation of Artemisia arborescens L. essential oil and in vitro antiviral activity.,terpene_essential_oil,chemistry;primary_methods,3,pending_manual_review,retrieved
15740015,Screening of chemical composition and antifungal and antioxidant activities of the essential oils from three Turkish artemisia species.,terpene_essential_oil;antiparasitic,chemistry;primary_methods,3,pending_manual_review,retrieved
16230008,Repellent and insecticidal activities of essential oils from Artemisia princeps and Cinnamomum camphora and their effect on seed germination of wheat and broad bean.,terpene_essential_oil;safety,chemistry;safety,3,pending_manual_review,retrieved
16302761,"Determination of the chemical composition and antioxidant activity of the essential oil of Artemisia dracunculus and of the antifungal and antibacterial activities of Turkish Artemisia absinthium, A. dracunculus, Artemisia santonicum, and Artemisia spicigera essential oils.",terpene_essential_oil,chemistry;primary_methods,3,pending_manual_review,retrieved
16584150,Artemisia arborescens L essential oil-loaded solid lipid nanoparticles for potential agricultural application: preparation and characterization.,terpene_essential_oil,chemistry;primary_methods,3,pending_manual_review,retrieved
16650427,Quantitation of artemisinin and its biosynthetic precursors in Artemisia annua L. by high performance liquid chromatography-electrospray quadrupole time-of-flight tandem mass spectrometry.,terpene_essential_oil;sesquiterpene_lactone;biosynthesis_genes;antiparasitic,genomics;primary_methods,3,pending_manual_review,retrieved
16860353,Alpha-pinene-type monoterpenes and other constituents from Artemisia suksdorfii.,terpene_essential_oil,chemistry;primary_methods,3,pending_manual_review,retrieved
17032625,Comparison of composition and antifungal activity of Artemisia argyi Lévl. et Vant inflorescence essential oil extracted by hydrodistillation and supercritical carbon dioxide.,terpene_essential_oil,chemistry;primary_methods,3,pending_manual_review,retrieved
17037210,[The preparation of an elicitor from a fungal endophyte to enhance artemisinin production in hairy root cultures of Artemisia annua L].,terpene_essential_oil;sesquiterpene_lactone;biosynthesis_genes;antiparasitic,genomics;primary_methods,3,pending_manual_review,retrieved
17099845,Earlier flowering induced by over-expression of CO gene does not accompany increase of artemisinin biosynthesis in Artemisia annua.,terpene_essential_oil;sesquiterpene_lactone;biosynthesis_genes;genomics_phylogenomics;antiparasitic,genomics;primary_methods,3,pending_manual_review,retrieved
17243478,Determination of artemisinin in Artemisia sieberi and anticoccidial effects of the plant extract in broiler chickens.,terpene_essential_oil;sesquiterpene_lactone;antiparasitic,chemistry;primary_methods,3,pending_manual_review,retrieved
17345348,"Formation of Artemisinin in Artemisia annua During One Vegetation Period*,1.",sesquiterpene_lactone;antiparasitic,antiparasitic;primary_methods,3,pending_manual_review,retrieved
17386456,An effective method for fast determination of artemisinin in Artemisia annua L. by high performance liquid chromatography with evaporative light scattering detection.,terpene_essential_oil;sesquiterpene_lactone;antiparasitic,antiparasitic;primary_methods,3,pending_manual_review,retrieved
17402082,[A chemical study of the essential oil from Artemisia arborescens].,terpene_essential_oil,chemistry;primary_methods,3,pending_manual_review,retrieved
17404981,Constituents of the Essential Oil of Artemisia coerulescens.,terpene_essential_oil;safety,chemistry;safety,3,pending_manual_review,retrieved
17405093,Constituents of Essential Oil of Artemisia arborescens.,terpene_essential_oil;safety,chemistry;safety,3,pending_manual_review,retrieved
17489600,"Artarborol, a nor-caryophyllane sesquiterpene alcohol from Artemisia arborescens. stereostructure assignment through concurrence of NMR data and computational analysis.",terpene_essential_oil,chemistry;primary_methods,3,pending_manual_review,retrieved
17804216,Yield enhancement strategies for artemisinin production by suspension cultures of Artemisia annua.,terpene_essential_oil;sesquiterpene_lactone;biosynthesis_genes;antiparasitic,chemistry;primary_methods,3,pending_manual_review,retrieved
17915817,Artemisia arborescens L essential oil loaded beads: preparation and characterization.,terpene_essential_oil,chemistry;primary_methods,3,pending_manual_review,retrieved
17972063,Understanding artemisinin-induced brainstem neurotoxicity.,terpene_essential_oil;sesquiterpene_lactone;antiparasitic;safety,antiparasitic;safety,3,pending_manual_review,retrieved
18019840,SLN as a topical delivery system for Artemisia arborescens essential oil: in vitro antiviral activity and skin permeation study.,terpene_essential_oil;biosynthesis_genes;safety,chemistry;primary_methods,3,pending_manual_review,retrieved
18167456,Chemical composition and antibacterial activity of essential oil from Artemisia feddei.,terpene_essential_oil;safety,chemistry;safety,3,pending_manual_review,retrieved
18211551,Effect of arbuscular mycorrhizal (AM) colonization on terpene emission and content of Artemisia annua L.,terpene_essential_oil;biosynthesis_genes,chemistry;primary_methods,3,pending_manual_review,retrieved
18546395,Preparative isolation of guaipyridine sesquiterpene alkaloid from Artemisia rupestris L. flowers using high-speed counter-current chromatography.,terpene_essential_oil,chemistry;primary_methods,3,pending_manual_review,retrieved
18814663,Chemical composition of the essential oil of Artemisia absinthium growing wild in Iran.,terpene_essential_oil;biosynthesis_genes;safety,chemistry;safety,3,pending_manual_review,retrieved
18816428,Quantitative transcript profiling reveals down-regulation of A sterol pathway relevant gene and overexpression of artemisinin biogenetic genes in transgenic Artemisia annua plants.,terpene_essential_oil;sesquiterpene_lactone;diterpene_triterpene;biosynthesis_genes;genomics_phylogenomics;antiparasitic,chemistry;primary_methods,3,pending_manual_review,retrieved
19040104,Phytotoxicity of major constituents of the volatile oil from leaves of Artemisia scoparia Waldst. & Kit.,terpene_essential_oil;safety,chemistry;safety,3,pending_manual_review,retrieved
19070963,Anthelmintic activity of extracts of Artemisia absinthium against ovine nematodes.,antiparasitic,antiparasitic;primary_methods,3,pending_manual_review,retrieved
19384287,Essential oil composition of Artemisia herba-alba from southern Tunisia.,terpene_essential_oil;safety,chemistry;safety,3,pending_manual_review,retrieved
19391681,Degradation and ecotoxicity of the biomedical drug artemisinin in soil.,terpene_essential_oil;sesquiterpene_lactone;biosynthesis_genes;antiparasitic;safety,antiparasitic;safety,3,pending_manual_review,retrieved
19444796,Simple and rapid micro-scale quantification of artemisinin in living Artemisia annua L. by improved gas chromatography with electron-capture detection.,terpene_essential_oil;sesquiterpene_lactone;biosynthesis_genes;antiparasitic;safety,genomics;safety,3,pending_manual_review,retrieved
19521701,Salicylic acid activates artemisinin biosynthesis in Artemisia annua L.,terpene_essential_oil;sesquiterpene_lactone;biosynthesis_genes;genomics_phylogenomics;antiparasitic,genomics;primary_methods,3,pending_manual_review,retrieved
19562334,Stimulation of artemisinin synthesis by combined cerebroside and nitric oxide elicitation in Artemisia annua hairy roots.,terpene_essential_oil;sesquiterpene_lactone;diterpene_triterpene;biosynthesis_genes;antiparasitic,genomics;primary_methods,3,pending_manual_review,retrieved
19789707,Simple field assays to check quality of current artemisinin-based antimalarial combination formulations.,terpene_essential_oil;sesquiterpene_lactone;antiparasitic,antiparasitic;primary_methods,3,pending_manual_review,retrieved
19831041,Composition and antimicrobial activity of the essential oil of Artemisia kulbadica from Iran.,terpene_essential_oil;safety,chemistry;safety,3,pending_manual_review,retrieved
20052554,"Artemisioside, a new monoterpene glucoside from the aerial parts of Artemisia ordosica (Asteraceae).",terpene_essential_oil,chemistry;primary_methods,3,pending_manual_review,retrieved
20096322,In vitro screening of essential oil from young and mature leaves of Artemisia scoparia compared to its major constituents for free radical scavenging activity.,terpene_essential_oil;biosynthesis_genes,chemistry;primary_methods,3,pending_manual_review,retrieved
20233108,Sesquiterpene lactone fraction from Artemisia khorassanica inhibits inducible nitric oxide synthase and cyclooxygenase-2 expression through the inactivation of NF-κB.,terpene_essential_oil;sesquiterpene_lactone;biosynthesis_genes,chemistry;primary_methods,3,pending_manual_review,retrieved
20335947,Ancient Chinese methods are remarkably effective for the preparation of artemisinin-rich extracts of Qing Hao with potent antimalarial activity.,terpene_essential_oil;sesquiterpene_lactone;antiparasitic,antiparasitic;primary_methods,3,pending_manual_review,retrieved
20428067,Chemical composition and insecticidal activity against Sitophilus zeamais of the essential oils of Artemisia capillaris and Artemisia mongolica.,terpene_essential_oil;safety,chemistry;safety,3,pending_manual_review,retrieved
20483909,Molecular cloning and characterization of a broad substrate terpenoid oxidoreductase from Artemisia annua.,terpene_essential_oil;biosynthesis_genes,chemistry;primary_methods,3,pending_manual_review,retrieved
20645242,Anti-scratching behavioral effect of the essential oil and phytol isolated from Artemisia princeps Pamp. in mice.,terpene_essential_oil;diterpene_triterpene;biosynthesis_genes,chemistry;primary_methods,3,pending_manual_review,retrieved
20730967,Insecticidal activity and chemical composition of the essential oils of Artemisia lavandulaefolia and Artemisia sieversiana from China.,terpene_essential_oil;safety,chemistry;safety,3,pending_manual_review,retrieved
2095374,The gastric cytoprotective effect of several sesquiterpene lactones.,terpene_essential_oil;sesquiterpene_lactone,chemistry;primary_methods,3,pending_manual_review,retrieved
21366060,The essential oil of Artemisia scoparia from tajikistan is dominated by phenyldiacetylenes.,terpene_essential_oil,chemistry;safety,3,pending_manual_review,retrieved
21446959,Enhancement of artemisinin content in tetraploid Artemisia annua plants by modulating the expression of genes in artemisinin biosynthetic pathway.,terpene_essential_oil;sesquiterpene_lactone;biosynthesis_genes;antiparasitic,genomics;primary_methods,3,pending_manual_review,retrieved
21618184,Antiparasitic efficiency of Artemisia absinthium on Toxocara cati in naturally infected cats.,antiparasitic,antiparasitic;primary_methods,3,pending_manual_review,retrieved
21762766,Actions of Artemisia vulgaris extracts and isolated sesquiterpene lactones against receptors mediating contraction of guinea pig ileum and trachea.,terpene_essential_oil;sesquiterpene_lactone;biosynthesis_genes,chemistry;primary_methods,3,pending_manual_review,retrieved
21767398,Transcriptome characterization and polymorphism detection between subspecies of big sagebrush (Artemisia tridentata).,genomics_phylogenomics,genomics;primary_methods,3,pending_manual_review,retrieved
21821921,Melanin biosynthesis inhibitors from Tarragon Artemisia dracunculus.,biosynthesis_genes,genomics;primary_methods,3,pending_manual_review,retrieved
21830186,Artemisia princeps Pamp. Essential oil and its constituents eucalyptol and α-terpineol ameliorate bacterial vaginosis and vulvovaginal candidiasis in mice by inhibiting bacterial growth and NF-κB activation.,terpene_essential_oil;biosynthesis_genes,chemistry;primary_methods,3,pending_manual_review,retrieved
21910043,Studies on the chemical composition and possible mechanisms underlying the antispasmodic and bronchodilatory activities of the essential oil of Artemisia maritima L.,terpene_essential_oil;biosynthesis_genes,chemistry;primary_methods,3,pending_manual_review,retrieved
22029227,"Sesquiterpene lactone, a potent drug molecule from Artemisia pallens wall with anti-inflammatory activity.",terpene_essential_oil;sesquiterpene_lactone;diterpene_triterpene,chemistry;primary_methods,3,pending_manual_review,retrieved
2213035,ent-kauranoid diterpenes from Artemisia sacrorum.,terpene_essential_oil;diterpene_triterpene,chemistry;primary_methods,3,pending_manual_review,retrieved
22199945,Dehydro-leucodin: a guaiane-type sesquiterpene lactone.,sesquiterpene_lactone,chemistry;primary_methods,3,pending_manual_review,retrieved
22223333,Extracellular heme enhances the antimalarial activity of artemisinin.,terpene_essential_oil;sesquiterpene_lactone;diterpene_triterpene;biosynthesis_genes;antiparasitic,antiparasitic;primary_methods,3,pending_manual_review,retrieved
22293480,"Rupestines F-M, new guaipyridine sesquiterpene alkaloids from Artemisia rupestris.",terpene_essential_oil,chemistry;primary_methods,3,pending_manual_review,retrieved
22347275,In-Vitro Assessment of the Acaricidal Properties of Artemisia annua and Zataria multiflora Essential Oils to Control Cattle Ticks.,terpene_essential_oil,chemistry;primary_methods,3,pending_manual_review,retrieved
22348279,Chemical composition and antifungal activity of Artemisia nilagirica essential oil growing in northern hilly areas of India.,terpene_essential_oil;safety,chemistry;safety,3,pending_manual_review,retrieved
22421454,Exogenous nitric oxide donor protects Artemisia annua from oxidative stress generated by boron and aluminium toxicity.,terpene_essential_oil;sesquiterpene_lactone;biosynthesis_genes;antiparasitic;safety,genomics;safety,3,pending_manual_review,retrieved
22474977,"Chemical composition and insecticidal activity of the essential oil of Artemisia eriopoda against maize weevil, Sitophilus zeamais.",terpene_essential_oil;safety,chemistry;safety,3,pending_manual_review,retrieved
22531057,Antioxidant activities and essential oil composition of Herba Artemisiae Scopariae from China.,terpene_essential_oil,chemistry;primary_methods,3,pending_manual_review,retrieved
22615678,"The presence of amorpha-4, 11-diene synthase, a key enzyme in artemisinin production in ten Artemisia species.",sesquiterpene_lactone;biosynthesis_genes,genomics;primary_methods,3,pending_manual_review,retrieved
22695231,Chemical composition and insecticidal activity against Sitophilus zeamais of the essential oils derived from Artemisia giraldii and Artemisia subdigitata.,terpene_essential_oil;safety,chemistry;safety,3,pending_manual_review,retrieved
22736625,A safety assessment of the antimalarial herb Artemisia annua during pregnancy in Wistar rats.,sesquiterpene_lactone;antiparasitic;safety,antiparasitic;safety,3,pending_manual_review,retrieved
22803354,[Relative expression of genes involved in artemisinin biosynthesis and artemisinin accumulation in different tissues of Artemisia annua].,terpene_essential_oil;sesquiterpene_lactone;biosynthesis_genes;antiparasitic,genomics;primary_methods,3,pending_manual_review,retrieved
22896830,Relaxant Effect of Essential Oil of Artemisia herba-alba Asso. on Rodent Jejunum Contractions.,terpene_essential_oil,chemistry;primary_methods,3,pending_manual_review,retrieved
23079824,Overexpression of the cytochrome P450 monooxygenase (cyp71av1) and cytochrome P450 reductase (cpr) genes increased artemisinin content in Artemisia annua (Asteraceae).,terpene_essential_oil;sesquiterpene_lactone;biosynthesis_genes;genomics_phylogenomics;antiparasitic,genomics;primary_methods,3,pending_manual_review,retrieved
23126238,Essential oil variation in the populations of Artemisia spicigera from northwest of Iran: chemical composition and antibacterial activity.,terpene_essential_oil;safety,chemistry;safety,3,pending_manual_review,retrieved
23161198,"Trichome-specific expression of the amorpha-4,11-diene 12-hydroxylase (cyp71av1) gene, encoding a key enzyme of artemisinin biosynthesis in Artemisia annua, as reported by a promoter-GUS fusion.",terpene_essential_oil;sesquiterpene_lactone;biosynthesis_genes;genomics_phylogenomics;antiparasitic,genomics;primary_methods,3,pending_manual_review,retrieved
23203088,Dual bioactivities of essential oil extracted from the leaves of Artemisia argyi as an antimelanogenic versus antioxidant agent and chemical composition analysis by GC/MS.,terpene_essential_oil;biosynthesis_genes,chemistry;primary_methods,3,pending_manual_review,retrieved
23244627,Chemical and biological study on the essential oil of Artemisia caerulescens L. ssp. densiflora (Viv.).,terpene_essential_oil,chemistry;primary_methods,3,pending_manual_review,retrieved
23251523,An endophytic Pseudonocardia species induces the production of artemisinin in Artemisia annua.,terpene_essential_oil;sesquiterpene_lactone;biosynthesis_genes;genomics_phylogenomics;antiparasitic,genomics;primary_methods,3,pending_manual_review,retrieved
23262266,NO inhibitory guaianolide-derived terpenoids from Artemisia argyi.,terpene_essential_oil;sesquiterpene_lactone,chemistry;primary_methods,3,pending_manual_review,retrieved
23289055,Dried whole plant Artemisia annua as an antimalarial therapy.,terpene_essential_oil;sesquiterpene_lactone;antiparasitic;safety,antiparasitic;safety,3,pending_manual_review,retrieved
23341930,The sesquiterpene lactone dehydroleucodine triggers senescence and apoptosis in association with accumulation of DNA damage markers.,terpene_essential_oil;sesquiterpene_lactone;biosynthesis_genes,chemistry;primary_methods,3,pending_manual_review,retrieved
23437216,"Overexpression of the Artemisia orthologue of ABA receptor, AaPYL9, enhances ABA sensitivity and improves artemisinin content in Artemisia annua L.",terpene_essential_oil;sesquiterpene_lactone;biosynthesis_genes;antiparasitic,genomics;primary_methods,3,pending_manual_review,retrieved
23448426,"AaORA, a trichome-specific AP2/ERF transcription factor of Artemisia annua, is a positive regulator in the artemisinin biosynthetic pathway and in disease resistance to Botrytis cinerea.",terpene_essential_oil;sesquiterpene_lactone;diterpene_triterpene;biosynthesis_genes;genomics_phylogenomics;antiparasitic,genomics;primary_methods,3,pending_manual_review,retrieved
23512495,Is artemisinin the only antiplasmodial compound in the Artemisia annua tea infusion? An in vitro study.,terpene_essential_oil;sesquiterpene_lactone;antiparasitic,antiparasitic;primary_methods,3,pending_manual_review,retrieved
23642022,Antioxidant and relaxant activity of fractions of crude methanol extract and essential oil of Artemisia macrocephala Jacquem.,terpene_essential_oil,chemistry;primary_methods,3,pending_manual_review,retrieved
23642456,Terpenes and polyacetylenes from cultivated Artemisia granatensis boiss (Royal chamomile) and their defensive properties.,terpene_essential_oil,chemistry;primary_methods,3,pending_manual_review,retrieved
24055519,"Sesquiterpene dimer (DSF-52) from Artemisia argyi inhibits microglia-mediated neuroinflammation via suppression of NF-κB, JNK/p38 MAPKs and Jak2/Stat3 signaling pathways.",terpene_essential_oil;biosynthesis_genes,chemistry;primary_methods,3,pending_manual_review,retrieved
24074293,Antinociceptive effect of the essential oil of tarragon (Artemisia dracunculus).,terpene_essential_oil;safety,chemistry;safety,3,pending_manual_review,retrieved
24114336,Acaricidal activities of bicyclic monoterpene ketones from Artemisia iwayomogi against Dermatophagoides spp.,terpene_essential_oil,chemistry;primary_methods,3,pending_manual_review,retrieved
24329606,Metabolic analysis of the increased adventitious rooting mutant of Artemisia annua reveals a role for the plant monoterpene borneol in adventitious root formation.,terpene_essential_oil;biosynthesis_genes,chemistry;primary_methods,3,pending_manual_review,retrieved
24558335,Evaluation of in vitro antimalarial activity of different extracts of Artemisia aucheri Boiss. and A. armeniaca Lam. and fractions of the most potent extracts.,biosynthesis_genes;antiparasitic,antiparasitic;primary_methods,3,pending_manual_review,retrieved
24624191,Comparison Between in Vitro Effects of Aqueous Extract of Artemisia seiberi and Artemisinin on Leishmania major.,sesquiterpene_lactone,antiparasitic;primary_methods,3,pending_manual_review,retrieved
24629804,Effects of overexpression of AaWRKY1 on artemisinin biosynthesis in transgenic Artemisia annua plants.,terpene_essential_oil;sesquiterpene_lactone;biosynthesis_genes;genomics_phylogenomics;antiparasitic,genomics;primary_methods,3,pending_manual_review,retrieved
24661969,Pharmacokinetics of artemisinin delivered by oral consumption of Artemisia annua dried leaves in healthy vs. Plasmodium chabaudi-infected mice.,terpene_essential_oil;sesquiterpene_lactone;biosynthesis_genes;antiparasitic;safety,antiparasitic;safety,3,pending_manual_review,retrieved
24802864,Anthelmintic activity of Artemisia annua L. extracts in vitro and the effect of an aqueous extract and artemisinin in sheep naturally infected with gastrointestinal nematodes.,sesquiterpene_lactone;antiparasitic,antiparasitic;primary_methods,3,pending_manual_review,retrieved
24914301,Optimization of genetic transformation of Artemisia annua L. Using Agrobacterium for Artemisinin production.,sesquiterpene_lactone,chemistry;primary_methods,3,pending_manual_review,retrieved
24969234,"Cloning and characterization of AabHLH1, a bHLH transcription factor that positively regulates artemisinin biosynthesis in Artemisia annua.",terpene_essential_oil;sesquiterpene_lactone;biosynthesis_genes;genomics_phylogenomics;antiparasitic,genomics;primary_methods,3,pending_manual_review,retrieved
25020192,In vitro immunomodulatory properties of a sesquiterpene lactone-bearing fraction from Artemisia khorassanica.,terpene_essential_oil;sesquiterpene_lactone;biosynthesis_genes,chemistry;primary_methods,3,pending_manual_review,retrieved
25027867,In vitro evidence that the pastoral Artemisia campestris species exerts an anthelmintic effect on Haemonchus contortus from sheep.,antiparasitic,antiparasitic;primary_methods,3,pending_manual_review,retrieved
25037681,Dimeric guaianolides from Artemisia absinthium.,terpene_essential_oil;sesquiterpene_lactone;biosynthesis_genes,chemistry;primary_methods,3,pending_manual_review,retrieved
25040292,Overexpression of artemisinic aldehyde Δ11 (13) reductase gene-enhanced artemisinin and its relative metabolite biosynthesis in transgenic Artemisia annua L.,terpene_essential_oil;sesquiterpene_lactone;biosynthesis_genes;genomics_phylogenomics;antiparasitic,genomics;primary_methods,3,pending_manual_review,retrieved
25050264,Investigating contact toxicity of Geranium and Artemisia essential oils on Bemisia tabaci Gen.,terpene_essential_oil;safety,chemistry;safety,3,pending_manual_review,retrieved
25050286,The effects of Artemisia aucheri extract on hepatotoxicity induced by thioacetamide in male rats.,terpene_essential_oil,chemistry;safety,3,pending_manual_review,retrieved
25065946,Artemisia annua L.: evidence of sesquiterpene lactones' fraction antinociceptive activity.,terpene_essential_oil;sesquiterpene_lactone;antiparasitic,chemistry;primary_methods,3,pending_manual_review,retrieved
25090687,[Essential oil from Artemisia lavandulaefolia induces apoptosis and necrosis of HeLa cells].,terpene_essential_oil;biosynthesis_genes,chemistry;primary_methods,3,pending_manual_review,retrieved
25127164,"Rupestonic acids B-G, NO inhibitory sesquiterpenoids from Artemisia rupestris.",terpene_essential_oil;biosynthesis_genes,chemistry;primary_methods,3,pending_manual_review,retrieved
25176187,New guaiane sesquiterpenes from Artemisia rupestris and their inhibitory effects on nitric oxide production.,terpene_essential_oil;biosynthesis_genes,chemistry;primary_methods,3,pending_manual_review,retrieved
25366131,Arbuscular mycorrhiza increase artemisinin accumulation in Artemisia annua by higher expression of key biosynthesis genes via enhanced jasmonic acid levels.,terpene_essential_oil;sesquiterpene_lactone;biosynthesis_genes;antiparasitic,genomics;primary_methods,3,pending_manual_review,retrieved
25541045,Highly oxygenated sesquiterpenes in Artemisia alba Turra.,terpene_essential_oil,chemistry;primary_methods,3,pending_manual_review,retrieved
25770648,The antifungal activity of Artemisia sieberi essential oil from different localities of Iran against dermatophyte fungi.,terpene_essential_oil;safety,chemistry;safety,3,pending_manual_review,retrieved
25870149,TRICHOME AND ARTEMISININ REGULATOR 1 Is Required for Trichome Development and Artemisinin Biosynthesis in Artemisia annua.,terpene_essential_oil;sesquiterpene_lactone;biosynthesis_genes;genomics_phylogenomics;antiparasitic,genomics;primary_methods,3,pending_manual_review,retrieved
25885940,Chemical composition and acetylcholinesterase inhibitory activity of Artemisia maderaspatana essential oil.,terpene_essential_oil;biosynthesis_genes,chemistry;primary_methods,3,pending_manual_review,retrieved
25901169,Screening of different extracts from artemisia species for their potential antimalarial activity.,antiparasitic,antiparasitic;primary_methods,3,pending_manual_review,retrieved
26194429,Anthelmintic activity of Artemisia vestita Wall ex DC. and Artemisia maritima L. against Haemonchus contortus from sheep.,antiparasitic,antiparasitic;primary_methods,3,pending_manual_review,retrieved
26196123,Comparative Phytochemical Analysis of Essential Oils from Different Biological Parts of Artemisia herba alba and Their Cytotoxic Effect on Cancer Cells.,terpene_essential_oil;biosynthesis_genes,chemistry;safety,3,pending_manual_review,retrieved
26343516,"Essential oil composition and biological activity from Artemisia caerulescens subsp. densiflora (Viv.) Gamisans ex Kerguélen & Lambinon (Asteraceae), an endemic species in the habitat of La Maddalena Archipelago.",terpene_essential_oil,chemistry;safety,3,pending_manual_review,retrieved
26425275,Protective effects of Artemisia arborescens essential oil on oestroprogestative treatment induced hepatotoxicity.,terpene_essential_oil,chemistry;safety,3,pending_manual_review,retrieved
26434144,Essential Oil Composition and Antigermination Activity of Artemisia dracunculus (Tarragon).,terpene_essential_oil,chemistry;primary_methods,3,pending_manual_review,retrieved
26460560,Chemical Composition and Antipathogenic Activity of Artemisia annua Essential Oil from Romania.,terpene_essential_oil,chemistry;primary_methods,3,pending_manual_review,retrieved
26651523,New sesquiterpene and thiophene derivatives from Artemisia rupestris.,terpene_essential_oil;biosynthesis_genes,chemistry;primary_methods,3,pending_manual_review,retrieved
26691254,Anthelmintic properties of extracts from Artemisia plants against nematodes.,antiparasitic,antiparasitic;primary_methods,3,pending_manual_review,retrieved
26692746,"Seasonal variation in the chemical composition, antioxidant activity, and total phenolic content of Artemisia absinthium essential oils.",terpene_essential_oil,chemistry;primary_methods,3,pending_manual_review,retrieved
26696523,Nitric Oxide Inhibitory Dimeric Sesquiterpenoids from Artemisia rupestris.,terpene_essential_oil;biosynthesis_genes,chemistry;primary_methods,3,pending_manual_review,retrieved
26709305,Analysis of the major chiral compounds of Artemisia herba-alba essential oils (EOs) using reconstructed vibrational circular dichroism (VCD) spectra: En route to a VCD chiral signature of EOs.,terpene_essential_oil;safety,chemistry;safety,3,pending_manual_review,retrieved
26752994,Sequence characterized amplified region marker as a tool for selection of high-artemisinin containing species of Artemisia.,sesquiterpene_lactone;antiparasitic,antiparasitic;primary_methods,3,pending_manual_review,retrieved
26792321,Antinociceptive activity of the essential oil from Artemisia ludoviciana.,terpene_essential_oil,chemistry;primary_methods,3,pending_manual_review,retrieved
26858285,Branch Pathway Blocking in Artemisia annua is a Useful Method for Obtaining High Yield Artemisinin.,terpene_essential_oil;sesquiterpene_lactone;diterpene_triterpene;biosynthesis_genes;genomics_phylogenomics;antiparasitic,genomics;primary_methods,3,pending_manual_review,retrieved
26901188,Investigation of the Antiproliferative Properties of Natural Sesquiterpenes from Artemisia asiatica and Onopordum acanthium on HL-60 Cells in Vitro.,terpene_essential_oil;sesquiterpene_lactone;biosynthesis_genes,chemistry;primary_methods,3,pending_manual_review,retrieved
26909993,Salicylic acid-induced changes in physiological parameters and genes of the flavonoid biosynthesis pathway in Artemisia vulgaris and Dendranthema nankingense during aphid feeding.,biosynthesis_genes,genomics;primary_methods,3,pending_manual_review,retrieved
27064403,Overexpression of AaWRKY1 Leads to an Enhanced Content of Artemisinin in Artemisia annua.,terpene_essential_oil;sesquiterpene_lactone;biosynthesis_genes;antiparasitic,genomics;primary_methods,3,pending_manual_review,retrieved
27187805,A new irregular monoterpene acetate along with eight known compounds with antifungal potential from the aerial parts of Artemisia incisa Pamp (Asteraceae).,terpene_essential_oil,chemistry;primary_methods,3,pending_manual_review,retrieved
27220407,RNAi down-regulation of cinnamate-4-hydroxylase increases artemisinin biosynthesis in Artemisia annua.,terpene_essential_oil;sesquiterpene_lactone;biosynthesis_genes;antiparasitic,genomics;primary_methods,3,pending_manual_review,retrieved
27251864,Rol genes enhance the biosynthesis of antioxidants in Artemisia carvifolia Buch.,biosynthesis_genes,genomics;primary_methods,3,pending_manual_review,retrieved
27388340,Overexpression of a Novel NAC Domain-Containing Transcription Factor Gene (AaNAC1) Enhances the Content of Artemisinin and Increases Tolerance to Drought and Botrytis cinerea in Artemisia annua.,terpene_essential_oil;sesquiterpene_lactone;biosynthesis_genes;genomics_phylogenomics;antiparasitic,genomics;primary_methods,3,pending_manual_review,retrieved
27396213,Anti-adipocyte Differentiation Activity and Chemical Composition of Essential Oil from Artemisia annua.,terpene_essential_oil;biosynthesis_genes,chemistry;primary_methods,3,pending_manual_review,retrieved
27447740,"Artemisia arborescens Essential Oil Composition, Enantiomeric Distribution, and Antimicrobial Activity from Different Wild Populations from the Mediterranean Area.",terpene_essential_oil;safety,chemistry;safety,3,pending_manual_review,retrieved
27515537,Sucrose-enhanced biosynthesis of medicinally important antioxidant secondary metabolites in cell suspension cultures of Artemisia absinthium L.,biosynthesis_genes,genomics;primary_methods,3,pending_manual_review,retrieved
27810398,Highly oxidized sesquiterpenes from Artemisia austro-yunnanensis.,terpene_essential_oil;sesquiterpene_lactone;biosynthesis_genes,chemistry;primary_methods,3,pending_manual_review,retrieved
27928139,Bioactivities and Chemical Constituents of Essential Oil Extracted from Artemisia anethoides Against Two Stored Product Insects.,terpene_essential_oil;safety,chemistry;safety,3,pending_manual_review,retrieved
28061778,"Sesquiterpene lactone! a promising antioxidant, anticancer and moderate antinociceptive agent from Artemisia macrocephala jacquem.",terpene_essential_oil;sesquiterpene_lactone,chemistry;primary_methods,3,pending_manual_review,retrieved
28143473,"Chemical composition, vasorelaxant, antioxidant and antiplatelet effects of essential oil of Artemisia campestris L. from Oriental Morocco.",terpene_essential_oil;safety,chemistry;primary_methods,3,pending_manual_review,retrieved
28286732,Water deficit-induced oxidative stress affects artemisinin content and expression of proline metabolic genes in Artemisia annua L.,sesquiterpene_lactone,genomics;primary_methods,3,pending_manual_review,retrieved
28290017,Artemisia arborescens L essential oil-loaded solid lipid nanoparticles for potential agricultural application: Preparation and characterization.,terpene_essential_oil,chemistry;primary_methods,3,pending_manual_review,retrieved
28301522,Quantification of santonin in eight species of Artemisia from Kazakhstan by means of HPLC-UV: Method development and validation.,terpene_essential_oil;sesquiterpene_lactone;antiparasitic;safety,antiparasitic;safety,3,pending_manual_review,retrieved
28361549,Antimicrobial sesquiterpene lactones from Artemisia sieberi.,terpene_essential_oil;sesquiterpene_lactone,chemistry;primary_methods,3,pending_manual_review,retrieved
28381767,Volatile Components of the Essential Oil of Artemisia montana and Their Sedative Effects.,terpene_essential_oil;biosynthesis_genes;safety,chemistry;safety,3,pending_manual_review,retrieved
28438564,Essential oil of Artemisia argyi suppresses inflammatory responses by inhibiting JAK/STATs activation.,terpene_essential_oil;diterpene_triterpene;biosynthesis_genes;safety,chemistry;primary_methods,3,pending_manual_review,retrieved
28477002,Biosynthesis of silver nanoparticles using Artemisia annua callus for inhibiting stem-end bacteria in cut carnation flowers.,biosynthesis_genes,genomics;primary_methods,3,pending_manual_review,retrieved
28533790,"AaPDR3, a PDR Transporter 3, Is Involved in Sesquiterpene β-Caryophyllene Transport in Artemisia annua.",sesquiterpene_lactone,chemistry;primary_methods,3,pending_manual_review,retrieved
28606189,Therapeutic efficacy of Artemisia absinthium against Hymenolepis nana: in vitro and in vivo studies in comparison with the anthelmintic praziquantel.,antiparasitic,antiparasitic;primary_methods,3,pending_manual_review,retrieved
28651437,Comparative study on Artemisia halodendron Turcz. and its two related plants by GC-MS analysis and protective effect against carbon tetrachloride-induced hepatotoxicity in mice.,terpene_essential_oil;safety,chemistry;safety,3,pending_manual_review,retrieved
28810533,Deltamethrin induced oxidative stress in kidney and brain of rats: Protective effect of Artemisia campestris essential oil.,terpene_essential_oil;biosynthesis_genes;safety,chemistry;safety,3,pending_manual_review,retrieved
28840973,Absolute configuration of the ocimene monoterpenoids from Artemisia absinthium.,terpene_essential_oil,chemistry;primary_methods,3,pending_manual_review,retrieved
28877539,Liquid and Vapor-Phase Activity of Artemisia annua Essential Oil against Pathogenic Malassezia spp.,terpene_essential_oil,chemistry;primary_methods,3,pending_manual_review,retrieved
28930281,"The Genus Artemisia: a 2012-2017 Literature Review on Chemical Composition, Antimicrobial, Insecticidal and Antioxidant Activities of Essential Oils.",terpene_essential_oil;safety,chemistry;safety,3,pending_manual_review,retrieved
28940606,The roles of AaMIXTA1 in regulating the initiation of glandular trichomes and cuticle biosynthesis in Artemisia annua.,terpene_essential_oil;sesquiterpene_lactone;diterpene_triterpene;biosynthesis_genes;genomics_phylogenomics;antiparasitic,genomics;primary_methods,3,pending_manual_review,retrieved
28956447,"Artemisians A-D, Diseco-guaianolide Involved Heterodimeric [4 + 2] Adducts from Artemisia argyi.",sesquiterpene_lactone,genomics;primary_methods,3,pending_manual_review,retrieved
29117375,Fumigant Toxicity and Sublethal Effects of Artemisia khorassanica and Artemisia sieberi on Sitotroga cerealella (Lepidoptera: Gelechiidae).,terpene_essential_oil;safety,chemistry;safety,3,pending_manual_review,retrieved
29122483,New terpenoids and thiophene derivatives from the aerial parts of Artemisia sieversiana.,terpene_essential_oil;biosynthesis_genes;safety,chemistry;primary_methods,3,pending_manual_review,retrieved
29164813,Chemical Polymorphism of Essential Oils of Artemisia vulgaris Growing Wild in Lithuania.,terpene_essential_oil;safety,chemistry;safety,3,pending_manual_review,retrieved
29241769,Antibacterial activity of Artemisia asiatica essential oil against some common respiratory infection causing bacterial strains and its mechanism of action in Haemophilus influenzae.,terpene_essential_oil,chemistry;primary_methods,3,pending_manual_review,retrieved
29300490,Dimeric Cadinane Sesquiterpenoid Derivatives from Artemisia annua.,terpene_essential_oil,chemistry;primary_methods,3,pending_manual_review,retrieved
29301032,ARTEMISININ BIOSYNTHESIS PROMOTING KINASE 1 positively regulates artemisinin biosynthesis through phosphorylating AabZIP1.,terpene_essential_oil;sesquiterpene_lactone;biosynthesis_genes;genomics_phylogenomics;antiparasitic,genomics;primary_methods,3,pending_manual_review,retrieved
29353156,Sesquiterpenoids from Artemisia vestita.,terpene_essential_oil;biosynthesis_genes,chemistry;primary_methods,3,pending_manual_review,retrieved
29542280,Sesquiterpene Lactones with COX-2 Inhibition Activity from Artemisia lavandulaefolia.,terpene_essential_oil;sesquiterpene_lactone;biosynthesis_genes,chemistry;primary_methods,3,pending_manual_review,retrieved
29580507,Study of two-stage ohmic hydro-extraction of essential oil from Artemisia aucheri Boiss.: Antioxidant and antimicrobial characteristics.,terpene_essential_oil,chemistry;primary_methods,3,pending_manual_review,retrieved
29675029,AaEIN3 Mediates the Downregulation of Artemisinin Biosynthesis by Ethylene Signaling Through Promoting Leaf Senescence in Artemisia annua.,sesquiterpene_lactone;biosynthesis_genes;genomics_phylogenomics,genomics;primary_methods,3,pending_manual_review,retrieved
29803465,"Towards a better understanding of Artemisia vulgaris: Botany, phytochemistry, pharmacological and biotechnological potential.",terpene_essential_oil;sesquiterpene_lactone;antiparasitic,chemistry;primary_methods,3,pending_manual_review,retrieved
29868094,Detailed Phytochemical Analysis of High- and Low Artemisinin-Producing Chemotypes of Artemisia annua.,terpene_essential_oil;sesquiterpene_lactone;biosynthesis_genes;genomics_phylogenomics,chemistry;primary_methods,3,pending_manual_review,retrieved
29982168,Deciphering transcriptome profiles of tetraploid Artemisia annua plants with high artemisinin content.,terpene_essential_oil;sesquiterpene_lactone;biosynthesis_genes;genomics_phylogenomics;antiparasitic,genomics;primary_methods,3,pending_manual_review,retrieved
30044501,Identification and Quantification of Thujone in a Case of Poisoning Due to Repeated Ingestion of an Infusion of Artemisia Vulgaris L.,terpene_essential_oil;safety,chemistry;safety,3,pending_manual_review,retrieved
30075222,Sesquiterpene lactone from Artemisia argyi induces gastric carcinoma cell apoptosis via activating NADPH oxidase/reactive oxygen species/mitochondrial pathway.,terpene_essential_oil;sesquiterpene_lactone;biosynthesis_genes,chemistry;primary_methods,3,pending_manual_review,retrieved
30200700,"[Prokaryotic expression， purification and crystallization of CYP71AV1, key enzyme in artemisinin biosynthesis].",terpene_essential_oil;sesquiterpene_lactone;biosynthesis_genes;antiparasitic,genomics;primary_methods,3,pending_manual_review,retrieved
30228799,The Tunisian Artemisia Essential Oil for Reducing Contamination of Stored Cereals by Tribolium castaneum.,terpene_essential_oil,chemistry;primary_methods,3,pending_manual_review,retrieved
30263465,Sesquiterpene lactones and scopoletins from Artemisia scoparia Waldst. & Kit. and their angiotensin I-converting enzyme inhibitory activities.,sesquiterpene_lactone,chemistry;primary_methods,3,pending_manual_review,retrieved
30529065,Lactone ring-opening seco-guaianolide involved heterodimers linked via an ester bond from Artemisia argyi with NO inhibitory activity.,terpene_essential_oil;sesquiterpene_lactone;biosynthesis_genes,chemistry;primary_methods,3,pending_manual_review,retrieved
30585504,Triterpenoids with α-glucosidase inhibitory activity from Artemisia argyi.,terpene_essential_oil;diterpene_triterpene,chemistry;primary_methods,3,pending_manual_review,retrieved
30602314,"Sesquiterpene lactones from Artemisia austroyunnanensis suppresses ROS production and reduces cytokines, iNOS and COX-2 levels via NF-KB pathway in vitro.",terpene_essential_oil;sesquiterpene_lactone;biosynthesis_genes;safety,chemistry;primary_methods,3,pending_manual_review,retrieved
30618281,"Chemical composition, antioxidant and cytotoxic activity of Artemisia gmelinii essential oil growing wild in Kashmir valley.",terpene_essential_oil,chemistry;safety,3,pending_manual_review,retrieved
30709043,Assessment of Artemisinin Contents in Selected Artemisia Species from Tajikistan (Central Asia).,sesquiterpene_lactone,chemistry;primary_methods,3,pending_manual_review,retrieved
30814896,"Assessment of Iranian endemic Artemisia khorassanica: karyological, genome size, and gene expressions involved in artemisinin production.",sesquiterpene_lactone;biosynthesis_genes;genomics_phylogenomics,genomics;primary_methods,3,pending_manual_review,retrieved
30821346,AaPP2C1 negatively regulates the expression of genes involved in artemisinin biosynthesis through dephosphorylating AaAPK1.,terpene_essential_oil;sesquiterpene_lactone;biosynthesis_genes;antiparasitic,genomics;primary_methods,3,pending_manual_review,retrieved
30851440,Artemisinin Biosynthesis in Non-glandular Trichome Cells of Artemisia annua.,terpene_essential_oil;sesquiterpene_lactone;biosynthesis_genes;genomics_phylogenomics;antiparasitic,genomics;primary_methods,3,pending_manual_review,retrieved
30873702,"Dihydroartemisinin, an antimalarial drug, induces absent in melanoma 2 inflammasome activation and autophagy in human hepatocellular carcinoma HepG2215 cells.",terpene_essential_oil;sesquiterpene_lactone;biosynthesis_genes;antiparasitic,antiparasitic;primary_methods,3,pending_manual_review,retrieved
30976671,Naturally occurring sesquiterpene lactones and their semi-synthetic derivatives modulate PGE2 levels by decreasing COX2 activity and expression.,sesquiterpene_lactone,chemistry;primary_methods,3,pending_manual_review,retrieved
31003442,Simultaneous Quantification of Five Sesquiterpene Components after Ultrasound Extraction in Artemisia annua L. by an Accurate and Rapid UPLC⁻PDA Assay.,terpene_essential_oil;sesquiterpene_lactone,chemistry;primary_methods,3,pending_manual_review,retrieved
31024586,The SPB-Box Transcription Factor AaSPL2 Positively Regulates Artemisinin Biosynthesis in Artemisia annua L.,sesquiterpene_lactone;biosynthesis_genes,genomics;primary_methods,3,pending_manual_review,retrieved
31087059,The cold-induced transcription factor bHLH112 promotes artemisinin biosynthesis indirectly via ERF1 in Artemisia annua.,terpene_essential_oil;sesquiterpene_lactone;biosynthesis_genes;genomics_phylogenomics;antiparasitic,genomics;primary_methods,3,pending_manual_review,retrieved
31093899,Characterization of a class III peroxidase from Artemisia annua: relevance to artemisinin metabolism and beyond.,terpene_essential_oil;sesquiterpene_lactone;biosynthesis_genes;antiparasitic,antiparasitic;primary_methods,3,pending_manual_review,retrieved
31177847,Chemical composition and biological activities of an essential oil from the aerial parts of Artemisia Gmelinii weber ex Stechm.,terpene_essential_oil;biosynthesis_genes,chemistry;primary_methods,3,pending_manual_review,retrieved
31181920,Sesquiterpene Lactones from Artemisia argyi: Absolute Configuration and Immunosuppressant Activity.,terpene_essential_oil;sesquiterpene_lactone,chemistry;safety,3,pending_manual_review,retrieved
31241852,Artemisia magellanica. Chemical Composition of the Essential Oil from an Unexplored Endemic Species of Patagonia.,terpene_essential_oil,chemistry;primary_methods,3,pending_manual_review,retrieved
31354901,Cytotoxic Effects of Artemisia annua L. and Pure Artemisinin on the D-17 Canine Osteosarcoma Cell Line.,terpene_essential_oil;sesquiterpene_lactone;antiparasitic,antiparasitic;safety,3,pending_manual_review,retrieved
31418264,"Trichocadinins B-G: Antimicrobial Cadinane Sesquiterpenes from Trichoderma virens QA-8, an Endophytic Fungus Obtained from the Medicinal Plant Artemisia argyi.",terpene_essential_oil,chemistry;primary_methods,3,pending_manual_review,retrieved
31576412,"Artemisia annua L. and photoresponse: from artemisinin accumulation, volatile profile and anatomical modifications to gene expression.",terpene_essential_oil;sesquiterpene_lactone;biosynthesis_genes;antiparasitic,genomics;primary_methods,3,pending_manual_review,retrieved
31614698,Sesquiterpenoids from Artemisia vestita and Their Antifeedant and Antifungal Activities.,terpene_essential_oil,chemistry;primary_methods,3,pending_manual_review,retrieved
31617762,Structure elucidation and NMR assignments of a new sesquiterpene of volatile oil from Artemisia frigida Willd.,terpene_essential_oil,chemistry;primary_methods,3,pending_manual_review,retrieved
31669720,Sesquiterpenoids from Artemisia argyi and their COXs inhibitory activities.,terpene_essential_oil;sesquiterpene_lactone,chemistry;primary_methods,3,pending_manual_review,retrieved
31674834,Sesquiterpenoids from Artemisia argyi and their NO production inhibitory activity in RAW264.7 cells.,terpene_essential_oil,chemistry;primary_methods,3,pending_manual_review,retrieved
31703759,Monomeric and dimeric sesquiterpene lactones from Artemisia heptapotamica.,terpene_essential_oil;sesquiterpene_lactone;biosynthesis_genes,chemistry;primary_methods,3,pending_manual_review,retrieved
31787989,The Transcription Factor Aabzip9 Positively Regulates the Biosynthesis of Artemisinin in Artemisia annua.,sesquiterpene_lactone;biosynthesis_genes,genomics;primary_methods,3,pending_manual_review,retrieved
31873815,Oligomers of carrageenan regulate functional activities and artemisinin production in Artemisia annua L. exposed to arsenic stress.,terpene_essential_oil;sesquiterpene_lactone;biosynthesis_genes;antiparasitic;safety,genomics;safety,3,pending_manual_review,retrieved
31947602,Direct Activation of TRPC3 Channels by the Antimalarial Agent Artemisinin.,terpene_essential_oil;sesquiterpene_lactone;biosynthesis_genes;antiparasitic,antiparasitic;primary_methods,3,pending_manual_review,retrieved
32013192,Anthelmintic Activity of Wormwood (Artemisia absinthium L.) and Mallow (Malva sylvestris L.) against Haemonchus contortus in Sheep.,antiparasitic,antiparasitic;primary_methods,3,pending_manual_review,retrieved
32046156,Dried Leaf Artemisia Annua Improves Bioavailability of Artemisinin via Cytochrome P450 Inhibition and Enhances Artemisinin Efficacy Downstream.,terpene_essential_oil;sesquiterpene_lactone;biosynthesis_genes;antiparasitic;safety,chemistry;primary_methods,3,pending_manual_review,retrieved
32128603,"Impact of Long-Term Copper Exposure on Growth, Photosynthesis, Antioxidant Defence System and Artemisinin Biosynthesis in Soil-Grown Artemisia annua Genotypes.",terpene_essential_oil;sesquiterpene_lactone;biosynthesis_genes;antiparasitic;safety,genomics;safety,3,pending_manual_review,retrieved
32162132,Using β-ocimene to increase the artemisinin content in juvenile plants of Artemisia annua L.,terpene_essential_oil;sesquiterpene_lactone;biosynthesis_genes;antiparasitic,genomics;primary_methods,3,pending_manual_review,retrieved
32202146,Phytochemical properties of essential oil from Artemisia sieberi Besser (Iranian accession) and its antioxidant and antifungal activities.,terpene_essential_oil,chemistry;primary_methods,3,pending_manual_review,retrieved
32234442,Effect of chitosan-whey protein isolated coatings incorporated with tarragon Artemisia dracunculus essential oil on the quality of Scomberoides commersonnianus fillets at refrigerated condition.,terpene_essential_oil,chemistry;primary_methods,3,pending_manual_review,retrieved
32333635,Nitric Oxide Production Inhibitory Eudesmane-Type Sesquiterpenoids from Artemisia argyi.,terpene_essential_oil;sesquiterpene_lactone;biosynthesis_genes,chemistry;primary_methods,3,pending_manual_review,retrieved
32625243,Transcriptome analyses revealed the ultraviolet B irradiation and phytohormone gibberellins coordinately promoted the accumulation of artemisinin in Artemisia annua L.,sesquiterpene_lactone;biosynthesis_genes;genomics_phylogenomics;safety,genomics;primary_methods,3,pending_manual_review,retrieved
32696720,Antimalarial-agent artemisinin and derivatives portray more potent binding to Lys353 and Lys31-binding hotspots of SARS-CoV-2 spike protein than hydroxychloroquine: potential repurposing of artenimol for COVID-19.,terpene_essential_oil;sesquiterpene_lactone;antiparasitic;safety,antiparasitic;safety,3,pending_manual_review,retrieved
32705519,Two new sesquiterpenes from Artemisia annua L.,terpene_essential_oil,chemistry;primary_methods,3,pending_manual_review,retrieved
32788629,Identification and the potential involvement of miRNAs in the regulation of artemisinin biosynthesis in A. annua.,terpene_essential_oil;sesquiterpene_lactone;biosynthesis_genes;antiparasitic,genomics;primary_methods,3,pending_manual_review,retrieved
32825178,"Artemisia absinthium L.-Importance in the History of Medicine, the Latest Advances in Phytochemistry and Therapeutical, Cosmetological and Culinary Uses.",terpene_essential_oil;safety,chemistry;safety,3,pending_manual_review,retrieved
32870934,The potential antimalarial efficacy of hemocompatible silver nanoparticles from Artemisia species against P. falciparum parasite.,sesquiterpene_lactone;antiparasitic,antiparasitic;primary_methods,3,pending_manual_review,retrieved
32891001,Structurally diverse sesquiterpenoids from the aerial parts of Artemisia annua (Qinghao) and their striking systemically anti-inflammatory activities.,terpene_essential_oil,chemistry;primary_methods,3,pending_manual_review,retrieved
32932206,Exogenous abscisic acid mediates ROS homeostasis and maintains glandular trichome to enhance artemisinin biosynthesis in Artemisia annua under copper toxicity.,terpene_essential_oil;sesquiterpene_lactone;biosynthesis_genes;antiparasitic;safety,genomics;safety,3,pending_manual_review,retrieved
32954632,Polyketides and Terpenoids with Potent Antibacterial Activities from the Artemisia argyi-Derived Fungus Trichoderma koningiopsis QA-3.,terpene_essential_oil;biosynthesis_genes,chemistry;primary_methods,3,pending_manual_review,retrieved
33081073,"Effects of Wormwood (Artemisia montana) Essential Oils on Digestibility, Fermentation Indices, and Microbial Diversity in the Rumen.",terpene_essential_oil,chemistry;primary_methods,3,pending_manual_review,retrieved
33142602,Transcriptome and co-expression network analysis reveal molecular mechanisms of mucilage formation during seed development in Artemisia sphaerocephala.,biosynthesis_genes;genomics_phylogenomics,genomics;primary_methods,3,pending_manual_review,retrieved
33183086,"Chemical composition and phytotoxic activity of the essential oil of Artemisia sieversiana growing in Xinjiang, China.",terpene_essential_oil;safety,chemistry;safety,3,pending_manual_review,retrieved
33197851,Sesquiterpene lactone dimers from Artemisia lavandulifolia inhibit interleukin-1β production in macrophages through activating autophagy.,terpene_essential_oil;sesquiterpene_lactone;biosynthesis_genes,chemistry;primary_methods,3,pending_manual_review,retrieved
33271239,In vitro reduction of Plasmodium falciparum gametocytes: Artemisia spp. tea infusions vs. artemisinin.,terpene_essential_oil;sesquiterpene_lactone;antiparasitic,antiparasitic;primary_methods,3,pending_manual_review,retrieved
3328341,The effect of combinations of qinghaosu (artemisinin) with standard antimalarial drugs in the suppressive treatment of malaria in mice.,terpene_essential_oil;sesquiterpene_lactone;antiparasitic,antiparasitic;primary_methods,3,pending_manual_review,retrieved
33291424,Development of an In Vitro Method of Propagation for Artemisia tridentata subsp. tridentata to Support Genome Sequencing and Genotype-by-Environment Research.,genomics_phylogenomics,genomics;primary_methods,3,pending_manual_review,retrieved
33366948,"The complete chloroplast genome sequence of medicinal plant, Artemisia Montana.",genomics_phylogenomics,genomics;primary_methods,3,pending_manual_review,retrieved
33366961,The complete chloroplast genome sequence of Artemisia ordosica.,genomics_phylogenomics,genomics;primary_methods,3,pending_manual_review,retrieved
33396790,Research Advances on Health Effects of Edible Artemisia Species and Some Sesquiterpene Lactones Constituents.,sesquiterpene_lactone;antiparasitic,chemistry;primary_methods,3,pending_manual_review,retrieved
33457782,"The complete chloroplast genome sequence of medicinal plant, Artemisia gmelinii.",genomics_phylogenomics,genomics;primary_methods,3,pending_manual_review,retrieved
33473501,The complete chloroplast genome sequences of Artemisia gmelinii andArtemisia capillaris (Asteraceae).,genomics_phylogenomics,genomics;primary_methods,3,pending_manual_review,retrieved
33490395,Complete chloroplast genome sequence of Artemisia fukudo Makino (Asteraceae).,genomics_phylogenomics,genomics;primary_methods,3,pending_manual_review,retrieved
33531542,A metabolomic approach to target antimalarial metabolites in the Artemisia annua fungal endophytes.,biosynthesis_genes;antiparasitic,antiparasitic;primary_methods,3,pending_manual_review,retrieved
33651845,In vitro analyses of Artemisia extracts on Plasmodium falciparum suggest a complex antimalarial effect.,terpene_essential_oil;sesquiterpene_lactone;biosynthesis_genes;antiparasitic,antiparasitic;primary_methods,3,pending_manual_review,retrieved
33672342,Chromatin Accessibility Is Associated with Artemisinin Biosynthesis Regulation in Artemisia annua.,terpene_essential_oil;sesquiterpene_lactone;biosynthesis_genes;antiparasitic,genomics;primary_methods,3,pending_manual_review,retrieved
33716767,Antioxidant and Protective Effects of Artemisia campestris Essential Oil Against Chlorpyrifos-Induced Kidney and Liver Injuries in Rats.,terpene_essential_oil;safety,chemistry;primary_methods,3,pending_manual_review,retrieved
33721186,In Vitro Nematocidal Effect and Anthelmintic Activity of Artemisia cina Against Haemonchus contortus in Gerbils and Relative Expression of Hc29 Gene in Transitional Larvae (L(3)-L(4)).,sesquiterpene_lactone;antiparasitic,antiparasitic;primary_methods,3,pending_manual_review,retrieved
33746259,Chemical composition of essential oil and antifungal activity of Artemisia persica Boiss. from Iran.,terpene_essential_oil,chemistry;primary_methods,3,pending_manual_review,retrieved
33747865,Expression of Two Key Enzymes of Artemisinin Biosynthesis FPS and ADS genes in Saccharomyces cerevisiae.,sesquiterpene_lactone;biosynthesis_genes,genomics;primary_methods,3,pending_manual_review,retrieved
33857913,Transcriptomic analysis reveals the parallel transcriptional regulation of UV-B-induced artemisinin and flavonoid accumulation in Artemisia annua L.,terpene_essential_oil;sesquiterpene_lactone;biosynthesis_genes;genomics_phylogenomics;antiparasitic,genomics;primary_methods,3,pending_manual_review,retrieved
34009985,Anti-inflammatory Eudesmane Sesquiterpenoids from Artemisia hedinii.,terpene_essential_oil;sesquiterpene_lactone,chemistry;primary_methods,3,pending_manual_review,retrieved
34024391,"Acaricidal activity against Ixodes ricinus nymphs of essential oils from the Libyan plants Artemisia herba alba, Origanum majorana and Juniperus phoenicea.",terpene_essential_oil,chemistry;primary_methods,3,pending_manual_review,retrieved
34050229,Aging affects artemisinin synthesis in Artemisia annua.,terpene_essential_oil;sesquiterpene_lactone;biosynthesis_genes;genomics_phylogenomics;antiparasitic,genomics;primary_methods,3,pending_manual_review,retrieved
34105669,TiO2 nanoparticles and salinity stress in relation to artemisinin production and ADS and DBR2 expression in Artemisia absinthium L.,terpene_essential_oil;sesquiterpene_lactone;biosynthesis_genes;antiparasitic,genomics;primary_methods,3,pending_manual_review,retrieved
34129923,Noreudesmane sesquiterpenoids from Artemisia hedinii and their anti-inflammatory activities.,terpene_essential_oil,chemistry;primary_methods,3,pending_manual_review,retrieved
34246739,"From longevity grass to contemporary soft gold: Explore the chemical constituents, pharmacology, and toxicology of Artemisia argyi H.Lév. & vaniot essential oil.",terpene_essential_oil;safety,chemistry;safety,3,pending_manual_review,retrieved
34249868,Guaianolide Sesquiterpenes With Significant Antiproliferative Activities From the Leaves of Artemisia argyi.,sesquiterpene_lactone,chemistry;primary_methods,3,pending_manual_review,retrieved
34302916,Sesquiterpenes from Artemisia Sieversiana and their anti-inflammatory activities.,terpene_essential_oil;sesquiterpene_lactone,chemistry;primary_methods,3,pending_manual_review,retrieved
34445076,Transcriptomic Analysis Reveals Key Genes Involved in Oil and Linoleic Acid Biosynthesis during Artemisia sphaerocephala Seed Development.,biosynthesis_genes;genomics_phylogenomics,genomics;primary_methods,3,pending_manual_review,retrieved
34456959,Insecticidal Terpenes From the Essential Oils of Artemisia nakaii and Their Inhibitory Effects on Acetylcholinesterase.,terpene_essential_oil;safety,chemistry;safety,3,pending_manual_review,retrieved
34539801,Chemical Analysis and Antioxidant and Antimicrobial Activity of Essential oils from Artemisia negrei L. against Drug-Resistant Microbes.,terpene_essential_oil,chemistry;primary_methods,3,pending_manual_review,retrieved
34555775,Guaianolides from Artemisia codonocephala suppress interleukine-1β secretion in macrophages.,terpene_essential_oil;sesquiterpene_lactone;biosynthesis_genes,chemistry;primary_methods,3,pending_manual_review,retrieved
34593786,"AaWRKY17, a positive regulator of artemisinin biosynthesis, is involved in resistance to Pseudomonas syringae in Artemisia annua.",sesquiterpene_lactone;biosynthesis_genes,genomics;primary_methods,3,pending_manual_review,retrieved
34603026,The Essential Oil of Artemisia argyi H.Lév. and Vaniot Attenuates NLRP3 Inflammasome Activation in THP-1 Cells.,terpene_essential_oil,chemistry;primary_methods,3,pending_manual_review,retrieved
34767631,Photoprotective Effect of Artemisia sieversiana Ehrhart Essential Oil Against UVB-induced Photoaging in Mice.,terpene_essential_oil,chemistry;primary_methods,3,pending_manual_review,retrieved
34827269,Antifungal Activity of Essential Oils from Three Artemisia Species against Colletotrichum gloeosporioides of Mango.,terpene_essential_oil,chemistry;primary_methods,3,pending_manual_review,retrieved
34853965,Monooxygenase System and NO Metabolism in Liver Microsomes of Rats with Toxic Hepatitis and the Effect of Sesquiterpene Lactones.,terpene_essential_oil;sesquiterpene_lactone;biosynthesis_genes;safety,chemistry;safety,3,pending_manual_review,retrieved
34857648,Artemisinin-independent inhibitory activity of Artemisia sp. infusions against different Plasmodium stages including relapse-causing hypnozoites.,terpene_essential_oil;sesquiterpene_lactone;antiparasitic,antiparasitic;primary_methods,3,pending_manual_review,retrieved
34978233,"Gastro-protective effect of Artemisia Sieberi essential oil against ethanol-induced ulcer in rats as revealed via biochemical, histopathological and metabolomics analysis.",terpene_essential_oil;biosynthesis_genes,chemistry;primary_methods,3,pending_manual_review,retrieved
35010259,"Optimized Antibacterial Effects in a Designed Mixture of Essential Oils of Myrtus communis, Artemisia herba-alba and Thymus serpyllum for Wide Range of Applications.",terpene_essential_oil,chemistry;primary_methods,3,pending_manual_review,retrieved
35075604,Hemocytic cell line from the moth Glyphodes pyloalis (Lepidoptera: Crambidae) response to essential oils from Artemisia annua (Asterales: Asteraceae).,terpene_essential_oil,chemistry;safety,3,pending_manual_review,retrieved
35131640,Guaianolides and unusual 3-oxa-guaianolides from Artemisia macrocephala.,terpene_essential_oil;sesquiterpene_lactone,chemistry;primary_methods,3,pending_manual_review,retrieved
35164402,Antioxidant and Antimicrobial Activities of Chemically-Characterized Essential Oil from Artemisia aragonensis Lam. against Drug-Resistant Microbes.,terpene_essential_oil,chemistry;primary_methods,3,pending_manual_review,retrieved
35172258,The sesquiterpene lactone estafiatin exerts anti-inflammatory effects on macrophages and protects mice from sepsis induced by LPS and cecal ligation puncture.,sesquiterpene_lactone,chemistry;primary_methods,3,pending_manual_review,retrieved
35204215,"Bio-Evaluation of the Wound Healing Activity of Artemisia judaica L. as Part of the Plant's Use in Traditional Medicine; Phytochemical, Antioxidant, Anti-Inflammatory, and Antibiofilm Properties of the Plant's Essential Oils.",terpene_essential_oil,chemistry;primary_methods,3,pending_manual_review,retrieved
35270126,"Genome-Wide Identification, Characterization and Expression Analysis of Lipoxygenase Gene Family in Artemisia annua L.",sesquiterpene_lactone;genomics_phylogenomics,genomics;primary_methods,3,pending_manual_review,retrieved
35301035,Sesquiterpene lactones from Artemisia mongolica.,terpene_essential_oil;sesquiterpene_lactone,chemistry;primary_methods,3,pending_manual_review,retrieved
35413535,Sesquiterpenoids isolated from davana (Artemisia pallens Wall. ex DC) mitigates parkinsonism in Caenorhabditis elegans disease model.,terpene_essential_oil;genomics_phylogenomics,chemistry;primary_methods,3,pending_manual_review,retrieved
35432559,Effects of Artemisia annua L. Essential Oil on Osteoclast Differentiation and Function Induced by RANKL.,terpene_essential_oil,chemistry;primary_methods,3,pending_manual_review,retrieved
35452745,Anti-inflammatory sesquiterpenoid dimers from Artemisia atrovirens.,terpene_essential_oil;sesquiterpene_lactone,chemistry;primary_methods,3,pending_manual_review,retrieved
35530156,Molecular insights into AabZIP1-mediated regulation on artemisinin biosynthesis and drought tolerance in Artemisia annua.,sesquiterpene_lactone;biosynthesis_genes,genomics;primary_methods,3,pending_manual_review,retrieved
35631467,"Neutrophil Immunomodulatory Activity of Farnesene, a Component of Artemisia dracunculus Essential Oils.",terpene_essential_oil,chemistry;primary_methods,3,pending_manual_review,retrieved
35655434,Allele-aware chromosome-level genome assembly of Artemisia annua reveals the correlation between ADS expansion and artemisinin yield.,terpene_essential_oil;sesquiterpene_lactone;biosynthesis_genes;genomics_phylogenomics;antiparasitic,genomics;primary_methods,3,pending_manual_review,retrieved
35724377,Sesquiterpenes from Artemisia princeps regulate inflammatory responses in RAW 264.7 macrophages.,terpene_essential_oil;sesquiterpene_lactone;biosynthesis_genes,chemistry;primary_methods,3,pending_manual_review,retrieved
35934190,Artemisia extracts differ from artemisinin effects on human hepatic CYP450s 2B6 and 3A4 in vitro.,terpene_essential_oil;sesquiterpene_lactone;antiparasitic,chemistry;primary_methods,3,pending_manual_review,retrieved
36108986,Sesquiterpenoids and triterpenoids with anti-inflammatory effects from Artemisia vulgaris L.,terpene_essential_oil,chemistry;primary_methods,3,pending_manual_review,retrieved
36118318,Sesquiterpene lactones from Artemisia vulgaris L. as potential NO inhibitors in LPS-induced RAW264.7 macrophage cells.,sesquiterpene_lactone,chemistry;primary_methods,3,pending_manual_review,retrieved
36228879,Alleviating effects of essential oil from Artemisia vulgaris on enteritis in zebrafish via modulating oxidative stress and inflammatory response.,terpene_essential_oil;biosynthesis_genes,chemistry;primary_methods,3,pending_manual_review,retrieved
36250876,"Draft Genome Sequence of Bacillus vallismortis Strain BL01, Isolated from Artemisia lerchiana Web. Roots.",genomics_phylogenomics,genomics;primary_methods,3,pending_manual_review,retrieved
36296479,From Plant to Yeast-Advances in Biosynthesis of Artemisinin.,terpene_essential_oil;sesquiterpene_lactone;biosynthesis_genes;antiparasitic,genomics;primary_methods,3,pending_manual_review,retrieved
36297333,"Phytochemical Profiling, Antioxidant, Antimicrobial and Cholinesterase Inhibitory Effects of Essential Oils Isolated from the Leaves of Artemisia scoparia and Artemisia absinthium.",terpene_essential_oil,chemistry;primary_methods,3,pending_manual_review,retrieved
36351173,A Dimerosesquiterpene and Sesquiterpene Lactones from Artemisia argyi Inhibiting Oncogenic PI3K/AKT Signaling in Melanoma Cells.,terpene_essential_oil;sesquiterpene_lactone;biosynthesis_genes,chemistry;primary_methods,3,pending_manual_review,retrieved
36379416,Apoptosis induction of essential oils from Artemisia arborescens L. in human prostate cancer cells.,terpene_essential_oil;biosynthesis_genes;genomics_phylogenomics,chemistry;primary_methods,3,pending_manual_review,retrieved
36442941,Comprehensive two-dimensional countercurrent chromatography × gas chromatography characterization of Artemisia argyi essential oil.,terpene_essential_oil,chemistry;primary_methods,3,pending_manual_review,retrieved
36478140,Profiling of phytohormone-specific microRNAs and characterization of the miR160-ARF1 module involved in glandular trichome development and artemisinin biosynthesis in Artemisia annua.,terpene_essential_oil;sesquiterpene_lactone;biosynthesis_genes;genomics_phylogenomics;antiparasitic,genomics;primary_methods,3,pending_manual_review,retrieved
36481317,"Arteperoxides A-C, tris-normonoterpene-sesquiterpene conjugates with peroxide-bridges from Artemisia judaica exhibiting antiosteoclastogenic activity.",terpene_essential_oil,chemistry;primary_methods,3,pending_manual_review,retrieved
36500339,"Effect of Foliar Sodium Selenate and Nano Selenium Supply on Biochemical Characteristics, Essential Oil Accumulation and Mineral Composition of Artemisia annua L.",terpene_essential_oil,chemistry;primary_methods,3,pending_manual_review,retrieved
36555498,"Vulgarin, a Sesquiterpene Lactone from Artemisia judaica, Improves the Antidiabetic Effectiveness of Glibenclamide in Streptozotocin-Induced Diabetic Rats via Modulation of PEPCK and G6Pase Genes Expression.",terpene_essential_oil;sesquiterpene_lactone;biosynthesis_genes,chemistry;primary_methods,3,pending_manual_review,retrieved
36572116,"Artemleucolides A-L, eudesmane-type sesquiterpenoids from Artemisia leucophylla and their antihepatoma cytotoxicity.",terpene_essential_oil,chemistry;safety,3,pending_manual_review,retrieved
36604914,[A new sesquiterpene lactone from biological transformation of Hericium erinaceus and Artemisiae Annuae Herba].,terpene_essential_oil;sesquiterpene_lactone,chemistry;primary_methods,3,pending_manual_review,retrieved
36650717,Chemical Composition Analysis and Discrimination of Essential Oils of Artemisia Argyi Folium from Different Germplasm Resources Based on Electronic Nose and GC/MS Combined with Chemometrics.,terpene_essential_oil;safety,chemistry;safety,3,pending_manual_review,retrieved
36693583,"Simplex-centroid design as innovative approach in the optimization of antimicrobial effect of Thymus satureioides, Myrtus communis and Artemisia herba alba essential oils against Escherichia coli, Staphylococcus aureus and Candidatropicalis.",terpene_essential_oil;safety,chemistry;safety,3,pending_manual_review,retrieved
36721100,Genome-wide identification and characterisation of bHLH transcription factors in Artemisia annua.,terpene_essential_oil;sesquiterpene_lactone;biosynthesis_genes;genomics_phylogenomics;antiparasitic,genomics;primary_methods,3,pending_manual_review,retrieved
36740572,Anti-Inflammatory Activities of Monoterpene and Sesquiterpene Glycosides from the Aqueous Extract of Artemisia annua L.,terpene_essential_oil,chemistry;primary_methods,3,pending_manual_review,retrieved
36770797,Multivariate Analysis of Essential Oil Composition of Artemisia annua L. Collected from Different Locations in Korea.,terpene_essential_oil,chemistry;primary_methods,3,pending_manual_review,retrieved
36895880,Elevation of artemisinin content by co-transformation of artemisinin biosynthetic pathway genes and trichome-specific transcription factors in Artemisia annua.,sesquiterpene_lactone;biosynthesis_genes;genomics_phylogenomics,genomics;primary_methods,3,pending_manual_review,retrieved
36903525,Phytochemical Composition and Antimicrobial Activity of Essential Oil from the Leaves of Artemisia vulgaris L.,terpene_essential_oil;genomics_phylogenomics,chemistry;primary_methods,3,pending_manual_review,retrieved
36924094,Individual and Combined Antifungal Activities of Artemisia herba alba and Ammoides verticillata Essential Oils against the Three Main Pathogenic Microorganisms of Potato.,terpene_essential_oil,chemistry;primary_methods,3,pending_manual_review,retrieved
36983934,"In Vitro and In Silico Studies of Antimicrobial, and Antioxidant Activities of Chemically Characterized Essential Oil of Artemisia flahaultii L. (Asteraceae).",terpene_essential_oil;biosynthesis_genes,chemistry;primary_methods,3,pending_manual_review,retrieved
36983962,Antimicrobial and Antioxidant Properties of Chemically Analyzed Essential Oil of Artemisia annua L. (Asteraceae) Native to Mediterranean Area.,terpene_essential_oil,chemistry;primary_methods,3,pending_manual_review,retrieved
37019158,"Myorelaxant and antispasmodic effects of the essential oil of Artemisia campestris L., and the molecular docking of its major constituents with the muscarinic receptor and the L-type voltage-gated Ca(2+)channel.",terpene_essential_oil,chemistry;primary_methods,3,pending_manual_review,retrieved
37044183,"Mitochondrial genome of Artemisia argyi L. suggested conserved mitochondrial protein-coding genes among genera Artemisia, Tanacetum and Chrysanthemum.",genomics_phylogenomics,genomics;primary_methods,3,pending_manual_review,retrieved
37062345,The first phytochemical investigation of Artemisia nujianensis: Eight new guaianolides and their anti-inflammatory activity.,terpene_essential_oil;sesquiterpene_lactone,chemistry;primary_methods,3,pending_manual_review,retrieved
37123072,Optimization of in vitro and in vivo antifungal effects of trehalose coating included Artemisia sieberi essential oil on mulberry (Morus alba var. nigra) fruits using the hybrid RSM-GRA method.,terpene_essential_oil,chemistry;primary_methods,3,pending_manual_review,retrieved
37169131,Artemisia argyi H.Lév. & Vaniot essential oil induces ferroptosis in pancreatic cancer cells via up-regulation of TFR1 and depletion of γ-glutamyl cycle.,terpene_essential_oil;biosynthesis_genes,chemistry;primary_methods,3,pending_manual_review,retrieved
37175138,"Microbial Transformation of the Sesquiterpene Lactone, Vulgarin, by Aspergillus niger.",terpene_essential_oil;sesquiterpene_lactone;biosynthesis_genes,chemistry;primary_methods,3,pending_manual_review,retrieved
37180395,Integrative analysis of metabolite and transcriptome reveals biosynthetic pathway and candidate genes for eupatilin and jaceosidin biosynthesis in Artemisia argyi.,biosynthesis_genes;genomics_phylogenomics,genomics;primary_methods,3,pending_manual_review,retrieved
37241993,The First Phytochemical Investigation of Artemisia divaricate: Sesquiterpenes and Their Anti-Inflammatory Activity.,terpene_essential_oil,chemistry;primary_methods,3,pending_manual_review,retrieved
37245709,"Artemisia anomala S. Moore: A review of botany, traditional uses, phytochemistry, pharmacology and quality control.",terpene_essential_oil,chemistry;primary_methods,3,pending_manual_review,retrieved
37247107,Environmental differences between Japan and Indonesia provide endophyte diversity associated with Artemisia plant and variety of artemisinin derivatives in microbial conversion.,sesquiterpene_lactone;genomics_phylogenomics;antiparasitic,antiparasitic;primary_methods,3,pending_manual_review,retrieved
37301341,Chitosan-pullulan films enriched with Artemisia annua essential oil: Characterization and application in grape preservation.,terpene_essential_oil;safety,chemistry;primary_methods,3,pending_manual_review,retrieved
37302761,Sesquiterpene lactones from Artemisia verlotorum and their anti-inflammatory activities.,terpene_essential_oil;sesquiterpene_lactone,chemistry;primary_methods,3,pending_manual_review,retrieved
37321306,"Nitric oxide induces antioxidant machinery, PSII functioning and artemisinin biosynthesis in Artemisia annua under cadmium stress.",terpene_essential_oil;sesquiterpene_lactone;biosynthesis_genes;antiparasitic;safety,genomics;safety,3,pending_manual_review,retrieved
37337774,"Artemannuols A-C, novel sesquiterpenoid-flavonol hybrids with antihepatoma activity from Artemisia annua.",terpene_essential_oil,chemistry;primary_methods,3,pending_manual_review,retrieved
37421981,AaWRKY6 contributes to artemisinin accumulation during growth in Artemisia annua.,terpene_essential_oil;sesquiterpene_lactone;biosynthesis_genes;genomics_phylogenomics;antiparasitic,genomics;primary_methods,3,pending_manual_review,retrieved
37487797,"Artemeriosides A-F, the first examples of natural sesquiterpenoids substituted by a 6'-O-crontonyl β-glucopyranoside from Artemisia annua.",terpene_essential_oil,chemistry;primary_methods,3,pending_manual_review,retrieved
37488037,Essential oil from Artemisia argyi alleviated liver disease in zebrafish (Danio rerio) via the gut-liver axis.,terpene_essential_oil;biosynthesis_genes,chemistry;primary_methods,3,pending_manual_review,retrieved
37517615,"An updated review on distribution, biosynthesis and pharmacological effects of artemisinin: A wonder drug.",terpene_essential_oil;sesquiterpene_lactone;biosynthesis_genes;antiparasitic,genomics;primary_methods,3,pending_manual_review,retrieved
37576776,Artemisia vulgaris anthelmintic activities to ova and adult stages of Fasciola gigantica in vitro.,antiparasitic,antiparasitic;primary_methods,3,pending_manual_review,retrieved
37638613,"Review of the Chemical Composition and Biological Activities of Essential Oils from Artemisia Argyi, Artemisia Princeps, and Artemisia Montana.",terpene_essential_oil;safety,chemistry;safety,3,pending_manual_review,retrieved
37649886,"Genome-wide identification of bZIP transcription factor family in Artemisia annua, its transcriptional profiling and regulatory role in phenylpropanoid metabolism under different light conditions.",biosynthesis_genes;genomics_phylogenomics,genomics;primary_methods,3,pending_manual_review,retrieved
37721598,Manual correction of genome annotation improved alternative splicing identification of Artemisia annua.,terpene_essential_oil;sesquiterpene_lactone;biosynthesis_genes;genomics_phylogenomics;antiparasitic;safety,genomics;primary_methods,3,pending_manual_review,retrieved
37751824,Activity-guided isolation and identification of antiherpesvirus and antineuroinflammatory active terpenoids from Artemisia vulgaris L. based on the LC-MS/MS molecular network.,terpene_essential_oil;sesquiterpene_lactone,chemistry;primary_methods,3,pending_manual_review,retrieved
37770811,"Artemongolins A-K, undescribed germacrane-guaiane sesquiterpenoid dimers from Artemisia mongolica and their antihepatoma activities.",terpene_essential_oil;sesquiterpene_lactone,chemistry;primary_methods,3,pending_manual_review,retrieved
37777165,Eudesmane-type sesquiterpenoids from the aerial parts of Artemisia lavandulaefolia and their anti-pancreatic cancer activities.,terpene_essential_oil,chemistry;primary_methods,3,pending_manual_review,retrieved
37820909,AaABI5 transcription factor mediates light and abscisic acid signaling to promote anti-malarial drug artemisinin biosynthesis in Artemisia annua.,terpene_essential_oil;sesquiterpene_lactone;biosynthesis_genes;antiparasitic,genomics;primary_methods,3,pending_manual_review,retrieved
37836231,Artemisia santonicum L. and Artemisia lerchiana Web. Essential Oils and Exudates as Sources of Compounds with Pesticidal Action.,terpene_essential_oil,chemistry;safety,3,pending_manual_review,retrieved
37919898,Graphene enhances artemisinin production in the traditional medicinal plant Artemisia annua via dynamic physiological processes and miRNA regulation.,terpene_essential_oil;sesquiterpene_lactone;biosynthesis_genes;antiparasitic,genomics;primary_methods,3,pending_manual_review,retrieved
37957442,The antimicrobial effect and mechanism of the Artemisia argyi essential oil against bacteria and fungus.,terpene_essential_oil,chemistry;primary_methods,3,pending_manual_review,retrieved
37980503,Genome-wide characterization of regulator of chromosome condensation 1 (RCC1) gene family in Artemisia annua L. revealed a conservation evolutionary pattern.,terpene_essential_oil;sesquiterpene_lactone;biosynthesis_genes;genomics_phylogenomics;antiparasitic,genomics;primary_methods,3,pending_manual_review,retrieved
37993076,Highly oxygenated guaiane-type sesquiterpene lactones from Artemisia sacrorum and their antihepatoma activity.,terpene_essential_oil;sesquiterpene_lactone,chemistry;primary_methods,3,pending_manual_review,retrieved
38028600,Transcriptome analysis of Artemisia argyi following methyl jasmonate (MeJA) treatment and the mining of genes related to the stress resistance pathway.,genomics_phylogenomics,genomics;primary_methods,3,pending_manual_review,retrieved
38164058,Folic Acid-Conjugated Chitosan-Coated Solid Lipid Nanoparticles: Precision Targeting of Artemisia vulgaris Essential Oils for Anticancer Therapy.,terpene_essential_oil,chemistry;primary_methods,3,pending_manual_review,retrieved
38181532,"Arteannuin B, a sesquiterpene lactone from Artemisia annua, attenuates inflammatory response by inhibiting the ubiquitin-conjugating enzyme UBE2D3-mediated NF-κB activation.",terpene_essential_oil;sesquiterpene_lactone;biosynthesis_genes;antiparasitic,chemistry;primary_methods,3,pending_manual_review,retrieved
38203371,Inhibitory Effects of Sesquiterpenoids Isolated from Artemisia scoparia on Adipogenic Differentiation of 3T3-L1 Preadipocytes.,terpene_essential_oil,chemistry;primary_methods,3,pending_manual_review,retrieved
38205667,Insight gained via ultra-performance liquid chromatography tandem mass spectrometry-based metabolomics: Protective effect of Artemisia argyi H.Lév. & Vaniot essential oil on lipopolysaccharide-induced liver injury mice.,terpene_essential_oil;biosynthesis_genes,chemistry;primary_methods,3,pending_manual_review,retrieved
38277723,Screening and identification of antibacterial components in Artemisia argyi essential oil by TLC-direct bioautography combined with comprehensive 2D GC × GC-TOFMS.,terpene_essential_oil,chemistry;primary_methods,3,pending_manual_review,retrieved
38281703,Eudesmane sesquiterpenoids with inhibitory effects on NO production from Artemisia princeps.,terpene_essential_oil,chemistry;primary_methods,3,pending_manual_review,retrieved
38288461,In-vivo Immunomodulatory Activities of Essential Oils of Artemisia abyssinica and Lepidium sativum in Mice.,terpene_essential_oil,chemistry;primary_methods,3,pending_manual_review,retrieved
38346546,Guaianolide sesquiterpenes and their activity from Artemisia mongolica.,terpene_essential_oil;sesquiterpene_lactone,chemistry;primary_methods,3,pending_manual_review,retrieved
38398555,"Sesquiterpene Lactones and Flavonoid from the Leaves of Basin Big Sagebrush (Artemisia tridentata subsp. tridentata): Isolation, Characterization and Biological Activities.",terpene_essential_oil;sesquiterpene_lactone,chemistry;primary_methods,3,pending_manual_review,retrieved
38403974,"Chemical composition and toxicity of Moroccan mentha spicata and Artemisia absinthium essential oils against Pthorimaea operculella, the potato moth.",terpene_essential_oil;safety,chemistry;safety,3,pending_manual_review,retrieved
38434799,Enhanced Antimalarial Activity of Extracts of Artemisia annua L. Achieved with Aqueous Solutions of Salicylate Salts and Ionic Liquids.,sesquiterpene_lactone;antiparasitic,antiparasitic;primary_methods,3,pending_manual_review,retrieved
38475411,"Genome-Wide Analysis of Aux/IAA Gene Family in Artemisia argyi: Identification, Phylogenetic Analysis, and Determination of Response to Various Phytohormones.",genomics_phylogenomics,genomics;primary_methods,3,pending_manual_review,retrieved
38500223,TrichomeLess Regulator 3 is required for trichome initial and cuticle biosynthesis in Artemisia annua.,sesquiterpene_lactone;biosynthesis_genes;genomics_phylogenomics,genomics;primary_methods,3,pending_manual_review,retrieved
38611496,Artemisia spp. Essential Oils: From Their Ethnobotanical Use to Unraveling the Microbiota Modulation Potential.,sesquiterpene_lactone,chemistry;primary_methods,3,pending_manual_review,retrieved
38636688,"Artemyriantholides A-K, guaiane-type sesquiterpenoid dimers from Artemisia myriantha var. pleiocephala and their antihepatoma activity.",terpene_essential_oil;biosynthesis_genes,chemistry;primary_methods,3,pending_manual_review,retrieved
38731597,"Differential Anti-Fibrotic and Remodeling Responses of Human Dermal Fibroblasts to Artemisia sp., Artemisinin, and Its Derivatives.",terpene_essential_oil;sesquiterpene_lactone;biosynthesis_genes;antiparasitic,antiparasitic;primary_methods,3,pending_manual_review,retrieved
38761524,In vivo antimalarial efficacy of Artemisia afra powder suspensions.,terpene_essential_oil;sesquiterpene_lactone;antiparasitic,antiparasitic;primary_methods,3,pending_manual_review,retrieved
38775853,"A review of the research progress on Artemisia argyi Folium: botany, phytochemistry, pharmacological activities, and clinical application.",terpene_essential_oil;safety,chemistry;safety,3,pending_manual_review,retrieved
38827342,"The Effect of Bacillus Cereus on the Ion Homeostasis, Growth Parameters, and the Expression of Some Genes of Artemisinin Biosynthesis Pathway in Artemisia Absinthium Under Salinity Stress.",sesquiterpene_lactone;biosynthesis_genes,genomics;primary_methods,3,pending_manual_review,retrieved
38862031,"Topical application of Artemisia annua L. essential oil ameliorates 2,4-dintrochlorobenzene-induced atopic dermatitis in mice.",terpene_essential_oil;biosynthesis_genes,chemistry;primary_methods,3,pending_manual_review,retrieved
38871010,Artemisia argyi essential oil alleviates asthma by regulating 5-LOX-CysLTs and IDO-1-KYN pathways: Insights from metabolomics.,terpene_essential_oil;biosynthesis_genes,chemistry;primary_methods,3,pending_manual_review,retrieved
38880338,Integrated multi-omics analysis reveals genes involved in flavonoid biosynthesis and trichome development of Artemisia argyi.,biosynthesis_genes;genomics_phylogenomics,genomics;primary_methods,3,pending_manual_review,retrieved
38917891,Four undescribed sesquiterpenes from Artemisia mongolica and their anti-inflammatory activity.,terpene_essential_oil;biosynthesis_genes,chemistry;primary_methods,3,pending_manual_review,retrieved
38921806,Understanding Artemisia cina Ethyl Acetate Extract's Anthelmintic Effect on Haemonchus contortus Eggs and L(3) Larvae: The Synergism of Peruvin Binary Mixtures.,sesquiterpene_lactone;antiparasitic,antiparasitic;primary_methods,3,pending_manual_review,retrieved
38930948,Chemical Composition and Cytotoxicity Evaluation of Artemisia judaica L. Essential Oil from Saudi Arabia.,terpene_essential_oil,chemistry;safety,3,pending_manual_review,retrieved
38972444,Unusual cadinane-involved sesquiterpenoid dimers from Artemisia annua and their antihepatoma effect.,terpene_essential_oil;biosynthesis_genes,chemistry;primary_methods,3,pending_manual_review,retrieved
38975956,"De novo genome assembly of endophytic fungus Nemania diffusa strain YAFEF818, isolated from Artemisia argyi.",genomics_phylogenomics,genomics;primary_methods,3,pending_manual_review,retrieved
38992644,Isolation and anti-neuroinflammation activity of sesquiterpenoids from Artemisia argyi: computational simulation and experimental verification.,terpene_essential_oil,chemistry;primary_methods,3,pending_manual_review,retrieved
38999565,"Artemisia fragrans Willd. Essential Oil: Chemical Profile and Insecticidal Potential against the Confused Flour Beetle, Tribolium confusum du Val.",terpene_essential_oil;safety,chemistry;safety,3,pending_manual_review,retrieved
39015035,Chemical profiling and enzyme inhibitory properties of essential oil isolated from Artemisia judaica grown in Egypt: GC-MS analysis and in-Vitro studies.,terpene_essential_oil,chemistry;primary_methods,3,pending_manual_review,retrieved
39035813,"Persianolide-A, an eudesmanolide-type sesquiterpene lactone from Artemisia kopetdaghensis, induces apoptosis by regulating ERK signaling pathways.",sesquiterpene_lactone,chemistry;primary_methods,3,pending_manual_review,retrieved
39043105,Artemisia monosperma essential oil nanoformulations alleviate imiquimod-induced psoriasis-like dermatitis in mice.,terpene_essential_oil;biosynthesis_genes,chemistry;primary_methods,3,pending_manual_review,retrieved
39092222,Artemvulactone E isolated from Artemisia vulgaris L. ameliorates lipopolysaccharide-induced inflammation in both RAW264.7 and zebrafish model.,sesquiterpene_lactone,chemistry;primary_methods,3,pending_manual_review,retrieved
39114468,Identification of the histone acetyltransferase gene family in the Artemisia annua genome.,sesquiterpene_lactone;genomics_phylogenomics,genomics;primary_methods,3,pending_manual_review,retrieved
39123103,A transcription factor of SHI family AaSHI1 activates artemisinin biosynthesis genes in Artemisia annua.,terpene_essential_oil;sesquiterpene_lactone;biosynthesis_genes;genomics_phylogenomics;antiparasitic,genomics;primary_methods,3,pending_manual_review,retrieved
39189077,AaMYC3 bridges the regulation of glandular trichome density and artemisinin biosynthesis in Artemisia annua.,terpene_essential_oil;sesquiterpene_lactone;biosynthesis_genes;antiparasitic,genomics;primary_methods,3,pending_manual_review,retrieved
39192639,From Traditional Use to Modern Evidence: The Medicinal Chemistry of Antimalarials from Genus Artemisia.,terpene_essential_oil;sesquiterpene_lactone;antiparasitic,antiparasitic;primary_methods,3,pending_manual_review,retrieved
39268001,Transcriptome dynamics in Artemisia annua provides new insights into cold adaptation and de-adaptation.,biosynthesis_genes;genomics_phylogenomics,genomics;primary_methods,3,pending_manual_review,retrieved
39362503,Germacrane-type sesquiterpenes from Artemisia atrovirens and their anti-inflammatory activity.,terpene_essential_oil;biosynthesis_genes,chemistry;primary_methods,3,pending_manual_review,retrieved
39363209,"Genome-wide identification, characterization and expression pattern analysis of TIFY family members in Artemisia argyi.",biosynthesis_genes;genomics_phylogenomics,genomics;primary_methods,3,pending_manual_review,retrieved
39421297,Characterization of the complete chloroplast genome sequence of Artemisia sylvatica Maximowicz 1859 (Asteraceae).,genomics_phylogenomics,genomics;primary_methods,3,pending_manual_review,retrieved
39440419,A bHLH transcription factor AaMYC2-type positively regulates glandular trichome density and artemisinin biosynthesis in Artemisia annua.,terpene_essential_oil;sesquiterpene_lactone;biosynthesis_genes;genomics_phylogenomics;antiparasitic,genomics;primary_methods,3,pending_manual_review,retrieved
39515628,Sesquiterpenes from the aerial parts of Artemisia vachanica krasch. ex poljakov and their anti-inflammatory and anti-diabetic activities.,terpene_essential_oil;biosynthesis_genes,chemistry;primary_methods,3,pending_manual_review,retrieved
39598260,Novel Differentially Expressed LncRNAs Regulate Artemisinin Biosynthesis in Artemisia annua.,sesquiterpene_lactone;biosynthesis_genes;genomics_phylogenomics;antiparasitic;safety,genomics;primary_methods,3,pending_manual_review,retrieved
39689807,Genome-wide identification of the WD40 protein family and functional characterization of AaTTG1 in Artemisia annua.,terpene_essential_oil;sesquiterpene_lactone;biosynthesis_genes;genomics_phylogenomics;antiparasitic,genomics;primary_methods,3,pending_manual_review,retrieved
39732992,Dynamic transcriptomics unveils parallel transcriptional regulation in artemisinin and phenylpropanoid biosynthesis pathways under cold stress in Artemisia annua.,terpene_essential_oil;sesquiterpene_lactone;biosynthesis_genes;genomics_phylogenomics;antiparasitic,genomics;primary_methods,3,pending_manual_review,retrieved
39754020,The anthelmintic activity of the white wormwood (Artemisia herba Alba) against Haemonchus contortus in beef cattle.,antiparasitic,antiparasitic;safety,3,pending_manual_review,retrieved
39826810,"Artemyriantholidimers A-G, undescribed guaiane-type sesquiterpenoid dimers from Artemisia myriantha and their antihepatoma activities.",terpene_essential_oil;biosynthesis_genes,chemistry;primary_methods,3,pending_manual_review,retrieved
39861595,"Artemisia herba-alba Essential Oil: Chemical Composition, Phytotoxic Activity and Environmental Safety.",terpene_essential_oil;safety,chemistry;safety,3,pending_manual_review,retrieved
39996821,Genome-Wide Identification and Analysis of the JAZ Gene Family in Artemisia argyi.,genomics_phylogenomics,genomics;primary_methods,3,pending_manual_review,retrieved
40017245,"A Comprehensive Review on the Antimicrobial Activity of the Genus Artemisia, Artemisinin, and its Derivatives.",terpene_essential_oil;sesquiterpene_lactone;antiparasitic;safety,antiparasitic;safety,3,pending_manual_review,retrieved
40047612,"Artemselenoids A-H, eight guaiane-type sesquiterpenoid dimers from Artemisia selengensis and their antihepatoma activities.",terpene_essential_oil;sesquiterpene_lactone;biosynthesis_genes,chemistry;primary_methods,3,pending_manual_review,retrieved
40107365,Synergistic interaction of AaMYC2 and AaMYC2-LIKE enhances artemisinin production in Artemisia annua L.,terpene_essential_oil;sesquiterpene_lactone;biosynthesis_genes;antiparasitic,genomics;primary_methods,3,pending_manual_review,retrieved
40256890,Transcription factor AabHLH5 participates in JA signaling and negatively regulates artemisinin biosynthesis in Artemisia annua.,terpene_essential_oil;sesquiterpene_lactone;biosynthesis_genes;genomics_phylogenomics;antiparasitic,genomics;primary_methods,3,pending_manual_review,retrieved
40288667,"Artemsieverlides A-M, diverse sesquiterpenoid dimers with antihepatic fibrosis activity isolated from Artemisia sieversiana based on molecular networking.",terpene_essential_oil;biosynthesis_genes,chemistry;primary_methods,3,pending_manual_review,retrieved
40298250,Profiling of sesquiterpenoid fractions from Artemisia annua L. and testing their in vitro anti-SARS-CoV-2 activity.,terpene_essential_oil;sesquiterpene_lactone;genomics_phylogenomics;antiparasitic,chemistry;primary_methods,3,pending_manual_review,retrieved
40367810,"Investigating the antifungal mechanism of Artemisia argyi essential oil against Botrytis cinerea, Alternaria alternata, and Penicillium digitatum and its application in extending blueberry shelf life.",terpene_essential_oil;safety,chemistry;safety,3,pending_manual_review,retrieved
40372204,Essential oil study of Artemisia herba Alba (asso.): antifungal activity against Fusarium oxysporum f. sp. ciceri and phytochemical analysis by gC/mS.,terpene_essential_oil;safety,chemistry;safety,3,pending_manual_review,retrieved
40375936,Unlocking the potential of Artemisia annua for artemisinin production: current insights and emerging strategies.,sesquiterpene_lactone;antiparasitic,chemistry;primary_methods,3,pending_manual_review,retrieved
40382557,Physiological changes and full-length transcriptome of Artemisia sphaerocephala in response to drought stress.,biosynthesis_genes;genomics_phylogenomics,genomics;primary_methods,3,pending_manual_review,retrieved
40410819,"Effects of LEDs, macronutrients and culture conditions on biomass and artemisinin production using Artemisia annua L. suspension cultures.",terpene_essential_oil;sesquiterpene_lactone;biosynthesis_genes;antiparasitic,chemistry;primary_methods,3,pending_manual_review,retrieved
40419059,Functional study of an O-methyltransferase in eupatilin biosynthesis in Artemisia argyi by an efficient hairy roots transformation system.,biosynthesis_genes;genomics_phylogenomics,genomics;primary_methods,3,pending_manual_review,retrieved
40448391,Study on the Application of Zeolitic Imidazolate Framework-8 Loaded With Artemisia Argyi Essential Oil in the Treatment of Bacterial Infected Wounds.,terpene_essential_oil,chemistry;primary_methods,3,pending_manual_review,retrieved
40510840,Supercritical CO(2) extraction of artemisinin from Artemisia annua plant and the biotechnological production of artemisinin precursors: A dual-focus review.,sesquiterpene_lactone;antiparasitic,antiparasitic;primary_methods,3,pending_manual_review,retrieved
40516721,Synergistic effects of glycosylation and ginger essential oils on soy protein isolate - Artemisia sphaerocephala Krasch. gum composite films for chilled grass carp preservation.,terpene_essential_oil;biosynthesis_genes,chemistry;primary_methods,3,pending_manual_review,retrieved
40545316,Deciphering the therapeutic potential and mechanisms of Artemisia argyit essential oil on flagellum-mediated Salmonella infections.,terpene_essential_oil,chemistry;primary_methods,3,pending_manual_review,retrieved
40636012,Establishment of a genome map-based karyotype of Artemisia argyi and identification of a new octoploid.,genomics_phylogenomics,genomics;primary_methods,3,pending_manual_review,retrieved
40797246,Correction: Assessment of the in vitro activity and selectivity of Artemisia afra and Artemisia annua aqueous extracts against artemisinin-resistant Plasmodium falciparum.,sesquiterpene_lactone,antiparasitic;primary_methods,3,pending_manual_review,no_abstract
40844671,Exploring the Effects of Artemisia absinthium L. Essential Oil on Pseudopregnancy Model in Rats.,terpene_essential_oil,chemistry;primary_methods,3,pending_manual_review,retrieved
41059406,Genome-wide identification and expression analysis of the HSP70 gene family in Artemisia annua L. under heat stress.,sesquiterpene_lactone;biosynthesis_genes;genomics_phylogenomics,genomics;primary_methods,3,pending_manual_review,retrieved
41076144,Artemisinin-hydroxychloroquine combination from traditional antimalarial medicine attenuates pulmonary fibrosis via PI3K/AKT/GSK3β-mediated inhibition of epithelial-mesenchymal transition.,terpene_essential_oil;sesquiterpene_lactone;biosynthesis_genes;genomics_phylogenomics;antiparasitic,antiparasitic;primary_methods,3,pending_manual_review,retrieved
41130006,Preparation and characterization of artemisia argyi essential oil microcapsule and its application in postharvest preservation of cherry tomatoes.,terpene_essential_oil,chemistry;primary_methods,3,pending_manual_review,retrieved
41157705,Antifungal Activity of Artemisia capillaris Essential Oil Against Alternaria Species Causing Black Spot on Yanbian Pingguoli Pear in China.,terpene_essential_oil,chemistry;primary_methods,3,pending_manual_review,retrieved
41182081,Chemical composition and cytotoxic activity of Saudi Arabia Artemisia sieberi essential oils.,terpene_essential_oil,chemistry;safety,3,pending_manual_review,retrieved
41235150,"Monoterpene-rich essential oil from Artemisia santonicum L. exerts neuroprotective effects in Aβ-induced SH-SY5Y cells: Modulation of tau pathology, neuroinflammation, oxidative stress, and synaptic-metabolic pathways.",terpene_essential_oil,chemistry;primary_methods,3,pending_manual_review,retrieved
41328231,"In vitro and in vivo anthelmintic activity of Artemisia absinthium against gastrointestinal nematodes of free-grazing goats from Ayacucho, Peru.",antiparasitic,antiparasitic;primary_methods,3,pending_manual_review,retrieved
41394543,Electrospun Polyvinyl Alcohol/Chitosan Nanofibers Film Loaded With Artemisia Essential Oil: A Strategy for Extending Shelf Life and Enhancing Quality of Minced Beef.,terpene_essential_oil,chemistry;primary_methods,3,pending_manual_review,retrieved
41438541,"Effects of drying methods on phenolic acids, flavonoids, and essential oils in three cultivars of Artemisia Argyi.",terpene_essential_oil;safety,chemistry;safety,3,pending_manual_review,retrieved
41471206,Antiparasitic Activity of Silver Nanoparticles Synthesized from Artemisia cina Aqueous Extract Against Haemonchus contortus.,biosynthesis_genes;antiparasitic,antiparasitic;primary_methods,3,pending_manual_review,retrieved
41573729,Pharmacological and bioactive properties of Artemisia argyi H. Lév. & Vaniot essential oil: a review.,terpene_essential_oil;safety,chemistry;safety,3,pending_manual_review,retrieved
41575886,"Impact of Extended Natural Drying on Yields, Constituents, and Biological Activities of Artemisia monosperma Delile Essential Oils.",terpene_essential_oil,chemistry;safety,3,pending_manual_review,retrieved
41600013,Chemical Composition and Antifungal Activity of Artemisia sieversiana Essential Oil Growing in Jilin Against Black Spot on Yanbian Pingguoli Pear in China.,terpene_essential_oil;safety,chemistry;safety,3,pending_manual_review,retrieved
41619671,Artemisia argyi essential oil - loaded β-cyclodextrin/whey protein microcapsules: dual antifungal and disease resistance-inducing effects to enhance blueberry shelf life.,terpene_essential_oil,chemistry;primary_methods,3,pending_manual_review,retrieved
41678738,Anti-inflammatory activity and potential anti-inflammatory mechanisms of Artemisia scoparia essential oil.,terpene_essential_oil;biosynthesis_genes,chemistry;primary_methods,3,pending_manual_review,retrieved
41679004,Anthelmintic effects of Artemisia herba-alba and Artemisia judaica extracts on Ascaridia galli in poultry.,antiparasitic,antiparasitic;primary_methods,3,pending_manual_review,retrieved
41740876,Monomeric and dimeric sesquiterpenoids from Artemisia princeps Pamp and their anti-inflammatory activity.,terpene_essential_oil;sesquiterpene_lactone;biosynthesis_genes,chemistry;primary_methods,3,pending_manual_review,retrieved
41823582,Complete genome sequence of Roseomonas sp. WA12 isolated from the rhizosphere of Artemisia ordosica.,genomics_phylogenomics,genomics;primary_methods,3,pending_manual_review,retrieved
41854514,"Artemverlotolides A and B, Two Sesquiterpenes from Artemisia verlotorum Lamotte: Structural Elucidation, Bioinspired Synthesis, and Antineuroinflammatory Activity.",terpene_essential_oil;biosynthesis_genes,chemistry;primary_methods,3,pending_manual_review,retrieved
41892437,"Clinical Potential of Essential Oils: Cytotoxicity, Selectivity Index and Antimicrobial Activity Against Gram-Negative ESKAPEE Pathogens.",safety,chemistry;safety,3,pending_manual_review,retrieved
41977170,Genome-Wide Identification of WRKY Gene Family in Artemisia and Its Expression Analysis of Aphid Resistance.,biosynthesis_genes;genomics_phylogenomics,genomics;primary_methods,3,pending_manual_review,retrieved
42030805,AaSPATULA synergistically coordinates glandular trichome initiation and vegetative growth to maximize whole-plant artemisinin yield in Artemisia annua.,terpene_essential_oil;sesquiterpene_lactone;biosynthesis_genes;genomics_phylogenomics;antiparasitic,genomics;primary_methods,3,pending_manual_review,retrieved
42110730,"Isolation, Antioxidant Activity, and Reaction Mechanism of Chamazulene from Artemisia selengensis Turcz. ex Besser Essential Oil.",terpene_essential_oil,chemistry;primary_methods,3,pending_manual_review,retrieved
42145959,Resource potential and essential oil composition of Artemisia arenaria DC. in the Northern Aral Sea Region.,terpene_essential_oil,chemistry;primary_methods,3,pending_manual_review,retrieved
42197106,Low-Thujone A. absinthium L. (Wormwood) Essential Oils and Extracts with Potential Antioxidative/Prooxidant Activity.,terpene_essential_oil;safety,chemistry;safety,3,pending_manual_review,retrieved
42232768,Characterization of high-artemisinin yielding Artemisia annua bioecotypes using gene-specific STS markers and HPLC for quality-oriented selection.,sesquiterpene_lactone;biosynthesis_genes,genomics;primary_methods,3,pending_manual_review,retrieved
42419436,"Artemselenolides I-N, sesquiterpenoid trimers from Artemisia selengensis with antihepatoma activity - structural elucidation, molecular docking and dynamics studies.",terpene_essential_oil;sesquiterpene_lactone,chemistry;primary_methods,3,pending_manual_review,retrieved
42440909,Essential oil from Artemisia gmelinii extenuates cellular integrity of Sporothrix globosa and its biofilms by steering intracellular ROS and basal ergosterol levels.,terpene_essential_oil,chemistry;primary_methods,3,pending_manual_review,retrieved
42484325,"Artemisia argyi essential oil modulates gut microbiota to influence serum metabolism in rabbits: effects on growth, meat quality, and organ index.",terpene_essential_oil;biosynthesis_genes,chemistry;primary_methods,3,pending_manual_review,retrieved
42506552,Enhanced Antibacterial Activity of Artemisia absinthium Extract Containing Artemisinin and Polyphenols Loaded into Mesoporous Silica Calcium- and Cerium-Doped Nanoparticles.,sesquiterpene_lactone,chemistry;primary_methods,3,pending_manual_review,retrieved
42540351,Complete chloroplast genome of Artemisia schmidtiana Maxim. (Asteraceae) and its phylogenetic placement.,genomics_phylogenomics,genomics;primary_methods,3,pending_manual_review,retrieved
42625753,Pre-harvest UV irradiation differentially modulates terpenoids and esters in tarragon (Artemisia dracunculus L.) for enhanced essential oil quality.,terpene_essential_oil;biosynthesis_genes,chemistry;primary_methods,3,pending_manual_review,retrieved
8463794,Crystal structure of artemisinic acid: a possible biogenetic precursor of antimalarial artemisinin from Artemisia annua.,terpene_essential_oil;sesquiterpene_lactone;biosynthesis_genes;antiparasitic,antiparasitic;primary_methods,3,pending_manual_review,retrieved
8739100,Hairy root culture of Artemisia annua L. by Ri plasmid transformation and biosynthesis of artemisinin.,terpene_essential_oil;sesquiterpene_lactone;biosynthesis_genes;antiparasitic,genomics;primary_methods,3,pending_manual_review,retrieved
8855361,"Bioactive constituents of Chinese natural medicines. I. New sesquiterpene ketones with vasorelaxant effect from Chinese moxa, the processed leaves of Artemisia argyi Levl. et Vant.: moxartenone and moxartenolide.",terpene_essential_oil;diterpene_triterpene,chemistry;primary_methods,3,pending_manual_review,retrieved
9013864,Sesquiterpene lactone containing Mexican Indian medicinal plants and pure sesquiterpene lactones as potent inhibitors of transcription factor NF-kappaB.,terpene_essential_oil;sesquiterpene_lactone;biosynthesis_genes,chemistry;primary_methods,3,pending_manual_review,retrieved
9342955,Artekeiskeanin A: a new coumarin-monoterpene ether from Artemisia keiskeana.,terpene_essential_oil,chemistry;primary_methods,3,pending_manual_review,retrieved
9409011,Extraction of artemisinin and artemisinic acid from Artemisia annua L. using supercritical carbon dioxide.,terpene_essential_oil;sesquiterpene_lactone;antiparasitic,antiparasitic;primary_methods,3,pending_manual_review,retrieved
962558,"[Substances first isolated from the essential oils of two artemisia-species, 1. Spathulenol, an azulenogenic C15-alcohol (author's title)].",terpene_essential_oil,chemistry;primary_methods,3,pending_manual_review,no_abstract
9745767,Lignans and sesquiterpene lactones from Artemisia sieversiana and Inula racemosa.,terpene_essential_oil;sesquiterpene_lactone,chemistry;primary_methods,3,pending_manual_review,retrieved
9748386,Antimalarial principles from Artemisia indica.,antiparasitic,antiparasitic;primary_methods,3,pending_manual_review,retrieved
10503642,Studies on dynamics of growth and biosynthesis of artemisinin in hairy roots of Artemisia annua L.,terpene_essential_oil;sesquiterpene_lactone;biosynthesis_genes;antiparasitic,genomics,2,pending_manual_review,retrieved
10563881,Influence of plant growth stage on the essential oil content and composition in Davana (Artemisia pallens wall.).,terpene_essential_oil,chemistry,2,pending_manual_review,retrieved
11105585,"Triterpenoids, p-coumaric acid esters and flavonoids from Artemisia igniaria.",terpene_essential_oil;diterpene_triterpene,chemistry,2,pending_manual_review,retrieved
11317598,"Ineffectiveness of essential oils from Artemisia afra (Asteraceae), Lantana angiolensis (Verbenaceae) and Syzygium hiullense (Myrtaceae) in inhibiting mosquito biting.",terpene_essential_oil,chemistry,2,pending_manual_review,no_abstract
11341733,"Genome size in 21 Artemisia L. species (Asteraceae, Anthemideae): systematic, evolutionary, and ecological implications.",genomics_phylogenomics,genomics,2,pending_manual_review,retrieved
11561861,"Toxicity, feeding deterrence, and effect of activity of 1,8-cineole from Artemisia annua on progeny production of Tribolium castanaeum (Coleoptera: Tenebrionidae).",terpene_essential_oil;safety,safety;primary_methods,2,pending_manual_review,retrieved
11772351,The genetics of artemisinin content in Artemisia annua L. and the breeding of high yielding cultivars.,terpene_essential_oil;sesquiterpene_lactone;antiparasitic,chemistry,2,pending_manual_review,retrieved
11853748,Germacranolides from Artemisia myriantha and their conformation.,terpene_essential_oil;sesquiterpene_lactone,chemistry,2,pending_manual_review,retrieved
11938970,[Progress in studies on the artemisinin (qinghaosu)-type antimalarials].,terpene_essential_oil;sesquiterpene_lactone;antiparasitic,antiparasitic,2,pending_manual_review,no_abstract
11975484,Dimeric guaianolides and a fulvenoguaianolide from Artemisia myriantha.,terpene_essential_oil;sesquiterpene_lactone,chemistry,2,pending_manual_review,retrieved
12110308,Molecular docking and 3-D-QSAR studies on the possible antimalarial mechanism of artemisinin analogues.,terpene_essential_oil;sesquiterpene_lactone;biosynthesis_genes;antiparasitic,antiparasitic,2,pending_manual_review,retrieved
12164281,Antimicrobial properties of the essential oil of Artemisia asiatica Nakai.,terpene_essential_oil,chemistry,2,pending_manual_review,retrieved
12385883,Antibacterial and antioxidant activities of Artemisia annua essential oil.,terpene_essential_oil,chemistry,2,pending_manual_review,retrieved
12587172,[Analysis of essential oil from Artemisia annul L. by extraction of different methods].,terpene_essential_oil,chemistry,2,pending_manual_review,retrieved
12816510,First enantioselective synthesis and absolute stereochemistry assignment of new monocyclic sesquiterpenes from Artemisia chamaemelifolia.,terpene_essential_oil,chemistry,2,pending_manual_review,retrieved
1303339,[Studies on the antimalarial action of gelatin capsule of Artemisia annua].,terpene_essential_oil;sesquiterpene_lactone;antiparasitic,antiparasitic,2,pending_manual_review,retrieved
1304756,[Chemical studies on essential oils from 6 Artemisia species].,terpene_essential_oil,chemistry,2,pending_manual_review,retrieved
13937378,[Studies on the essential oils of Artemisia annua L. V].,terpene_essential_oil,chemistry,2,pending_manual_review,no_abstract
14076644,[ON SESQUITERPENE LACTONES FROM SOME SPECIES OF ARTEMISIA].,terpene_essential_oil;sesquiterpene_lactone;antiparasitic,chemistry,2,pending_manual_review,no_abstract
14460773,[Studies on the chemical and botanical properties of Artemisia kurramensis Qazilbash cultivated in Japan. III. Components of the essential oil].,terpene_essential_oil,chemistry,2,pending_manual_review,no_abstract
14495607,[On a sesquiterpene lactone from Artemisia austriaca Jacq].,terpene_essential_oil;sesquiterpene_lactone,chemistry,2,pending_manual_review,no_abstract
14495608,[On sesquiterpene lactones of Artemisia leucodes Schrenk].,terpene_essential_oil;sesquiterpene_lactone,chemistry,2,pending_manual_review,no_abstract
14713157,Silphiperfolane sesquiterpene acids from Artemisia chamaemelifolia Vill.,terpene_essential_oil,chemistry,2,pending_manual_review,retrieved
14750037,Chemical composition and antibacterial activity of essential oil of Artemisia iwayomogi.,terpene_essential_oil,chemistry,2,pending_manual_review,retrieved
1480664,Analysis of the essential oil of Artemisia lobelii All.,terpene_essential_oil,chemistry,2,pending_manual_review,no_abstract
15181829,[Induction of apoptosis of cultured hepatocarcinoma cell by essential oil of Artemisia Annul L].,terpene_essential_oil,chemistry,2,pending_manual_review,retrieved
15325732,Anticonvulsant activity and chemical composition of Artemisia dracunculus L. essential oil.,terpene_essential_oil;safety,chemistry,2,pending_manual_review,retrieved
15551137,Alteration of biomass and artemisinin production in Artemisia annua hairy roots by media sterilization method and sugars.,terpene_essential_oil;sesquiterpene_lactone;biosynthesis_genes;antiparasitic,chemistry,2,pending_manual_review,retrieved
15729631,Chemical composition and antimicrobial activity of the essential oils of Artemisia scoparia and A. capillaris.,terpene_essential_oil,chemistry,2,pending_manual_review,retrieved
15971134,Chemical composition and antimicrobial activity of the essential oil of Artemisia lavandulaefolia.,terpene_essential_oil,chemistry,2,pending_manual_review,retrieved
16011283,[Studies on the chemical constituents of the essential oil of Artemisia dracunculus].,terpene_essential_oil,chemistry,2,pending_manual_review,retrieved
16222790,Laboratory evaluation of Artemisia annua L. extract and artemisinin activity against Epilachna paenulata and Spodoptera eridania.,sesquiterpene_lactone;biosynthesis_genes,safety;primary_methods,2,pending_manual_review,retrieved
16309236,Synergistic cytotoxicity of artemisinin and sodium butyrate on human cancer cells.,terpene_essential_oil;sesquiterpene_lactone;antiparasitic;safety,safety;primary_methods,2,pending_manual_review,retrieved
16342793,"Simultaneous densitometric determination of artemisinin, artemisinic acid and arteannuin-B in Artemisia annua using reversed-phase thin layer chromatography.",terpene_essential_oil;sesquiterpene_lactone;antiparasitic,chemistry,2,pending_manual_review,retrieved
16444785,Artemisone--a highly active antimalarial drug of the artemisinin class.,terpene_essential_oil;sesquiterpene_lactone;antiparasitic,antiparasitic,2,pending_manual_review,no_abstract
16604107,"Genome size variation in the Artemisia arborescens complex (Asteraceae, Anthemideae) and its cultivars.",biosynthesis_genes;genomics_phylogenomics,genomics,2,pending_manual_review,retrieved
16624501,"Arthropod repellency, especially tick (Ixodes ricinus), exerted by extract from Artemisia abrotanum and essential oil from flowers of Dianthus caryophyllum.",terpene_essential_oil,chemistry,2,pending_manual_review,retrieved
16902856,"Antiviral effect of artemisinin from Artemisia annua against a model member of the Flaviviridae family, the bovine viral diarrhoea virus (BVDV).",terpene_essential_oil;sesquiterpene_lactone;antiparasitic;safety,safety;primary_methods,2,pending_manual_review,retrieved
17039878,[Studies on the chemical constituents of essential oil of Hunan Artemisia annua].,terpene_essential_oil,chemistry,2,pending_manual_review,retrieved
17226151,Flavonoids and Sesquiterpene Lactones of Artemisia mesatlantica.,sesquiterpene_lactone,chemistry,2,pending_manual_review,no_abstract
17226480,Artemisinin G: A Sesquiterpene from Artemisia annua.,sesquiterpene_lactone,chemistry,2,pending_manual_review,no_abstract
17226503,Sesquiterpene Lactones and Other Constituents from Artemisia feddei.,sesquiterpene_lactone,chemistry,2,pending_manual_review,retrieved
17252398,Effect of plant density on the yields of artemisinin and essential oil in Artemisia annua cropped under low input cost management in North-Central India.,terpene_essential_oil;sesquiterpene_lactone,chemistry,2,pending_manual_review,retrieved
17260242,Production of Artemisinin and Related Sesquiterpenes in Japanese Artemisia annua During a Vegetation Period.,sesquiterpene_lactone,chemistry,2,pending_manual_review,retrieved
17265316,Sesquiterpene lactones from Artemisia assoana.,sesquiterpene_lactone,chemistry,2,pending_manual_review,no_abstract
17273805,Inhibitory effect of Artemisia capillaris extract on cytokine-induced nitric oxide formation and cytotoxicity of RINm5F cells.,biosynthesis_genes,safety;primary_methods,2,pending_manual_review,retrieved
1755047,Trial of antimalarial potential of extracts of Artemisia annua grown in Myanmar.,antiparasitic,antiparasitic,2,pending_manual_review,no_abstract
17612552,Determination of essential oil components of Artemisia haussknechtii Boiss. using simultaneous hydrodistillation-static headspace liquid phase microextraction-gas chromatography mass spectrometry.,terpene_essential_oil,chemistry,2,pending_manual_review,retrieved
17886232,Inhibition of microglial neurotoxicity by ethanol extract of Artemisia asiatica Nakai.,biosynthesis_genes,safety;primary_methods,2,pending_manual_review,retrieved
18059047,Development and validation of a simple thin layer chromatographic method for the analysis of artemisinin in Artemisia annua L. plant extracts.,terpene_essential_oil;sesquiterpene_lactone;antiparasitic,antiparasitic,2,pending_manual_review,retrieved
18161342,[Study on chemical constituents of the essential oil from Artemisia selengensis in Dongting Lake Area].,terpene_essential_oil,chemistry,2,pending_manual_review,no_abstract
18322852,A rapid method for the quantification of artemisinin in Artemisia annua L. plants cultivated for the first time in Burundi.,terpene_essential_oil;sesquiterpene_lactone;antiparasitic,antiparasitic,2,pending_manual_review,retrieved
18438634,A new sesquiterpene from Artemisia vulgaris.,terpene_essential_oil,chemistry,2,pending_manual_review,retrieved
18814660,Effect of drying temperature on essential oil content and composition of sweet wormwood (Artemisia annua) growing wild in Iran.,terpene_essential_oil;biosynthesis_genes,chemistry,2,pending_manual_review,retrieved
18980258,Analysis of underivatized artemisinin and related sesquiterpene lactones by high-performance liquid chromatography with ultraviolet detection.,terpene_essential_oil;sesquiterpene_lactone;antiparasitic,chemistry,2,pending_manual_review,retrieved
19006645,Transferrin receptor-dependent cytotoxicity of artemisinin-transferrin conjugates on prostate cancer cells and induction of apoptosis.,terpene_essential_oil;sesquiterpene_lactone;biosynthesis_genes;antiparasitic;safety,safety;primary_methods,2,pending_manual_review,retrieved
19024560,Component composition of the essential oil of the Artemisia lerchiana Web. from the southeastern Russia.,terpene_essential_oil,chemistry,2,pending_manual_review,no_abstract
19069870,Grazing affects essential oil compositions of Artemisia sieberi Besser.,terpene_essential_oil,chemistry,2,pending_manual_review,retrieved
19085421,A new triterpenoid saponin from Artemisia sphaerocephala.,terpene_essential_oil;diterpene_triterpene,chemistry,2,pending_manual_review,retrieved
19236169,Artemisia species: From traditional medicines to modern antimalarials--and back again.,antiparasitic,antiparasitic,2,pending_manual_review,no_abstract
19370939,Composition and antibacterial activity of essential oils of Artemisia fragrans Willd. leaves and roots from Iran.,terpene_essential_oil,chemistry,2,pending_manual_review,retrieved
19833181,Hepatoprotective effects of an active part from Artemisia sacrorum Ledeb. against acetaminophen-induced toxicity in mice.,biosynthesis_genes;safety,safety;primary_methods,2,pending_manual_review,retrieved
19953129,"Ribosomal DNA, heterochromatin, and correlation with genome size in diploid and polyploid North American endemic sagebrushes (Artemisia, Asteraceae).",genomics_phylogenomics,genomics,2,pending_manual_review,retrieved
20030092,[Research of Herba Artemisiae Scoporiae inhibits the hepatic lipotoxicity].,biosynthesis_genes;safety,safety;primary_methods,2,pending_manual_review,retrieved
20394295,[Toxicity and side effects of artemisiae annuae CQ-189].,safety,safety;primary_methods,2,pending_manual_review,retrieved
20521554,Phenyl alkynes rich essential oil of Artemisia capillaris.,terpene_essential_oil,chemistry,2,pending_manual_review,retrieved
20657468,Flavonoids from Artemisia annua L. as antioxidants and their potential synergism with artemisinin against malaria and cancer.,terpene_essential_oil;sesquiterpene_lactone;biosynthesis_genes;antiparasitic,chemistry,2,pending_manual_review,retrieved
20701707,Genome size dynamics in Artemisia L. (Asteraceae): following the track of polyploidy.,genomics_phylogenomics,genomics,2,pending_manual_review,retrieved
20819704,[Genetic and breeding of Artemisia annua L. for a sustainable production of the antimalarial drug artemisinin].,terpene_essential_oil;sesquiterpene_lactone;genomics_phylogenomics;antiparasitic,antiparasitic,2,pending_manual_review,no_abstract
20886883,"Analysis of sesquiterpene lactones, lignans, and flavonoids in wormwood (Artemisia absinthium L.) using high-performance liquid chromatography (HPLC)-mass spectrometry, reversed phase HPLC, and HPLC-solid phase extraction-nuclear magnetic resonance.",terpene_essential_oil;sesquiterpene_lactone,chemistry,2,pending_manual_review,retrieved
20973395,Antidiabetic effect of essential oil from Artemisia sieberi growing in Jordan in normal and alloxan induced diabetic rats.,terpene_essential_oil;biosynthesis_genes;safety,chemistry,2,pending_manual_review,retrieved
21030307,Pitfalls in new artemisinin-containing antimalarial drug development.,terpene_essential_oil;sesquiterpene_lactone;antiparasitic,antiparasitic,2,pending_manual_review,retrieved
21243378,"Arbuscular mycorrhizal fungi associated with Artemisia umbelliformis Lam, an endangered aromatic species in Southern French Alps, influence plant P and essential oil contents.",terpene_essential_oil;biosynthesis_genes,chemistry,2,pending_manual_review,retrieved
21355326,[Analysis of essential oil in herbal pair Artemisia annua-Agastache rugosa by GC-MS and chemometric resolution method].,terpene_essential_oil,chemistry,2,pending_manual_review,retrieved
21535743,Neuroprotective effect of caffeoylquinic acids from Artemisia princeps Pampanini against oxidative stress-induced toxicity in PC-12 cells.,biosynthesis_genes;safety,safety;primary_methods,2,pending_manual_review,retrieved
21910287,Volatile fingerprints of artemisinin-rich Artemisia annua cultivars by headspace solid-phase microextraction gas chromatography/ mass spectrometry.,terpene_essential_oil;sesquiterpene_lactone;antiparasitic,antiparasitic,2,pending_manual_review,retrieved
22388966,The artemisia L. Genus: a review of bioactive essential oils.,terpene_essential_oil,chemistry,2,pending_manual_review,retrieved
2255213,Screening of Artemisia absinthium for antimalarial effects on Plasmodium berghei in mice: a preliminary report.,antiparasitic,antiparasitic,2,pending_manual_review,no_abstract
22783458,Essential oil of tarragon (Artemisia dracunculus) antibacterial activity on Staphylococcus aureus and Escherichia coli in culture media and Iranian white cheese.,terpene_essential_oil,chemistry,2,pending_manual_review,retrieved
22799096,"Composition of the essential oil of wild growing Artemisia vulgaris from Erie, Pennsylvania.",terpene_essential_oil,chemistry,2,pending_manual_review,retrieved
22840199,"Pelargonium graveolens L'Her. and Artemisia arborescens L. essential oils: chemical composition, antifungal activity against Rhizoctonia solani and insecticidal activity against Rhysopertha dominica.",terpene_essential_oil,chemistry,2,pending_manual_review,retrieved
22926304,Chemical composition of essential oil from Italian populations of Artemisia alba Turra (Asteraceae).,terpene_essential_oil,chemistry,2,pending_manual_review,retrieved
22978234,Determination of chemical constituents of leaf and stem essential oils of Artemisia monosperma from central Saudi Arabia.,terpene_essential_oil,chemistry,2,pending_manual_review,retrieved
23179446,Artemisinin production and precursor ratio in full grown Artemisia annua L. plants subjected to external stress.,terpene_essential_oil;sesquiterpene_lactone;biosynthesis_genes;antiparasitic,antiparasitic,2,pending_manual_review,retrieved
23393756,Bioassay of Artemisia annua leaf extracts and artemisinin against larvae of Culex quinquefasciatus and Culex tritaeniorhynchus.,terpene_essential_oil;sesquiterpene_lactone;antiparasitic;safety,safety;primary_methods,2,pending_manual_review,retrieved
23460871,Complete chloroplast genome sequences of Mongolia medicine Artemisia frigida and phylogenetic relationships with other plants.,genomics_phylogenomics,genomics,2,pending_manual_review,retrieved
23747617,Effect of the dietary supplementation of essential oils from rosemary and artemisia on muscle fatty acids and volatile compound profiles in Barbarine lambs.,terpene_essential_oil,chemistry,2,pending_manual_review,retrieved
23867088,A rapid method for the determination of artemisinin and its biosynthetic precursors in Artemisia annua L. crude extracts.,terpene_essential_oil;sesquiterpene_lactone;antiparasitic,genomics,2,pending_manual_review,retrieved
24001820,Fast and reliable artemisinin determination from different Artemisia annua leaves based alimentary products by high performance liquid chromatography-tandem mass spectrometry.,terpene_essential_oil;sesquiterpene_lactone;antiparasitic,chemistry,2,pending_manual_review,retrieved
24116165,Inhibition of phenylpropanoid biosynthesis in Artemisia annua L.: a novel approach to reduce oxidative browning in plant tissue culture.,biosynthesis_genes,genomics,2,pending_manual_review,retrieved
24123007,Cytotoxicity of dihydroartemisinin toward Molt-4 cells attenuated by N-tert-butyl-alpha-phenylnitrone and deferoxamine.,terpene_essential_oil;sesquiterpene_lactone;biosynthesis_genes;antiparasitic;safety,safety;primary_methods,2,pending_manual_review,retrieved
24250353,Chemical Compositionand Anti-acetyl cholinesterase Activity of Flower Essential Oils of Artemisiaannuaat Different Flowering Stage.,terpene_essential_oil,chemistry,2,pending_manual_review,retrieved
24250557,"Hepatoprotetive, Cardioprotective and Nephroprotective Actions of Essential Oil Extract of Artemisia sieberi in Alloxan Induced Diabetic Rats.",terpene_essential_oil,chemistry,2,pending_manual_review,retrieved
24292348,Essential oil from Artemisia phaeolepis: chemical composition and antimicrobial activities.,terpene_essential_oil,chemistry,2,pending_manual_review,retrieved
24431547,"Antiparasitic efficacy of Artemisia absinthium, toltrazuril and amprolium against intestinal coccidiosis in goats.",antiparasitic,antiparasitic,2,pending_manual_review,retrieved
24459767,Terpenes from Artemisia herba-alba.,terpene_essential_oil;sesquiterpene_lactone,chemistry,2,pending_manual_review,retrieved
24575401,Antimicrobial activity of artemisinin and precursor derived from in vitro plantlets of Artemisia annua L.,terpene_essential_oil;sesquiterpene_lactone;antiparasitic;safety,safety;primary_methods,2,pending_manual_review,retrieved
24583334,The antioxidant status and oxidative stability of muscle from lambs receiving oral administration of Artemisia herba alba and Rosmarinus officinalis essential oils.,terpene_essential_oil;biosynthesis_genes,chemistry,2,pending_manual_review,retrieved
24624145,Antimicrobial Activity and Chemical Composition of Essential Oil From the Seeds of Artemisia aucheri Boiss.,terpene_essential_oil,chemistry,2,pending_manual_review,retrieved
24799936,Essential Oil of Artemisia annua L.: An Extraordinary Component with Numerous Antimicrobial Properties.,terpene_essential_oil;sesquiterpene_lactone,chemistry,2,pending_manual_review,retrieved
25209896,Comparative cytotoxicity of artemisinin and cisplatin and their interactions with chlorogenic acids in MCF7 breast cancer cells.,terpene_essential_oil;sesquiterpene_lactone;biosynthesis_genes;antiparasitic;safety,safety;primary_methods,2,pending_manual_review,retrieved
25319610,Two new sesquiterpenoids from Artemisia annua.,terpene_essential_oil,chemistry,2,pending_manual_review,no_abstract
25522803,Antibacterial activity and mode of action of the Artemisia capillaris essential oil and its constituents against respiratory tract infection-causing pathogens.,terpene_essential_oil;biosynthesis_genes,chemistry,2,pending_manual_review,retrieved
25532296,Skin regeneration effect and chemical composition of essential oil from Artemisia Montana.,terpene_essential_oil;biosynthesis_genes,chemistry,2,pending_manual_review,retrieved
25561559,Dried whole-plant Artemisia annua slows evolution of malaria drug resistance and overcomes resistance to artemisinin.,terpene_essential_oil;sesquiterpene_lactone;antiparasitic,antiparasitic,2,pending_manual_review,retrieved
25614741,The Development and Application of Novel IR and NMR-Based Model for the Evaluation of Carminative Effect of Artemisia judaica L. Essential Oil.,terpene_essential_oil,chemistry,2,pending_manual_review,retrieved
25829259,Affordable and rapid HPTLC method for the simultaneous analysis of artemisinin and its metabolite artemisinic acid in Artemisia annua L.,terpene_essential_oil;sesquiterpene_lactone;antiparasitic,antiparasitic,2,pending_manual_review,retrieved
25853962,"Artemisia arborescens ""Powis Castle"" extracts and α-thujone prevent fruit infestation by codling moth neonates.",terpene_essential_oil;safety,safety;primary_methods,2,pending_manual_review,retrieved
25956697,"Induction of human leukemia cell differentiation via PKC/MAPK pathways by arsantin, a sesquiterpene lactone from Artemisia santolina.",terpene_essential_oil;sesquiterpene_lactone;diterpene_triterpene;biosynthesis_genes,chemistry,2,pending_manual_review,retrieved
25959257,Inhibition of Human Neutrophil Responses by the Essential Oil of Artemisia kotuchovii and Its Constituents.,terpene_essential_oil,chemistry,2,pending_manual_review,retrieved
25999119,Erratum to: The activity of the artemisinic aldehyde Δ11(13) reductase promoter is important for artemisinin yield in different chemotypes of Artemisia annua L.,terpene_essential_oil;sesquiterpene_lactone,chemistry,2,pending_manual_review,no_abstract
2601360,Pharmacological screening and antimicrobial activity of the essential oil of Artemisia caerulescens subsp. gallica.,terpene_essential_oil;safety,chemistry,2,pending_manual_review,no_abstract
2615436,"Analgesic, antipyretic and anti-inflammatory activity of the essential oil of Artemisia caerulescens subsp. gallica.",terpene_essential_oil;safety,chemistry,2,pending_manual_review,retrieved
26265576,(Chemotaxonomic) Implications of Postharvest/Storage-Induced Changes in Plant Volatile Profiles--the Case of Artemisia absinthium L. Essential Oil.,terpene_essential_oil,chemistry,2,pending_manual_review,retrieved
26358481,"The génépi Artemisia species. Ethnopharmacology, cultivation, phytochemistry, and bioactivity.",sesquiterpene_lactone,chemistry,2,pending_manual_review,retrieved
26669121,Chemical Composition Variability of the Herb Essential Oil in the Ontogenesis of Artemisia campestris subsp. campestris.,terpene_essential_oil,chemistry,2,pending_manual_review,retrieved
26957971,Variations in antimalarial components of Artemisia annua Linn from three regions of Uganda.,terpene_essential_oil;sesquiterpene_lactone;antiparasitic,antiparasitic,2,pending_manual_review,retrieved
26995295,Promoting Artemisinin Biosynthesis in Artemisia annua Plants by Substrate Channeling.,terpene_essential_oil;sesquiterpene_lactone;biosynthesis_genes;antiparasitic,genomics,2,pending_manual_review,no_abstract
27115614,Genome-Scale Transcriptome Analysis of the Desert Shrub Artemisia sphaerocephala.,biosynthesis_genes;genomics_phylogenomics,genomics,2,pending_manual_review,retrieved
27233360,Proficiencies of Artemisia scoparia against CCl4 induced DNA damages and renal toxicity in rat.,biosynthesis_genes;safety,safety;primary_methods,2,pending_manual_review,retrieved
27546287,The genus Artemisia L. in the northern region of Saudi Arabia: essential oil variability and antibacterial activities.,terpene_essential_oil,chemistry,2,pending_manual_review,retrieved
27565777,"Cumulative role of bioinoculants on growth, antioxidant potential and artemisinin content in Artemisia annua L. under organic field conditions.",terpene_essential_oil;sesquiterpene_lactone;biosynthesis_genes;antiparasitic,chemistry,2,pending_manual_review,retrieved
28231123,"Antibacterial and Antioxidant Activities of Essential Oils from Artemisia herba-alba Asso., Pelargonium capitatum × radens and Laurus nobilis L.",terpene_essential_oil,chemistry,2,pending_manual_review,retrieved
28620813,"An in-silico insight into the substrate binding characteristics of the active site of amorpha-4, 11-diene synthase, a key enzyme in artemisinin biosynthesis.",terpene_essential_oil;sesquiterpene_lactone;biosynthesis_genes;antiparasitic,genomics,2,pending_manual_review,retrieved
28675464,"Chemical composition, antimicromicrobial activity and insecticidal activity against the lesser mealworm Alphitobius diaperinus (Panzer) (Coleoptera: Tenebrionidae) of Origanum vulgare L. ssp. hirtum (Link) and Artemisia dracunculus L. essential oils.",terpene_essential_oil,chemistry,2,pending_manual_review,retrieved
28800082,Complete Chloroplast Genome Sequence and Phylogenetic Analysis of the Medicinal Plant Artemisia annua.,sesquiterpene_lactone;genomics_phylogenomics;antiparasitic,genomics,2,pending_manual_review,retrieved
29218944,[Activity of essential oil extracted from Artemisia argyi in inducing apoptosis of Candida albicans].,terpene_essential_oil;biosynthesis_genes,chemistry,2,pending_manual_review,retrieved
29387574,Antioxidant and hepatoprotective effects of Artemisia dracunculus against CCl(4)-induced hepatotoxicity in rats.,safety,safety;primary_methods,2,pending_manual_review,retrieved
29505835,Selection and validation of reference genes for quantitative real-time PCR in Artemisia sphaerocephala based on transcriptome sequence data.,genomics_phylogenomics,genomics,2,pending_manual_review,retrieved
29636758,Selection and Clonal Propagation of High Artemisinin Genotypes of Artemisia annua.,sesquiterpene_lactone;antiparasitic,antiparasitic,2,pending_manual_review,retrieved
29756212,Optimization of artemisinin extraction from Artemisia annua L. with supercritical carbon dioxide + ethanol using response surface methodology.,sesquiterpene_lactone;antiparasitic,antiparasitic,2,pending_manual_review,retrieved
29976846,"1,10-Secoguaianolides from Artemisia austro-yunnanensis and Their Anti-Inflammatory Effects.",terpene_essential_oil;biosynthesis_genes,safety;primary_methods,2,pending_manual_review,retrieved
30154807,Seasonal and Differential Sesquiterpene Accumulation in Artemisia annua Suggest Selection Based on Both Artemisinin and Dihydroartemisinic Acid may Increase Artemisinin in planta.,terpene_essential_oil;sesquiterpene_lactone,chemistry,2,pending_manual_review,retrieved
30659538,Role of 2-Dimensional Autocorrelation Descriptors in Predicting Antimalarial Activity of Artemisinin and its Aanalogues: A QSAR Study.,terpene_essential_oil;sesquiterpene_lactone;antiparasitic,antiparasitic,2,pending_manual_review,retrieved
30663350,Composition and antioxidant activity of the essential oil of Artemisia annua L.,terpene_essential_oil,chemistry,2,pending_manual_review,retrieved
30683341,"Simple, Fast, and Sensitive detection of artemisinin in human serum and Artemisia annua using microsensor array coupled with electrochemiluminescent imaging technique.",terpene_essential_oil;sesquiterpene_lactone;antiparasitic,antiparasitic,2,pending_manual_review,retrieved
30729589,"Phenylpropanoids, flavonoids, and terpenoids from Artemisia ordosica Krasch.",terpene_essential_oil;biosynthesis_genes,chemistry,2,pending_manual_review,no_abstract
30961365,Essential oil from Artemisia annua aerial parts: composition and repellent activity against two storage pests.,terpene_essential_oil,chemistry,2,pending_manual_review,retrieved
31450007,"Chloroplast genome sequences of Artemisia maritima and Artemisia absinthium: Comparative analyses, mutational hotspots in genus Artemisia and phylogeny in family Asteraceae.",biosynthesis_genes;genomics_phylogenomics,genomics,2,pending_manual_review,retrieved
31635139,Improved Production of Industrially Important Essential Oils Through Elicitation in the Adventitious Roots of Artemisia amygdalina.,terpene_essential_oil,chemistry,2,pending_manual_review,retrieved
31653200,Comprehensive transcriptome analysis of grafting onto Artemisia scoparia W. to affect the aphid resistance of chrysanthemum (Chrysanthemum morifolium T.).,biosynthesis_genes;genomics_phylogenomics,genomics,2,pending_manual_review,retrieved
31698805,Chloroplast Genome Sequence of Artemisia scoparia: Comparative Analyses and Screening of Mutational Hotspots.,genomics_phylogenomics,genomics,2,pending_manual_review,retrieved
3188918,"[Rupestonic acid, a new sesquiterpene from Artemisia rupestris L].",terpene_essential_oil,chemistry,2,pending_manual_review,no_abstract
31911352,"Phytochemical analysis and geographic assessment of flavonoids, coumarins and sesquiterpenes in Artemisia annua L. based on HPLC-DAD quantification and LC-ESI-QTOF-MS/MS confirmation.",terpene_essential_oil;sesquiterpene_lactone,chemistry,2,pending_manual_review,retrieved
32191371,Chloroplast genome transformation of medicinal plant Artemisia annua.,terpene_essential_oil;sesquiterpene_lactone;genomics_phylogenomics;antiparasitic,genomics,2,pending_manual_review,no_abstract
32197463,"Yield, Essential Oil and Quality Performances of Artemisia dracunculus, Hyssopus officinalis and Lavandula angustifolia as Affected by Arbuscular Mycorrhizal Fungi under Organic Management.",terpene_essential_oil,chemistry,2,pending_manual_review,retrieved
32455592,Antimicrobial Activity of Different Artemisia Essential Oil Formulations.,terpene_essential_oil,chemistry,2,pending_manual_review,retrieved
32495516,Erratum to Simultaneous determination of artemisinin and its analogues and flavonoids in Artemisia annua crude extracts with the use of NMR spectroscopy.,sesquiterpene_lactone,chemistry,2,pending_manual_review,no_abstract
32549234,Arbuscular Mycorrhizal Fungus Rhizophagus irregularis Influences Artemisia annua Plant Parameters and Artemisinin Content under Different Soil Types and Cultivation Methods.,terpene_essential_oil;sesquiterpene_lactone,chemistry,2,pending_manual_review,retrieved
32571207,Comparative chloroplast genome analysis of Artemisia (Asteraceae) in East Asia: insights into evolutionary divergence and phylogenomic implications.,genomics_phylogenomics,genomics,2,pending_manual_review,retrieved
32673966,Salicylic acid restrains arsenic induced oxidative burst in two varieties of Artemisia annua L. by modulating antioxidant defence system and artemisinin production.,terpene_essential_oil;sesquiterpene_lactone;biosynthesis_genes;antiparasitic;safety,safety;primary_methods,2,pending_manual_review,retrieved
33132747,First principle study of silver nanoparticle interactions with antimalarial drugs extracted from Artemisia annua plant.,sesquiterpene_lactone;antiparasitic,antiparasitic,2,pending_manual_review,retrieved
33202166,Water Extract of Artemisia annua L. Exhibits Hepatoprotective Effects Through Improvement of Lipid Accumulation and Oxidative Stress-Induced Cytotoxicity.,biosynthesis_genes,safety;primary_methods,2,pending_manual_review,retrieved
33473468,"The complete chloroplast genome sequence of medicinal plant, Artemisia argyi.",genomics_phylogenomics,genomics,2,pending_manual_review,retrieved
33474169,"The complete chloroplast genome of Artemisia hallaisanensis Nakai (Asteraceae), an endemic medicinal herb in Korea.",genomics_phylogenomics,genomics,2,pending_manual_review,retrieved
33474361,The complete chloroplast genome and phylogeny of Artemisia selengensis in Dongting Lake.,genomics_phylogenomics,genomics,2,pending_manual_review,retrieved
33533541,"Exogenous hydrogen sulphide alleviates copper stress impacts in Artemisia annua L.: Growth, antioxidant metabolism, glandular trichome development and artemisinin biosynthesis.",terpene_essential_oil;sesquiterpene_lactone;biosynthesis_genes;antiparasitic,genomics,2,pending_manual_review,retrieved
33542941,Biosynthesis and Antibacterial Activity of ZnO Nanoparticles by Artemisia aucheri Extract.,biosynthesis_genes,genomics,2,pending_manual_review,retrieved
33646407,"Complete genome sequence of artemisia virus B, a new polerovirus infecting Artemisia princeps in South Korea.",genomics_phylogenomics,genomics,2,pending_manual_review,retrieved
33652853,Effect of Chitosan Coating Incorporated with Artemisia fragrans Essential Oil on Fresh Chicken Meat during Refrigerated Storage.,terpene_essential_oil,chemistry,2,pending_manual_review,retrieved
33746262,Preparation and evaluation of food-grade nanoemulsion of tarragon (Artemisia dracunculus L.) essential oil: antioxidant and antibacterial properties.,terpene_essential_oil,chemistry,2,pending_manual_review,retrieved
33814617,Antimalarial and anticancer properties of artesunate and other artemisinins: current development.,sesquiterpene_lactone;antiparasitic,antiparasitic,2,pending_manual_review,retrieved
33927629,"Artemisia dracunculus (Tarragon): A Review of Its Traditional Uses, Phytochemistry and Pharmacology.",terpene_essential_oil,chemistry,2,pending_manual_review,retrieved
34021777,Selection of safe artemisinin derivatives using a machine learning-based cardiotoxicity platform and in vitro and in vivo validation.,terpene_essential_oil;sesquiterpene_lactone;genomics_phylogenomics;antiparasitic;safety,safety;primary_methods,2,pending_manual_review,retrieved
34046320,Protective effect of Artemisia absinthium on 6-hydroxydopamine-induced toxicity in SH-SY5Y cell line.,safety,safety;primary_methods,2,pending_manual_review,retrieved
34081830,"Chemical Constituent, Antimicrobial Activity, and Synergistic Effect of the Stem, Leaf, and Flower Essential Oil of the Artemisia fragrans Willd. from Khoy.",terpene_essential_oil;diterpene_triterpene;biosynthesis_genes,chemistry,2,pending_manual_review,retrieved
34133565,An investigation on the chloroplast and nuclear genomes of taxa belong to the subgenus Dracunculus (Bess.) Rydb. of Artemisia L. (Asteraceae) in Turkey.,genomics_phylogenomics,genomics,2,pending_manual_review,retrieved
34324974,Arteannoides U-Z: Six undescribed sesquiterpenoids with anti-inflammatory activities from the aerial parts of Artemisia annua (Qinghao).,terpene_essential_oil,chemistry,2,pending_manual_review,retrieved
34797496,Potential Emergence of Plasmodium Resistance to Artemisinin Induced by the Use of Artemisia annua for Malaria and COVID-19 Prevention in Sub-African Region.,terpene_essential_oil;sesquiterpene_lactone;antiparasitic,antiparasitic,2,pending_manual_review,retrieved
34869869,"The complete chloroplast genome of Artemisia Montana (Nakai) Pamp. (Asteraceae), a traditional medicinal herb in Korea.",genomics_phylogenomics,genomics,2,pending_manual_review,retrieved
34961288,"Boosted Antioxidant Effect Using a Combinatory Approach with Essential Oils from Origanum compactum, Origanum majorana, Thymus serpyllum, Mentha spicata, Myrtus communis, and Artemisia herba-alba: Mixture Design Optimization.",terpene_essential_oil,chemistry,2,pending_manual_review,retrieved
35001764,Assessment of artemisinin and antioxidant activities of three wild Artemisia species of Algeria.,terpene_essential_oil;sesquiterpene_lactone;antiparasitic,antiparasitic,2,pending_manual_review,retrieved
35069660,"Caffeic Acid, an Allelochemical in Artemisia argyi, Inhibits Weed Growth via Suppression of Mitogen-Activated Protein Kinase Signaling Pathway and the Biosynthesis of Gibberellin and Phytoalexin.",biosynthesis_genes;genomics_phylogenomics,genomics,2,pending_manual_review,retrieved
35096100,Study on the Multitarget Mechanism and Active Compounds of Essential Oil from Artemisia argyi Treating Pressure Injuries Based on Network Pharmacology.,terpene_essential_oil,chemistry,2,pending_manual_review,retrieved
35170197,Comparative Study of the Essential Oil and Hydrosol Composition of Sweet Wormwood (Artemisia annua L.) from Serbia.,terpene_essential_oil,chemistry,2,pending_manual_review,retrieved
35508595,"A comprehensive study on essential oil compositions, antioxidant, anticholinesterase and antityrosinase activities of three Iranian Artemisia species.",terpene_essential_oil,chemistry,2,pending_manual_review,retrieved
35744958,Artemisia Extracts and Artemisinin-Based Antimalarials for COVID-19 Management: Could These Be Effective Antivirals for COVID-19 Treatment?,terpene_essential_oil;sesquiterpene_lactone;antiparasitic,antiparasitic,2,pending_manual_review,retrieved
35752074,Artemisia Leaf Extract protects against neuron toxicity by TRPML1 activation and promoting autophagy/mitophagy clearance in both in vitro and in vivo models of MPP+/MPTP-induced Parkinson's disease.,biosynthesis_genes;safety,safety;primary_methods,2,pending_manual_review,retrieved
35766471,"Artemisia capillaris nucleorhabdovirus 1, a novel member of the genus Alphanucleorhabdovirus, identified in the Artemisia capillaris transcriptome.",genomics_phylogenomics,genomics,2,pending_manual_review,retrieved
35795352,Sequence Characteristics and Phylogenetic Analysis of the Artemisia argyi Chloroplast Genome.,genomics_phylogenomics,genomics,2,pending_manual_review,retrieved
35869631,50th anniversary of artemisinin: From the discovery to allele-aware genome assembly of Artemisia annua.,terpene_essential_oil;sesquiterpene_lactone;genomics_phylogenomics;antiparasitic,genomics,2,pending_manual_review,no_abstract
35959270,Combined effects of calcium-alginate coating and Artemisia fragrance essential oil on chicken breast meat quality.,terpene_essential_oil,chemistry,2,pending_manual_review,retrieved
35978085,Comparative analysis of the plastid and mitochondrial genomes of Artemisia giraldii Pamp.,genomics_phylogenomics,genomics,2,pending_manual_review,retrieved
35992017,Constituent Composition and Biological Activity of Essential Oil from Artemisia sublessingiana.,terpene_essential_oil,chemistry,2,pending_manual_review,no_abstract
36364129,A Composition Analysis and an Antibacterial Activity Mechanism Exploration of Essential Oil Obtained from Artemisia giraldii Pamp.,terpene_essential_oil,chemistry,2,pending_manual_review,retrieved
36407543,Effects of essential oil extracted from Artemisia argyi leaf on lipid metabolism and gut microbiota in high-fat diet-fed mice.,terpene_essential_oil;biosynthesis_genes;genomics_phylogenomics,chemistry,2,pending_manual_review,retrieved
36471930,[Chloroplast genome structure characteristics and phylogenetic analysis of Artemisia indica].,sesquiterpene_lactone;genomics_phylogenomics,genomics,2,pending_manual_review,retrieved
36479523,Comparative and phylogenetic analysis of complete chloroplast genomes from five Artemisia species.,sesquiterpene_lactone;genomics_phylogenomics;safety,genomics,2,pending_manual_review,retrieved
36685653,The complete chloroplast genome of an endangered plant Artemisia borotalensis (Asteraceae) and phylogenetic analysis.,genomics_phylogenomics,genomics,2,pending_manual_review,retrieved
36698769,Intraspecific variation in genome size in Artemisia argyi determined using flow cytometry and a genome survey.,genomics_phylogenomics,genomics,2,pending_manual_review,retrieved
36788208,Diverse structures and antihepatoma effect of sesquiterpenoid dimers from Artemisia eriopoda by AKT/STAT signaling pathway.,terpene_essential_oil;biosynthesis_genes,chemistry,2,pending_manual_review,no_abstract
36845628,Efficacy of Calcium Hydroxide/Saline versus Calcium Hydroxide/Artemisia persica Essential Oil as Intracanal Medicament to Improve Radiographic Visualization of Periapical Lesions in Necrotic Teeth: A Randomized Clinical Trial.,terpene_essential_oil,chemistry,2,pending_manual_review,retrieved
36899296,Comparative analysis of complete Artemisia subgenus Seriphidium (Asteraceae: Anthemideae) chloroplast genomes: insights into structural divergence and phylogenetic relationships.,genomics_phylogenomics,genomics,2,pending_manual_review,retrieved
36976653,Phylogenomics and morphological evolution of the mega-diverse genus Artemisia (Asteraceae: Anthemideae): implications for its circumscription and infrageneric taxonomy.,genomics_phylogenomics,genomics,2,pending_manual_review,retrieved
37089824,Comparative assessment of hepatoprotective properties of Artesunate and flavonoids from Artemisia annua on acetaminophen and carbon tetrachloride-induced cytotoxicity in primary mice hepatocytes.,sesquiterpene_lactone,safety;primary_methods,2,pending_manual_review,retrieved
37175336,Comparative Analysis of Active Ingredients and Potential Bioactivities of Essential Oils from Artemisia argyi and A. verlotorum.,terpene_essential_oil,chemistry,2,pending_manual_review,retrieved
37213685,Increased artemisinin production by promoting glandular secretory trichome formation and reconstructing the artemisinin biosynthetic pathway in Artemisia annua.,sesquiterpene_lactone,genomics,2,pending_manual_review,no_abstract
37492095,Pre-clinical toxicity assessment of Artemisia absinthium extract-loaded polymeric nanoparticles associated with their oral administration.,safety,safety;primary_methods,2,pending_manual_review,retrieved
37513290,An Estimation of the Antiviral Activity and Toxicity of Biologically Active Substances Obtained from the Raw Materials of Artemisia cina Berg. In Vitro and In Vivo.,safety,safety;primary_methods,2,pending_manual_review,retrieved
37787040,Thin layer chromatography-direct bioautography for investigation of antibacterial activities of Artemisia sieversiana Ehrhart ex Willd. essential oil.,terpene_essential_oil,chemistry,2,pending_manual_review,retrieved
37836162,Essential Oils of Artemisia frigida Plants (Asteraceae): Conservatism and Lability of the Composition.,terpene_essential_oil,chemistry,2,pending_manual_review,retrieved
37959876,"RETRACTED: Agrawal et al. Artemisia Extracts and Artemisinin-Based Antimalarials for COVID-19 Management: Could These Be Effective Antivirals for COVID-19 Treatment? Molecules 2022, 27, 3828.",sesquiterpene_lactone;antiparasitic,antiparasitic,2,pending_manual_review,retrieved
38008924,"Chemical composition, antioxidative and antimicrobial activities of essential oil of wild Artemisia annua from Ningxia, China.",terpene_essential_oil,chemistry,2,pending_manual_review,retrieved
38162595,Protective impacts of Artemisia annua against hepatic toxicity induced by gentamicin.,safety,safety;primary_methods,2,pending_manual_review,retrieved
38169134,"Complete chloroplast genomes of eight Artemisia species: Comparative analysis, molecular identification, and phylogenetic analysis.",genomics_phylogenomics,genomics,2,pending_manual_review,retrieved
38230759,Correction: Future antimalarials from Artemisia? A rationale for natural product mining against drug-refractory Plasmodium stages.,antiparasitic,antiparasitic,2,pending_manual_review,retrieved
38353049,"Synergistic effects of essential oils and phenolic extracts on antimicrobial activities using blends of Artemisia campestris, Artemisia herba alba, and Citrus aurantium.",terpene_essential_oil,chemistry,2,pending_manual_review,retrieved
38538682,Composition and antimicrobial activity of Rosmarinus officinalis L. and Artemisia monosperma L. leaf essential oils and methanolic extracts from plants grown in normal and saline habitats in Egypt.,terpene_essential_oil,chemistry,2,pending_manual_review,retrieved
38543021,"The Essential Oil Compositions of Ambrosia acanthicarpa Hook., Artemisia ludoviciana Nutt., and Gutierrezia sarothrae (Pursh) Britton & Rusby (Asteraceae) from the Owyhee Mountains of Idaho.",terpene_essential_oil,chemistry,2,pending_manual_review,retrieved
38621973,[Simultaneous determination of seven artemisinin-related compounds in Artemisia annua by UPLC-QQQ-MS/MS].,terpene_essential_oil;sesquiterpene_lactone;biosynthesis_genes;antiparasitic;safety,genomics,2,pending_manual_review,retrieved
38775792,Dihydroartemisinin alleviates doxorubicin-induced cardiotoxicity and ferroptosis by activating Nrf2 and regulating autophagy.,terpene_essential_oil;sesquiterpene_lactone;biosynthesis_genes;antiparasitic;safety,safety;primary_methods,2,pending_manual_review,retrieved
38826031,"Utilizing a comparative approach to assess genome evolution during diploidization in Artemisia tridentata, a keystone species of western North America.",genomics_phylogenomics,genomics,2,pending_manual_review,retrieved
38840044,Comparative and phylogenetic analysis of the complete chloroplast genomes of 10 Artemisia selengensis resources based on high-throughput sequencing.,genomics_phylogenomics,genomics,2,pending_manual_review,retrieved
38893479,"Photochemical and Oxidative Degradation of Chamazulene Contained in Artemisia, Matricaria and Achillea Essential Oils and Setup of Protection Strategies.",terpene_essential_oil;biosynthesis_genes,chemistry,2,pending_manual_review,retrieved
38938551,Essential Oil and Smoke Components of Artemisia absinthium and Hagenia abyssinica.,terpene_essential_oil,chemistry,2,pending_manual_review,retrieved
38938669,Corrigendum: Effects of essential oil extracted from Artemisia argyi leaf on lipid metabolism and gut microbiota in high-fat diet-fed mice.,terpene_essential_oil;biosynthesis_genes;genomics_phylogenomics,chemistry,2,pending_manual_review,retrieved
38962171,Exploring the diversity of galls on Artemisia indica induced by Rhopalomyia species through morphological and transcriptome analyses.,genomics_phylogenomics,genomics,2,pending_manual_review,retrieved
39240164,New Chlorine-Containing Sesquiterpenoid from Artemisia Blepharolepis.,terpene_essential_oil,chemistry,2,pending_manual_review,retrieved
39257643,Artemisia afra essential oils inclusion in diets induces desirable effects on meat quality and fatty acid profiles of broilers chickens.,terpene_essential_oil;safety,chemistry,2,pending_manual_review,retrieved
39365449,"Complete chloroplast genome sequence of Artemisia littoricola (Asteraceae) from Dokdo Island Korea: genome structure, phylogenetic analysis, and biogeography study.",genomics_phylogenomics,genomics,2,pending_manual_review,retrieved
39375847,Artemisia argyi mitigates doxorubicin-induced cardiotoxicity by inhibiting mitochondrial dysfunction through the IGF-IIR/Drp1/GATA4 signaling pathway.,biosynthesis_genes;safety,safety;primary_methods,2,pending_manual_review,retrieved
39499482,"3-Oxo-11αH-germacra-1(10) E,4Z-dien-12,6α-olide, a sesquiterpene from Artemisia sieversiana, attenuates lipopolysaccharide-induced inflammation via NF-κB/MAPK pathways and oxidative stress via ROS pathway in RAW264.7 cells.",terpene_essential_oil;sesquiterpene_lactone;biosynthesis_genes,chemistry,2,pending_manual_review,retrieved
39590312,The Antiviral and Antimalarial Prodrug Artemisinin from the Artemisia Species: A Review.,sesquiterpene_lactone;antiparasitic,antiparasitic,2,pending_manual_review,retrieved
39708992,"Artemordosins A-L, cadinane-monoterpene heterodimers and sesquiterpenoids with antihepatoma activity from Artemisia ordosica.",terpene_essential_oil;biosynthesis_genes,chemistry,2,pending_manual_review,retrieved
39918166,"Therapeutic Potential of Artemisia campestris Essential Oil: Antioxidant, Anti-Inflammatory, and Anticancer Insights From In Silico Analysis.",terpene_essential_oil,chemistry,2,pending_manual_review,retrieved
40208317,Toxicological evaluation of Isosecotanapartholide from Artemisia vulgaris L.: oral acute and sub-acute toxicity in BALB/c mice.,safety,safety;primary_methods,2,pending_manual_review,retrieved
40228702,"Artemiyrianins A-H, guaiane-type sesquiterpenoids from Artemisia myriantha var. pleiocephala and their antihepatoma activity.",terpene_essential_oil,chemistry,2,pending_manual_review,retrieved
40230725,"The Complete Genome Sequence of the Moroccan endemic plant Artemisia ifranensis (Asteraceae, Asterales).",genomics_phylogenomics,genomics,2,pending_manual_review,retrieved
40284873,Ameliorative Effect of Artemisia absinthium Ethanolic Extract Against Sodium Fluoride Toxicity in Rat Testes: Histological and Physiological Study.,safety,safety;primary_methods,2,pending_manual_review,retrieved
40286231,Green Extraction of Volatile Terpenes from Artemisia annua L.,terpene_essential_oil,chemistry,2,pending_manual_review,retrieved
40329327,Ingestion of Artemisia argyit essential oil combats Salmonella pullorum infections by altering gut microbiota composition in chicks.,terpene_essential_oil,chemistry,2,pending_manual_review,retrieved
40387081,Exploring Chemical Variability in the Essential Oil of Artemisia absinthium L. in Relation to Different Phenological Stages and Geographical Location.,terpene_essential_oil,chemistry,2,pending_manual_review,retrieved
40427237,"The Beneficial Use of Artemisia annua, Artemisinin, and Other Compounds in Animal Health.",sesquiterpene_lactone;antiparasitic,antiparasitic,2,pending_manual_review,retrieved
40427629,"Chemical Composition, Antioxidant, and Enzyme Inhibitory Activities of Artemisia schmidtiana Maxim. Essential Oil.",terpene_essential_oil;diterpene_triterpene;biosynthesis_genes,chemistry,2,pending_manual_review,retrieved
40431412,"Artemisiae Iwayomogii Herba Protects Dopaminergic Neurons Against 1-Methyl-4-phenylpyridinium/1-methyl-4-phenyl-1,2,3,6-tetrahydropyridine Neurotoxicity in Models of Parkinson's Disease.",biosynthesis_genes;safety,safety;primary_methods,2,pending_manual_review,retrieved
40547542,The complete chloroplast genome of Artemisia selengensis Turcz var. shansiensis (Qinghao in Chinese).,genomics_phylogenomics,genomics,2,pending_manual_review,retrieved
40631698,"Evaluating the potential of Artemisia annua essential oil for controlling Hyphantria cunea (Lepidoptera: Erebidae): effects on larval development, immune function, and enzymatic activities.",terpene_essential_oil,chemistry,2,pending_manual_review,retrieved
40644687,"Unleashing the Potential: Exploring the Chemical Composition, Insecticidal Prowess, and Antibacterial Power of Artemisia gmelinii Essential Oil.",terpene_essential_oil,chemistry,2,pending_manual_review,retrieved
40779026,Novel quinoline derivative and Artemisia spicigera alleviates against propanil-induced toxicity: the in vitro and in vivo biological evaluation.,biosynthesis_genes;safety,safety;primary_methods,2,pending_manual_review,retrieved
41103328,Artemisia argyi essential oil modulates lipid metabolism via linoleic acid and glycerophospholipid pathways in high-fat diet-induced obese mice.,terpene_essential_oil;biosynthesis_genes;genomics_phylogenomics,chemistry,2,pending_manual_review,retrieved
41448490,Augmenting the cytotoxicity and apoptosis induction of green synthesized copper oxide nanoparticles from Artemisia sieberi by combining with tamoxifen: Mechanism involving Bax/Bcl-2 modulation.,biosynthesis_genes;safety,safety;primary_methods,2,pending_manual_review,retrieved
41915655,Predicted antiviral potential of phytochemicals prolific in Cleistanthus bracteosus Jabl. and essential oils of Artemisia scoparia and Thuja orientalis against Nipah virus and Human metapneumovirus: An AI-driven in-silico study.,terpene_essential_oil,chemistry,2,pending_manual_review,retrieved
41998152,The protective role of Artemisia annua against chlorpyrifos toxicity in Nile tilapia.,biosynthesis_genes;safety,safety;primary_methods,2,pending_manual_review,retrieved
42058245,The Antimicrobial and Antibiofilm Potential of Citrus Aurantium and Artemisia Annua Essential Oils Nanoemulsions.,terpene_essential_oil,chemistry,2,pending_manual_review,retrieved
42097054,6-Hydroxycoumarin from Artemisia lavandulaefolia Induces Multimodal Toxicity in Solenopsis invicta via behavioral inhibition and mitochondrial disruption.,biosynthesis_genes;safety,safety;primary_methods,2,pending_manual_review,retrieved
42139187,Genetic enhancement of Davana (Artemisia pallens Wall. ex DC.) through induced mutagenesis for essential oil yield and its chemical profile.,terpene_essential_oil;biosynthesis_genes,chemistry,2,pending_manual_review,retrieved
42175621,"One-step, two-step: Whole-genome-duplication pathways in Artemisia tridentata and potential consequences for genome evolution.",genomics_phylogenomics,genomics,2,pending_manual_review,retrieved
42359399,"Optimized extraction, odor modulation, and antioxidant and antimicrobial activities of blue essential oil from Artemisia umbrosa.",terpene_essential_oil,chemistry,2,pending_manual_review,retrieved
42462527,"Capillarisin, a coumarin from Artemisia capillaris, alleviates APAP hepatotoxicity by targeting GSK3β/Nrf2 to suppress ferroptosis.",biosynthesis_genes;genomics_phylogenomics;safety,safety;primary_methods,2,pending_manual_review,retrieved
4675859,[Studies on sesquiterpene lactones. 8. Chemical constitution of the ratoons of Artemisia feddei collected in Kochi Prefecture].,terpene_essential_oil;sesquiterpene_lactone,chemistry,2,pending_manual_review,no_abstract
4738648,[Studies on sesquiterpenelactones. IX. Seasonal variation of chemical constitution of Artemisia feddei collected in Kochi prefecture].,terpene_essential_oil,chemistry,2,pending_manual_review,no_abstract
4963443,Antibacterial action of essential oils of Artemisia as an ecological factor. I. Antibacterial action of the volatile oils of Artemisia tridentata and Artemisia nova on aerobic bacteria.,terpene_essential_oil,chemistry,2,pending_manual_review,retrieved
5119016,Monoterpenes of some Artemisia and Tanacetum species grown in England.,terpene_essential_oil,chemistry,2,pending_manual_review,no_abstract
5529836,[Studies on sesquiterpenelactones. 3. Chemical consiitution of mature plants of Artemisia sp].,terpene_essential_oil,chemistry,2,pending_manual_review,no_abstract
5556509,Allergic contact dermatitis caused by Artemisia and Chrysanthemum species. The role of sesquiterpene lactones.,terpene_essential_oil;sesquiterpene_lactone,chemistry,2,pending_manual_review,no_abstract
5649859,Antibacterial action of essential oils of Artemisia as an ecological factor. II. Antibacterial action of the volatile oils of Artemisia tridentata (big sagebrush) on bacteria from the rumen of mule deer.,terpene_essential_oil,chemistry,2,pending_manual_review,retrieved
6043701,Sesquiterpene lactones of Artemisia species. 3. Arglanine from Artemisia douglasiana Bess.,terpene_essential_oil;sesquiterpene_lactone,chemistry,2,pending_manual_review,no_abstract
6047536,Sesquiterpene lactones of artemisia species. IV. Douglanine from Artemisia douglasiana Bess.,terpene_essential_oil;sesquiterpene_lactone,chemistry,2,pending_manual_review,no_abstract
7162537,The anthelmintic efficacy of Artemisia herba-alba against Haemonchus contortus infection in goats.,antiparasitic,antiparasitic,2,pending_manual_review,retrieved
7341156,[Pharmacological studies on the antiasthmatic principle of essential oil of artemisia argyi--terpinenol-4 (author's transl)].,terpene_essential_oil;safety,chemistry,2,pending_manual_review,no_abstract
7463310,[Studies on sesquiterpenelactones. VI. Chemical constitution of Artemisia feddei Lev. et Van (author's transl)].,terpene_essential_oil,chemistry,2,pending_manual_review,no_abstract
8021651,"Mucus synthesis and sulfhydryl groups in cytoprotection mediated by dehydroleucodine, a sesquiterpene lactone.",terpene_essential_oil;sesquiterpene_lactone;biosynthesis_genes,chemistry,2,pending_manual_review,retrieved
8205606,Antifungal activity of essential oil from Artemisia afra Jacq.,terpene_essential_oil,chemistry,2,pending_manual_review,retrieved
854549,[Chemical study of Artemisia pontica essential oil (author's transl)].,terpene_essential_oil,chemistry,2,pending_manual_review,no_abstract
9037139,State of the art of the production of the antimalarial compound artemisinin in plants.,terpene_essential_oil;sesquiterpene_lactone;biosynthesis_genes;antiparasitic,antiparasitic,2,pending_manual_review,retrieved
9369092,Artemisinin: an endoperoxidic antimalarial from Artemisia annua L.,terpene_essential_oil;sesquiterpene_lactone;biosynthesis_genes;antiparasitic,antiparasitic,2,pending_manual_review,no_abstract
9702527,EPR evidence for the involvement of free radicals in the iron-catalysed decomposition of qinghaosu (artemisinin) and some derivatives; antimalarial action of some polycyclic endoperoxides.,terpene_essential_oil;sesquiterpene_lactone;biosynthesis_genes;antiparasitic,antiparasitic,2,pending_manual_review,retrieved
11141102,Guaiane dimers and germacranolide from Artemisia caruifolia.,terpene_essential_oil;sesquiterpene_lactone;biosynthesis_genes,primary_methods,1,pending_manual_review,retrieved
11181083,Purification and characterization of an enzyme involved in biochemical transformation of arteannuin B to artemisinin from Artemisia annua.,terpene_essential_oil;sesquiterpene_lactone;biosynthesis_genes;antiparasitic;safety,primary_methods,1,pending_manual_review,retrieved
11449517,A new germacranolide from Artemisia pallens.,terpene_essential_oil;sesquiterpene_lactone,primary_methods,1,pending_manual_review,retrieved
14746350,Thirteen-week repeated dose toxicity study of wormwood (Artemisia absinthium) extract in rats.,safety,safety,1,pending_manual_review,retrieved
16572925,Assessment of the toxicity of Artemisia inculta extract on the bone marrow of mice infected with schistosomiasis.,safety,safety,1,pending_manual_review,retrieved
16952365,"Direct analysis of artemisinin from Artemisia annua L. using high-performance liquid chromatography with evaporative light scattering detector, and gas chromatography with flame ionization detector.",terpene_essential_oil;sesquiterpene_lactone;antiparasitic,primary_methods,1,pending_manual_review,retrieved
17238081,Selection of high artemisinin yielding Artemisia annua.,sesquiterpene_lactone,primary_methods,1,pending_manual_review,retrieved
17367969,Acute and chronic toxicity of the aqueous extract of Artemisia afra in rodents.,safety,safety,1,pending_manual_review,retrieved
17500366,TLC-densitometric analysis of artemisinin for the rapid screening of high-producing plantlets of Artemisia annua L.,terpene_essential_oil;sesquiterpene_lactone;biosynthesis_genes;antiparasitic,primary_methods,1,pending_manual_review,retrieved
18191938,Toxicity of artemisinin [Artemisia annua L.] in two different periods of pregnancy in Wistar rats.,terpene_essential_oil;sesquiterpene_lactone;antiparasitic;safety,safety,1,pending_manual_review,retrieved
18386496,Artemisinin production by shoot regeneration of Artemisia annua L. using thidiazuron.,terpene_essential_oil;sesquiterpene_lactone;biosynthesis_genes;antiparasitic,primary_methods,1,pending_manual_review,retrieved
18666951,Nitric oxide potentiates oligosaccharide-induced artemisinin production in Artemisia annua hairy roots.,terpene_essential_oil;sesquiterpene_lactone;biosynthesis_genes;antiparasitic,primary_methods,1,pending_manual_review,retrieved
19016136,"Effects of low-dose gamma irradiation on artemisinin content and amorpha-4,11-diene synthase activity in Artemisia annua L.",terpene_essential_oil;sesquiterpene_lactone;biosynthesis_genes;antiparasitic,primary_methods,1,pending_manual_review,retrieved
20722571,An exceptional case of acute renal failure: is there a renal toxicity of Artemisia herba-alba?,safety,safety,1,pending_manual_review,retrieved
20862950,[Accumulation and translocation of cadmium in soil and plant and its effects on growth of Artemisia annua and artemisinin content].,terpene_essential_oil;sesquiterpene_lactone;biosynthesis_genes;antiparasitic;safety,primary_methods,1,pending_manual_review,retrieved
21337647,A combination of ultrasonic-assisted extraction with RRLC-QQQ method for the determination of artemisinin in the Chinese herb Artemisia annua L.,terpene_essential_oil;sesquiterpene_lactone;antiparasitic,primary_methods,1,pending_manual_review,retrieved
21385092,"Artemisia annua extracts, artemisinin and 1,8-cineole, prevent fruit infestation by a major, cosmopolitan pest of apples.",terpene_essential_oil;sesquiterpene_lactone;antiparasitic,primary_methods,1,pending_manual_review,retrieved
21674435,Cytotoxicity of ethanolic extracts of Artemisia annua to Molt-4 human leukemia cells.,terpene_essential_oil;sesquiterpene_lactone;antiparasitic;safety,safety,1,pending_manual_review,retrieved
21932380,Simultaneous isolation of artemisinin and its precursors from Artemisia annua L. by preparative RP-HPLC.,terpene_essential_oil;sesquiterpene_lactone;antiparasitic,primary_methods,1,pending_manual_review,retrieved
22296150,New guaianolides from Artemisia anomala.,terpene_essential_oil;sesquiterpene_lactone,primary_methods,1,pending_manual_review,retrieved
22978517,Antihistomonal effects of artemisinin and Artemisia annua extracts in vitro could not be confirmed by in vivo experiments in turkeys and chickens.,terpene_essential_oil;sesquiterpene_lactone;antiparasitic,primary_methods,1,pending_manual_review,retrieved
2329806,Preliminary toxicity studies on ethanol extracts of the aerial parts of Artemisia abyssinica and A. Inculta in mice.,safety,safety,1,pending_manual_review,retrieved
23340808,Marked enhancement in the artemisinin content and biomass productivity in Artemisia annua L. shoots co-cultivated with Piriformospora indica.,terpene_essential_oil;sesquiterpene_lactone;biosynthesis_genes;antiparasitic,primary_methods,1,pending_manual_review,retrieved
23432134,A new guaianolide from Artemisia roxburghiana.,terpene_essential_oil;sesquiterpene_lactone,primary_methods,1,pending_manual_review,retrieved
23861717,Evaluation of Antidiabetic Activity and Associated Toxicity of Artemisia afra Aqueous Extract in Wistar Rats.,biosynthesis_genes;safety,safety,1,pending_manual_review,retrieved
23940090,Protective effects of Artemisia campestris upon fenthion-induced nephrotoxicity in adult rats and their progeny.,biosynthesis_genes;safety,safety,1,pending_manual_review,retrieved
2401532,"Toxicity of capillin, the insecticidal principle of Artemisia nilagirica Clarke.",safety,safety,1,pending_manual_review,no_abstract
24278581,"Four-Week Repeated Oral Toxicity Study of AIP1, a Water-soluble Carbohydrate Fraction from Artemisia iwayomogi in Mice.",safety,safety,1,pending_manual_review,retrieved
24711816,Evaluation of Cytotoxicity and Antifertility Effect of Artemisia kopetdaghensis.,safety,safety,1,pending_manual_review,retrieved
25172060,Enhanced production of artemisinin by hairy root cultivation of Artemisia annua in a modified stirred tank reactor.,terpene_essential_oil;sesquiterpene_lactone;biosynthesis_genes;antiparasitic,primary_methods,1,pending_manual_review,retrieved
25339313,Artemisia pallens alleviates acetaminophen induced toxicity via modulation of endogenous biomarkers.,biosynthesis_genes;safety,safety,1,pending_manual_review,retrieved
25658194,Mechanism of artemisinin phytotoxicity action: induction of reactive oxygen species and cell death in lettuce seedlings.,terpene_essential_oil;sesquiterpene_lactone;biosynthesis_genes;antiparasitic,safety,1,pending_manual_review,retrieved
26655404,"Activity of Artemisia annua and artemisinin derivatives, in prostate carcinoma.",terpene_essential_oil;sesquiterpene_lactone;biosynthesis_genes;antiparasitic,primary_methods,1,pending_manual_review,retrieved
27451252,"A new chemical tool for absinthe producers, quantification of α/β-thujone and the bitter components in Artemisia absinthium.",terpene_essential_oil;safety,safety,1,pending_manual_review,retrieved
29657004,Artemisinin and Artemisia annua leaves alleviate Eimeria tenella infection by facilitating apoptosis of host cells and suppressing inflammatory response.,terpene_essential_oil;sesquiterpene_lactone;antiparasitic,primary_methods,1,pending_manual_review,retrieved
30087924,Analysis and Isolation of Potential Artemisinin Precursors from Waste Streams of Artemisia Annua Extraction.,sesquiterpene_lactone,primary_methods,1,pending_manual_review,retrieved
30323325,Author Correction: Expression of key genes affecting artemisinin content in five Artemisia species.,sesquiterpene_lactone,primary_methods,1,pending_manual_review,retrieved
31920644,Suspected Hepatotoxicity With a Supercritical Carbon Dioxide Extract of Artemisia annua in Grapeseed Oil Used in New Zealand.,safety,safety,1,pending_manual_review,retrieved
32676091,AaABCG40 Enhances Artemisinin Content and Modulates Drought Tolerance in Artemisia annua.,sesquiterpene_lactone;biosynthesis_genes,primary_methods,1,pending_manual_review,retrieved
33883843,"Evaluation of Acute and Sub-Acute Toxicity of Aqueous Extracts of Artemisia afra Leaves on Brain, Heart and Suprarenal Glands in Swiss Albino Mice.",safety,safety,1,pending_manual_review,retrieved
34122662,Heterologous expression of cyanobacterial PCS confers augmented arsenic and cadmium stress tolerance and higher artemisinin in Artemisia annua hairy roots.,sesquiterpene_lactone,primary_methods,1,pending_manual_review,retrieved
34316676,Artemisia annua and artemisinins are ineffective against human Babesia microti and six Candida sp.,sesquiterpene_lactone,primary_methods,1,pending_manual_review,retrieved
34585460,Instant determination of the artemisinin from various Artemisia annua L. extracts by LC-ESI-MS/MS and their in-silico modelling and in vitro antiviral activity studies against SARS-CoV-2.,terpene_essential_oil;sesquiterpene_lactone;antiparasitic,primary_methods,1,pending_manual_review,retrieved
34763209,Validating a sensitive LCMS method for the quantitation of artemisinin in Artemisia spp. including material used in retracted clinical trials.,terpene_essential_oil;sesquiterpene_lactone;antiparasitic;safety,safety,1,pending_manual_review,retrieved
34941723,Cytotoxicity of an Innovative Pressurised Cyclic Solid-Liquid (PCSL) Extract from Artemisia annua.,sesquiterpene_lactone;safety,safety,1,pending_manual_review,retrieved
35355620,"Evaluation of Antibacterial Activity and Acute Toxicity of Methanol Extracts of Artemisia absinthium, Datura stramonium, and Solanum anguivi.",safety,safety,1,pending_manual_review,retrieved
35669797,"Toxicity and Anti-feeding effect of Aesculushippocastanum, Thymus daenensis, Artemisia abrotanum, and Chrozophora tinctoria on Sitophillus oryzae.",safety,safety,1,pending_manual_review,retrieved
36284952,Potential Ameliorative Effect of Artemisia Absinthium Supplement against Sodium Fluoride-Induced Prostatic Toxicity in Rats.,safety,safety,1,pending_manual_review,retrieved
36362193,Inhibition of Synaptic Glutamate Exocytosis and Prevention of Glutamate Neurotoxicity by Eupatilin from Artemisia argyi in the Rat Cortex.,biosynthesis_genes;antiparasitic,safety,1,pending_manual_review,retrieved
36860066,Insights into strigolactone (GR24) mediated regulation of cadmium-induced changes and ROS metabolism in Artemisia annua.,terpene_essential_oil;sesquiterpene_lactone;biosynthesis_genes;antiparasitic,safety,1,pending_manual_review,retrieved
36942132,Hepatorenal protective activity of Artemisia against diclofenac toxicity in male rats.,biosynthesis_genes;safety,safety,1,pending_manual_review,retrieved
37187257,"Genotoxicity, acute toxicity and chronic toxicities of ethyl acetate leaf extract of Artemisia ludoviciana Nutt. spp mexicana, on fasciolicidal efficacy.",safety,safety,1,pending_manual_review,no_abstract
37661764,"A combination of isoliquiritigenin with Artemisia argyi and Ohwia caudata water extracts attenuates oxidative stress, inflammation, and apoptosis by modulating Nrf2/Ho-1 signaling pathways in SD rats with doxorubicin-induced acute cardiotoxicity.",biosynthesis_genes;safety,safety,1,pending_manual_review,retrieved
38148378,Evaluation of the ovicidal activity and fasciolicidal activity of the extract of ethyl acetate from Artemisia ludoviciana Nutt. spp. mexicana and of artemisinin against adult parasites of Fasciola hepatica.,terpene_essential_oil;sesquiterpene_lactone;antiparasitic,primary_methods,1,pending_manual_review,retrieved
38710427,Silicon and selenium alleviate cadmium toxicity in Artemisia selengensis Turcz by regulating the plant-rhizosphere.,biosynthesis_genes;safety,safety,1,pending_manual_review,retrieved
39889474,Concentration-dependent interactive toxicity of cadmium and mercury: Non-negligible effects on phytoremediation by indigenous Artemisia lavandulaefolia.,biosynthesis_genes;safety,safety,1,pending_manual_review,retrieved
42468643,Evaluation of the protective effects of Artemisia dracunculus L. against doxorubicin-induced chronic cardio-toxicity in rat.,biosynthesis_genes;safety,safety,1,pending_manual_review,retrieved
42559808,Mitigation of cadmium phytotoxicity and enhancement of selected nutritional and active components in Artemisia selengensis turcz through co-inoculation with plant growth-promoting and cadmium-tolerant rhizobacteria.,safety,safety,1,pending_manual_review,retrieved
42653828,"Artemisia annua and A. afra Teas, Artemisinin, and Dihydroartemisinin Differentially Regulate ROS and Fibrosis-Associated Phenotypes in Human Dermal Fibroblasts.",terpene_essential_oil;sesquiterpene_lactone;biosynthesis_genes;antiparasitic,primary_methods,1,pending_manual_review,retrieved
6387056,Isolation of artemisinin (qinghaosu) from Artemisia annua growing in the United States.,terpene_essential_oil;sesquiterpene_lactone;antiparasitic,primary_methods,1,pending_manual_review,no_abstract
7590079,Preventive and curative effects of Artemisia absinthium on acetaminophen and CCl4-induced hepatotoxicity.,safety,safety,1,pending_manual_review,retrieved
8112519,Protective effect of Artemisia scoparia extract against acetaminophen-induced hepatotoxicity.,biosynthesis_genes;safety,safety,1,pending_manual_review,retrieved
8588880,Immunoquantitative analysis of artemisinin from Artemisia annua using polyclonal antibodies.,terpene_essential_oil;sesquiterpene_lactone;antiparasitic,primary_methods,1,pending_manual_review,retrieved
13258314,[Santonin from domestic Artemisia maritima].,terpene_essential_oil;sesquiterpene_lactone;antiparasitic,,0,pending_manual_review,no_abstract
13613955,[Biology of the santonin plants. II. Photoperiodic studies and observations on Artemisia maritima].,terpene_essential_oil;sesquiterpene_lactone;antiparasitic,,0,pending_manual_review,no_abstract
13755611,The colorimetric determination of santonin in Artemisia.,terpene_essential_oil;sesquiterpene_lactone;antiparasitic,,0,pending_manual_review,no_abstract
14345298,[POLAROGRAPHIC DETERMINATION OF SANTONIN IN ARTEMISIA CINA].,terpene_essential_oil;sesquiterpene_lactone;antiparasitic,,0,pending_manual_review,no_abstract
14355397,[Effectiveness of the treatment of ascariasis with santonin prepared from Artemisia transiliensis].,terpene_essential_oil;sesquiterpene_lactone;antiparasitic,,0,pending_manual_review,no_abstract
14460771,[Studies on the chemical and botanical properties of Artemisia kurramensis Qazilbash cultivated in Japan. II. Components of santonin].,terpene_essential_oil;sesquiterpene_lactone;antiparasitic,,0,pending_manual_review,no_abstract
14460774,[Studies on the chemical and botanical properties of Artemisia kurramensis Qazilbash cultivated in Japan. I. Improvement of gravimetric analysis of santonin in crude drugs and santonin content of Artemisia kurramensis].,terpene_essential_oil;sesquiterpene_lactone;antiparasitic,,0,pending_manual_review,no_abstract
16701762,Artemisinin in traditional tea preparations of Artemisia annua.,terpene_essential_oil;sesquiterpene_lactone;antiparasitic,,0,pending_manual_review,no_abstract
16850722,[Determination of artemisinin in Artemisia annuna by HPLC-ELSD].,terpene_essential_oil;sesquiterpene_lactone;antiparasitic,,0,pending_manual_review,retrieved
17238070,Developmental studies of Artemisia annua: flowering and artemisinin production under greenhouse and field conditions.,sesquiterpene_lactone,,0,pending_manual_review,retrieved
17238088,"Relationship of artemisinin content of tissue-cultured, greenhouse-grown, and field-grown plants of Artemisia annua.",sesquiterpene_lactone,,0,pending_manual_review,retrieved
17265330,Evalutation of Artemisia annua strains for higher artemisinin production.,sesquiterpene_lactone,,0,pending_manual_review,no_abstract
17269021,Effect of Sterol Inhibitors on the Incorporation of 14C-Isopentenyl Pyrophosphate into Artemisinin by a Cell-Free System from Artemisia annua Tissue Cultures and Plants.,sesquiterpene_lactone;diterpene_triterpene,,0,pending_manual_review,retrieved
17295513,"Nutrient deficiency in the production of artemisinin, dihydroartemisinic acid, and artemisinic acid in Artemisia annua L.",terpene_essential_oil;sesquiterpene_lactone;biosynthesis_genes;antiparasitic,,0,pending_manual_review,retrieved
17426924,Improvement of artemisinin production by chitosan in hairy root cultures of Artemisia annua L.,terpene_essential_oil;sesquiterpene_lactone;biosynthesis_genes;antiparasitic,,0,pending_manual_review,retrieved
18050742,"[Determination of artemisinin, arteannuin B and artemisinic acid in Herba Artemisiae Annuae by HPLC-UV-ELSD].",terpene_essential_oil;sesquiterpene_lactone;antiparasitic,,0,pending_manual_review,retrieved
18300498,[Determination of artemisinin in Artemisia annua by the ultraviolet spectrophotometric].,terpene_essential_oil;sesquiterpene_lactone;antiparasitic,,0,pending_manual_review,retrieved
18353342,Affordable and sensitive determination of artemisinin in Artemisia annua L. by gas chromatography with electron-capture detection.,terpene_essential_oil;sesquiterpene_lactone;antiparasitic,,0,pending_manual_review,retrieved
20030071,"[Effects of application of N, P and K and plant density on growth of Artemisia annua and yield of artemisinin].",terpene_essential_oil;sesquiterpene_lactone;biosynthesis_genes;antiparasitic,,0,pending_manual_review,retrieved
20030073,"[Correlation analysis on main agronomic characters, yield per plant, artemisinin percentage contents and total artemisinin content per plant of Artemisia annua].",terpene_essential_oil;sesquiterpene_lactone;biosynthesis_genes;antiparasitic,,0,pending_manual_review,retrieved
20301056,"Enhancement of artemisinin content through four cycles of recurrent selection with relation to heritability, correlation and molecular marker in Artemisia annua L.",terpene_essential_oil;sesquiterpene_lactone;antiparasitic,,0,pending_manual_review,retrieved
20334124,Effect of miconazole and terbinafine on artemisinin content of shooty teratoma of Artemisia annua.,sesquiterpene_lactone;diterpene_triterpene;biosynthesis_genes,,0,pending_manual_review,retrieved
20422987,[Effects of zinc manganese and boron on artemisinin and yields of Artemisia annua].,terpene_essential_oil;sesquiterpene_lactone;biosynthesis_genes;antiparasitic,,0,pending_manual_review,retrieved
20470438,Mapping the potential distribution of high artemisinin-yielding Artemisia annua L. (Qinghao) in China with a geographic information system.,sesquiterpene_lactone,,0,pending_manual_review,retrieved
20845772,[Correlation and path analysis of artemisininum content and related factor on Artemisiae annie in Three Gorges reservoir area].,terpene_essential_oil;sesquiterpene_lactone;antiparasitic,,0,pending_manual_review,retrieved
21047440,Survey of artemisinin production by diverse Artemisia species in northern Pakistan.,terpene_essential_oil;sesquiterpene_lactone;antiparasitic,,0,pending_manual_review,retrieved
21322935,[Correlation and path analysis on artemisinin content and yield with different agronomic traits of Artemisia annua].,terpene_essential_oil;sesquiterpene_lactone;antiparasitic,,0,pending_manual_review,retrieved
21544776,The content of artemisinin in the Artemisia annua tea infusion.,terpene_essential_oil;sesquiterpene_lactone;antiparasitic,,0,pending_manual_review,retrieved
21570794,"Validation, transfer and measurement uncertainty estimation of an HPLC-UV method for the quantification of artemisinin in hydro alcoholic extracts of Artemisia annua L.",terpene_essential_oil;sesquiterpene_lactone;antiparasitic,,0,pending_manual_review,retrieved
21751502,[Climate suitable rank distribution of artemisinin content of Artemisia annua in China].,terpene_essential_oil;sesquiterpene_lactone;antiparasitic,,0,pending_manual_review,retrieved
22833781,"Effect of external stress on density and size of glandular trichomes in full-grown Artemisia annua, the source of anti-malarial artemisinin.",sesquiterpene_lactone;antiparasitic,,0,pending_manual_review,retrieved
23513695,"Effect of cadmium on photosynthetic pigments, lipid peroxidation, antioxidants, and artemisinin in hydroponically grown Artemisia annua.",terpene_essential_oil;sesquiterpene_lactone;biosynthesis_genes;antiparasitic;safety,,0,pending_manual_review,retrieved
24575216,Effects of Environmental Factors on Growth and Artemisinin Content of Artemisia annua L.,sesquiterpene_lactone,,0,pending_manual_review,retrieved
24906772,Effect of irradiated sodium alginate and phosphorus on biomass and artemisinin production in Artemisia annua.,terpene_essential_oil;sesquiterpene_lactone;biosynthesis_genes;antiparasitic,,0,pending_manual_review,retrieved
25605993,"Anti-inflammatory, Antioxidant and Antimicrobial Effects of Artemisinin Extracts from Artemisia annua L.",sesquiterpene_lactone,,0,pending_manual_review,retrieved
26206459,Use of Model-Based Nutrient Feeding for Improved Production of Artemisinin by Hairy Roots of Artemisia Annua in a Modified Stirred Tank Bioreactor.,terpene_essential_oil;sesquiterpene_lactone;biosynthesis_genes;antiparasitic,,0,pending_manual_review,retrieved
27721819,"Si-Accumulation In Artemisia annua Glandular Trichomes Increases Artemisinin Concentration, but Does Not Interfere In the Impairment of Toxoplasma gondii Growth.",sesquiterpene_lactone,,0,pending_manual_review,retrieved
27773251,Extraction mechanism of ultrasound assisted extraction and its effect on higher yielding and purity of artemisinin crystals from Artemisia annua L. leaves.,terpene_essential_oil;sesquiterpene_lactone;antiparasitic,,0,pending_manual_review,retrieved
28350868,Correction: Quantification of santonin in eight species of Artemisia from Kazakhstan by means of HPLC-UV: Method development and validation.,sesquiterpene_lactone,,0,pending_manual_review,retrieved
28644710,"Study of artemisinin and sugar accumulation in Artemisia vulgaris and Artemisia dracunculus ""hairy"" root cultures.",terpene_essential_oil;sesquiterpene_lactone;biosynthesis_genes;antiparasitic,,0,pending_manual_review,retrieved
29007534,Indian Santonin: Extracted from the Indian Species of Artemisia Maritima.,sesquiterpene_lactone,,0,pending_manual_review,no_abstract
29318819,[Analysis of spatial distribution of artemisinin in Artemisia annua in China].,terpene_essential_oil;sesquiterpene_lactone;antiparasitic,,0,pending_manual_review,retrieved
29706981,Increase in Artemisia annua Plant Biomass Artemisinin Content and Guaiacol Peroxidase Activity Using the Arbuscular Mycorrhizal Fungus Rhizophagus irregularis.,sesquiterpene_lactone,,0,pending_manual_review,retrieved
33042197,"Editorial: Artemisinin-From Traditional Chinese Medicine to Artemisinin Combination Therapies; Four Decades of Research on the Biochemistry, Physiology, and Breeding of Artemisia annua.",sesquiterpene_lactone,,0,pending_manual_review,no_abstract
33484255,Homogenate Extraction of Dihydroartemisinin from Artemisia Hedinii and Its Antifungal Activity.,terpene_essential_oil;sesquiterpene_lactone;antiparasitic,,0,pending_manual_review,retrieved
33861424,"Effects of allelochemical artemisinin in Artemisia annua on Microcystis aeruginosa: growth, death mode, and microcystin-LR changes.",terpene_essential_oil;sesquiterpene_lactone;antiparasitic,,0,pending_manual_review,retrieved
34023721,Determination of artemisinin and its analogs in Artemisia annua extracts by capillary electrophoresis - Mass spectrometry.,terpene_essential_oil;sesquiterpene_lactone;antiparasitic,,0,pending_manual_review,retrieved
35454988,Impact of Phosphatic Nutrition on Growth Parameters and Artemisinin Production in Artemisia annua Plants Inoculated or Not with Funneliformis mosseae.,sesquiterpene_lactone,,0,pending_manual_review,retrieved
3760887,Production of artemisinin in tissue cultures of Artemisia annua.,terpene_essential_oil;sesquiterpene_lactone;biosynthesis_genes;antiparasitic,,0,pending_manual_review,no_abstract
38844757,Author Correction: Bioprospecting of Artemisia genus: from artemisinin to other potentially bioactive compounds.,sesquiterpene_lactone,,0,pending_manual_review,no_abstract
41427242,Recovery and Economic Aspects of Extraction Methods for Artemisinin and its Precursors from Artemisia annua L. Leaves.,sesquiterpene_lactone,,0,pending_manual_review,retrieved
7257792,[TLC separation and densitometry of alpha-and beta-santonin in Artemisia (author's transl)].,terpene_essential_oil;sesquiterpene_lactone;antiparasitic,,0,pending_manual_review,no_abstract
8496704,A rapid screening method for artemisinin and its congeners using ms/ms: search for new analogues in Artemisia annua.,terpene_essential_oil;sesquiterpene_lactone;antiparasitic,,0,pending_manual_review,retrieved
